Key;English;;;;;;;;;;;;;
return_core_on_title;'타국 영유권 보유 지역 반환' 결정 표시;;;;;;;;;;;;;
return_core_on_desc;'타국 영유권 보유 지역 반환' 결정은 종속국 또는 영향권에 속한 국가들에게 그들의 영유권 보유 지역을 반환합니다. 결정 목록을 흐트러뜨리는 것을 원하지 않는다면 숨길 수 있습니다.;;;;;;;;;;;;;
return_core_off_title;'타국 영유권 보유 지역 반환' 결정 숨기기';;;;;;;;;;;;;
return_core_off_desc;'타국 영유권 보유 지역 반환'을 결정 목록에서 숨깁니다!;;;;;;;;;;;;;
return_core_disabled_title;'타국 영유권 보유 지역 반환' 결정 제거;;;;;;;;;;;;;
return_core_disabled_desc;'타국 영유권 보유 지역 반환' 결정이 이번 게임에서 다시는 나타나지 않습니다.;;;;;;;;;;;;;
return_cores_MNP_title;마니푸르 영유권 보유 지역 반환;;;;;;;;;;;;;
return_cores_MNP_desc;우리나라가 소유한 마니푸르의 영유권 보유 지역을 선의로서 반환한다면 이들과의 관계가 진전할 것입니다.;;;;;;;;;;;;;
return_cores_BDK_title;바다흐샨 영유권 보유 지역 반환;;;;;;;;;;;;;
return_cores_BDK_desc;우리나라가 소유한 바다흐샨의 영유권 보유 지역을 선의로서 반환한다면 이들과의 관계가 진전할 것입니다.;;;;;;;;;;;;;
return_cores_PGG_title;평남 영유권 보유 지역 반환;;;;;;;;;;;;;
return_cores_PGG_desc;우리나라가 소유한 평남의 영유권 보유 지역을 선의로서 반환한다면 이들과의 관계가 진전할 것입니다.;;;;;;;;;;;;;
return_cores_SGM_title;지그마링겐 영유권 보유 지역 반환;;;;;;;;;;;;;
return_cores_SGM_desc;우리나라가 소유한 지그마링겐의 영유권 보유 지역을 선의로서 반환한다면 이들과의 관계가 진전할 것입니다.;;;;;;;;;;;;;
return_cores_NMB_title;나미비아 영유권 보유 지역 반환;;;;;;;;;;;;;
return_cores_NMB_desc;우리나라가 소유한 나미비아의 영유권 보유 지역을 선의로서 반환한다면 이들과의 관계가 진전할 것입니다.;;;;;;;;;;;;;
return_cores_TMR_title;티모르 영유권 보유 지역 반환;;;;;;;;;;;;;
return_cores_TMR_desc;우리나라가 소유한 티모르의 영유권 보유 지역을 선의로서 반환한다면 이들과의 관계가 진전할 것입니다.;;;;;;;;;;;;;
return_cores_SLG_title;슬랑오르 영유권 보유 지역 반환;;;;;;;;;;;;;
return_cores_SLG_desc;우리나라가 소유한 슬랑오르의 영유권 보유 지역을 선의로서 반환한다면 이들과의 관계가 진전할 것입니다.;;;;;;;;;;;;;
return_cores_PRK_title;페락 영유권 보유 지역 반환;;;;;;;;;;;;;
return_cores_PRK_desc;우리나라가 소유한 페락의 영유권 보유 지역을 선의로서 반환한다면 이들과의 관계가 진전할 것입니다.;;;;;;;;;;;;;
return_cores_PHG_title;파항 영유권 보유 지역 반환;;;;;;;;;;;;;
return_cores_PHG_desc;우리나라가 소유한 파항의 영유권 보유 지역을 선의로서 반환한다면 이들과의 관계가 진전할 것입니다.;;;;;;;;;;;;;
return_cores_FRO_title;페로 영유권 보유 지역 반환;;;;;;;;;;;;;
return_cores_FRO_desc;우리나라가 소유한 페로의 영유권 보유 지역을 선의로서 반환한다면 이들과의 관계가 진전할 것입니다.;;;;;;;;;;;;;
return_cores_NCT_title;뇌샤텔 영유권 보유 지역 반환;;;;;;;;;;;;;
return_cores_NCT_desc;우리나라가 소유한 뇌샤텔의 영유권 보유 지역을 선의로서 반환한다면 이들과의 관계가 진전할 것입니다.;;;;;;;;;;;;;
return_cores_HBY_title;호뵤 영유권 보유 지역 반환;;;;;;;;;;;;;
return_cores_HBY_desc;우리나라가 소유한 호뵤의 영유권 보유 지역을 선의로서 반환한다면 이들과의 관계가 진전할 것입니다.;;;;;;;;;;;;;
return_cores_QAT_title;카타르 영유권 보유 지역 반환;;;;;;;;;;;;;
return_cores_QAT_desc;우리나라가 소유한 카타르의 영유권 보유 지역을 선의로서 반환한다면 이들과의 관계가 진전할 것입니다.;;;;;;;;;;;;;
return_cores_BRY_title;부랴트 영유권 보유 지역 반환;;;;;;;;;;;;;
return_cores_BRY_desc;우리나라가 소유한 부랴트의 영유권 보유 지역을 선의로서 반환한다면 이들과의 관계가 진전할 것입니다.;;;;;;;;;;;;;
return_cores_MLD_title;몰디브 영유권 보유 지역 반환;;;;;;;;;;;;;
return_cores_MLD_desc;우리나라가 소유한 몰디브의 영유권 보유 지역을 선의로서 반환한다면 이들과의 관계가 진전할 것입니다.;;;;;;;;;;;;;
return_cores_KAR_title;카렌 영유권 보유 지역 반환;;;;;;;;;;;;;
return_cores_KAR_desc;우리나라가 소유한 카렌의 영유권 보유 지역을 선의로서 반환한다면 이들과의 관계가 진전할 것입니다.;;;;;;;;;;;;;
return_cores_PAK_title;파키스탄 영유권 보유 지역 반환;;;;;;;;;;;;;
return_cores_PAK_desc;우리나라가 소유한 파키스탄의 영유권 보유 지역을 선의로서 반환한다면 이들과의 관계가 진전할 것입니다.;;;;;;;;;;;;;
return_cores_CRL_title;치트랄 영유권 보유 지역 반환;;;;;;;;;;;;;
return_cores_CRL_desc;우리나라가 소유한 치트랄의 영유권 보유 지역을 선의로서 반환한다면 이들과의 관계가 진전할 것입니다.;;;;;;;;;;;;;
return_cores_RDL_title;아르달란 영유권 보유 지역 반환;;;;;;;;;;;;;
return_cores_RDL_desc;우리나라가 소유한 아르달란의 영유권 보유 지역을 선의로서 반환한다면 이들과의 관계가 진전할 것입니다.;;;;;;;;;;;;;
return_cores_BTL_title;비틀리스 영유권 보유 지역 반환;;;;;;;;;;;;;
return_cores_BTL_desc;우리나라가 소유한 비틀리스의 영유권 보유 지역을 선의로서 반환한다면 이들과의 관계가 진전할 것입니다.;;;;;;;;;;;;;
return_cores_BDN_title;바디난 영유권 보유 지역 반환;;;;;;;;;;;;;
return_cores_BDN_desc;우리나라가 소유한 바디난의 영유권 보유 지역을 선의로서 반환한다면 이들과의 관계가 진전할 것입니다.;;;;;;;;;;;;;
return_cores_BNB_title;바반 영유권 보유 지역 반환;;;;;;;;;;;;;
return_cores_BNB_desc;우리나라가 소유한 바반의 영유권 보유 지역을 선의로서 반환한다면 이들과의 관계가 진전할 것입니다.;;;;;;;;;;;;;
return_cores_MKN_title;무크리얀 영유권 보유 지역 반환;;;;;;;;;;;;;
return_cores_MKN_desc;우리나라가 소유한 무크리얀의 영유권 보유 지역을 선의로서 반환한다면 이들과의 관계가 진전할 것입니다.;;;;;;;;;;;;;
return_cores_BHT_title;보탄 영유권 보유 지역 반환;;;;;;;;;;;;;
return_cores_BHT_desc;우리나라가 소유한 보탄의 영유권 보유 지역을 선의로서 반환한다면 이들과의 관계가 진전할 것입니다.;;;;;;;;;;;;;
return_cores_SRN_title;소란 영유권 보유 지역 반환;;;;;;;;;;;;;
return_cores_SRN_desc;우리나라가 소유한 소란의 영유권 보유 지역을 선의로서 반환한다면 이들과의 관계가 진전할 것입니다.;;;;;;;;;;;;;
return_cores_LBG_title;림뷔르흐 영유권 보유 지역 반환;;;;;;;;;;;;;
return_cores_LBG_desc;우리나라가 소유한 림뷔르흐의 영유권 보유 지역을 선의로서 반환한다면 이들과의 관계가 진전할 것입니다.;;;;;;;;;;;;;
return_cores_PNB_title;페르남부쿠 영유권 보유 지역 반환;;;;;;;;;;;;;
return_cores_PNB_desc;우리나라가 소유한 페르남부쿠의 영유권 보유 지역을 선의로서 반환한다면 이들과의 관계가 진전할 것입니다.;;;;;;;;;;;;;
return_cores_FIU_title;피우메 영유권 보유 지역 반환;;;;;;;;;;;;;
return_cores_FIU_desc;우리나라가 소유한 피우메의 영유권 보유 지역을 선의로서 반환한다면 이들과의 관계가 진전할 것입니다.;;;;;;;;;;;;;
return_cores_SYC_title;시칠리아 영유권 보유 지역 반환;;;;;;;;;;;;;
return_cores_SYC_desc;우리나라가 소유한 시칠리아의 영유권 보유 지역을 선의로서 반환한다면 이들과의 관계가 진전할 것입니다.;;;;;;;;;;;;;
return_cores_MDV_title;몰도바 영유권 보유 지역 반환;;;;;;;;;;;;;
return_cores_MDV_desc;우리나라가 소유한 몰도바의 영유권 보유 지역을 선의로서 반환한다면 이들과의 관계가 진전할 것입니다.;;;;;;;;;;;;;
return_cores_ABK_title;압하지야 영유권 보유 지역 반환;;;;;;;;;;;;;
return_cores_ABK_desc;우리나라가 소유한 압하지야의 영유권 보유 지역을 선의로서 반환한다면 이들과의 관계가 진전할 것입니다.;;;;;;;;;;;;;
return_cores_CRT_title;코리엔테스 영유권 보유 지역 반환;;;;;;;;;;;;;
return_cores_CRT_desc;우리나라가 소유한 코리엔테스의 영유권 보유 지역을 선의로서 반환한다면 이들과의 관계가 진전할 것입니다.;;;;;;;;;;;;;
return_cores_SBA_title;부에노스아이레스 영유권 보유 지역 반환;;;;;;;;;;;;;
return_cores_SBA_desc;우리나라가 소유한 부에노스아이레스의 영유권 보유 지역을 선의로서 반환한다면 이들과의 관계가 진전할 것입니다.;;;;;;;;;;;;;
return_cores_ARC_title;아르헨티나 영유권 보유 지역 반환;;;;;;;;;;;;;
return_cores_ARC_desc;우리나라가 소유한 아르헨티나의 영유권 보유 지역을 선의로서 반환한다면 이들과의 관계가 진전할 것입니다.;;;;;;;;;;;;;
return_cores_LHJ_title;라헤지 영유권 보유 지역 반환;;;;;;;;;;;;;
return_cores_LHJ_desc;우리나라가 소유한 라헤지의 영유권 보유 지역을 선의로서 반환한다면 이들과의 관계가 진전할 것입니다.;;;;;;;;;;;;;
return_cores_FDL_title;파들리 영유권 보유 지역 반환;;;;;;;;;;;;;
return_cores_FDL_desc;우리나라가 소유한 파들리의 영유권 보유 지역을 선의로서 반환한다면 이들과의 관계가 진전할 것입니다.;;;;;;;;;;;;;
return_cores_KTH_title;카티리 영유권 보유 지역 반환;;;;;;;;;;;;;
return_cores_KTH_desc;우리나라가 소유한 카티리의 영유권 보유 지역을 선의로서 반환한다면 이들과의 관계가 진전할 것입니다.;;;;;;;;;;;;;
return_cores_MHR_title;마라 영유권 보유 지역 반환;;;;;;;;;;;;;
return_cores_MHR_desc;우리나라가 소유한 마라의 영유권 보유 지역을 선의로서 반환한다면 이들과의 관계가 진전할 것입니다.;;;;;;;;;;;;;
return_cores_KML_title;쿠물 영유권 보유 지역 반환;;;;;;;;;;;;;
return_cores_KML_desc;우리나라가 소유한 쿠물의 영유권 보유 지역을 선의로서 반환한다면 이들과의 관계가 진전할 것입니다.;;;;;;;;;;;;;
return_cores_SHK_title;실루크 영유권 보유 지역 반환;;;;;;;;;;;;;
return_cores_SHK_desc;우리나라가 소유한 실루크의 영유권 보유 지역을 선의로서 반환한다면 이들과의 관계가 진전할 것입니다.;;;;;;;;;;;;;
return_cores_WRL_title;와르상갈리 영유권 보유 지역 반환;;;;;;;;;;;;;
return_cores_WRL_desc;우리나라가 소유한 와르상갈리의 영유권 보유 지역을 선의로서 반환한다면 이들과의 관계가 진전할 것입니다.;;;;;;;;;;;;;
return_cores_BHP_title;바하왈푸르 영유권 보유 지역 반환;;;;;;;;;;;;;
return_cores_BHP_desc;우리나라가 소유한 바하왈푸르의 영유권 보유 지역을 선의로서 반환한다면 이들과의 관계가 진전할 것입니다.;;;;;;;;;;;;;
return_cores_EZO_title;에조 영유권 보유 지역 반환;;;;;;;;;;;;;
return_cores_EZO_desc;우리나라가 소유한 에조의 영유권 보유 지역을 선의로서 반환한다면 이들과의 관계가 진전할 것입니다.;;;;;;;;;;;;;
return_cores_CHY_title;체첸 영유권 보유 지역 반환;;;;;;;;;;;;;
return_cores_CHY_desc;우리나라가 소유한 체첸의 영유권 보유 지역을 선의로서 반환한다면 이들과의 관계가 진전할 것입니다.;;;;;;;;;;;;;
return_cores_CHK_title;참파사크 영유권 보유 지역 반환;;;;;;;;;;;;;
return_cores_CHK_desc;우리나라가 소유한 참파사크의 영유권 보유 지역을 선의로서 반환한다면 이들과의 관계가 진전할 것입니다.;;;;;;;;;;;;;
return_cores_QNG_title;청 영유권 보유 지역 반환;;;;;;;;;;;;;
return_cores_QNG_desc;우리나라가 소유한 청의 영유권 보유 지역을 선의로서 반환한다면 이들과의 관계가 진전할 것입니다.;;;;;;;;;;;;;
return_cores_MGH_title;마그레브 영유권 보유 지역 반환;;;;;;;;;;;;;
return_cores_MGH_desc;우리나라가 소유한 마그레브의 영유권 보유 지역을 선의로서 반환한다면 이들과의 관계가 진전할 것입니다.;;;;;;;;;;;;;
return_cores_BAH_title;바이아 영유권 보유 지역 반환;;;;;;;;;;;;;
return_cores_BAH_desc;우리나라가 소유한 바이아의 영유권 보유 지역을 선의로서 반환한다면 이들과의 관계가 진전할 것입니다.;;;;;;;;;;;;;
return_cores_CHP_title;치아파스 영유권 보유 지역 반환;;;;;;;;;;;;;
return_cores_CHP_desc;우리나라가 소유한 치아파스의 영유권 보유 지역을 선의로서 반환한다면 이들과의 관계가 진전할 것입니다.;;;;;;;;;;;;;
return_cores_CEQ_title;이쿠아도르 영유권 보유 지역 반환;;;;;;;;;;;;;
return_cores_CEQ_desc;우리나라가 소유한 이쿠아도르의 영유권 보유 지역을 선의로서 반환한다면 이들과의 관계가 진전할 것입니다.;;;;;;;;;;;;;
return_cores_ENT_title;엔트레리오스 영유권 보유 지역 반환;;;;;;;;;;;;;
return_cores_ENT_desc;우리나라가 소유한 엔트레리오스의 영유권 보유 지역을 선의로서 반환한다면 이들과의 관계가 진전할 것입니다.;;;;;;;;;;;;;
return_cores_GCO_title;그란콜롬비아 영유권 보유 지역 반환;;;;;;;;;;;;;
return_cores_GCO_desc;우리나라가 소유한 그란콜롬비아의 영유권 보유 지역을 선의로서 반환한다면 이들과의 관계가 진전할 것입니다.;;;;;;;;;;;;;
return_cores_GUY_title;가이아나 영유권 보유 지역 반환;;;;;;;;;;;;;
return_cores_GUY_desc;우리나라가 소유한 가이아나의 영유권 보유 지역을 선의로서 반환한다면 이들과의 관계가 진전할 것입니다.;;;;;;;;;;;;;
return_cores_LOS_title;로스알토스 영유권 보유 지역 반환;;;;;;;;;;;;;
return_cores_LOS_desc;우리나라가 소유한 로스알토스의 영유권 보유 지역을 선의로서 반환한다면 이들과의 관계가 진전할 것입니다.;;;;;;;;;;;;;
return_cores_LPL_title;리오데라플라타 영유권 보유 지역 반환;;;;;;;;;;;;;
return_cores_LPL_desc;우리나라가 소유한 리오데라플라타의 영유권 보유 지역을 선의로서 반환한다면 이들과의 관계가 진전할 것입니다.;;;;;;;;;;;;;
return_cores_OAX_title;오악사카 영유권 보유 지역 반환;;;;;;;;;;;;;
return_cores_OAX_desc;우리나라가 소유한 오악사카의 영유권 보유 지역을 선의로서 반환한다면 이들과의 관계가 진전할 것입니다.;;;;;;;;;;;;;
return_cores_PBC_title;페루-볼리비아 영유권 보유 지역 반환;;;;;;;;;;;;;
return_cores_PBC_desc;우리나라가 소유한 페루-볼리비아의 영유권 보유 지역을 선의로서 반환한다면 이들과의 관계가 진전할 것입니다.;;;;;;;;;;;;;
return_cores_PTG_title;파타고니아 영유권 보유 지역 반환;;;;;;;;;;;;;
return_cores_PTG_desc;우리나라가 소유한 파타고니아의 영유권 보유 지역을 선의로서 반환한다면 이들과의 관계가 진전할 것입니다.;;;;;;;;;;;;;
return_cores_RGR_title;리오그란데 영유권 보유 지역 반환;;;;;;;;;;;;;
return_cores_RGR_desc;우리나라가 소유한 리오그란데의 영유권 보유 지역을 선의로서 반환한다면 이들과의 관계가 진전할 것입니다.;;;;;;;;;;;;;
return_cores_RGS_title;히우그란지두술 영유권 보유 지역 반환;;;;;;;;;;;;;
return_cores_RGS_desc;우리나라가 소유한 히우그란지두술의 영유권 보유 지역을 선의로서 반환한다면 이들과의 관계가 진전할 것입니다.;;;;;;;;;;;;;
return_cores_SON_title;소노라 영유권 보유 지역 반환;;;;;;;;;;;;;
return_cores_SON_desc;우리나라가 소유한 소노라의 영유권 보유 지역을 선의로서 반환한다면 이들과의 관계가 진전할 것입니다.;;;;;;;;;;;;;
return_cores_SPU_title;남페루 영유권 보유 지역 반환;;;;;;;;;;;;;
return_cores_SPU_desc;우리나라가 소유한 남페루의 영유권 보유 지역을 선의로서 반환한다면 이들과의 관계가 진전할 것입니다.;;;;;;;;;;;;;
return_cores_YUC_title;유카탄 영유권 보유 지역 반환;;;;;;;;;;;;;
return_cores_YUC_desc;우리나라가 소유한 유카탄의 영유권 보유 지역을 선의로서 반환한다면 이들과의 관계가 진전할 것입니다.;;;;;;;;;;;;;
return_cores_BLZ_title;벨리즈 영유권 보유 지역 반환;;;;;;;;;;;;;
return_cores_BLZ_desc;우리나라가 소유한 벨리즈의 영유권 보유 지역을 선의로서 반환한다면 이들과의 관계가 진전할 것입니다.;;;;;;;;;;;;;
return_cores_DAK_title;다코타 영유권 보유 지역 반환;;;;;;;;;;;;;
return_cores_DAK_desc;우리나라가 소유한 다코타의 영유권 보유 지역을 선의로서 반환한다면 이들과의 관계가 진전할 것입니다.;;;;;;;;;;;;;
return_cores_FSA_title;미자유국 영유권 보유 지역 반환;;;;;;;;;;;;;
return_cores_FSA_desc;우리나라가 소유한 미자유국의 영유권 보유 지역을 선의로서 반환한다면 이들과의 관계가 진전할 것입니다.;;;;;;;;;;;;;
return_cores_GRN_title;그린란드 영유권 보유 지역 반환;;;;;;;;;;;;;
return_cores_GRN_desc;우리나라가 소유한 그린란드의 영유권 보유 지역을 선의로서 반환한다면 이들과의 관계가 진전할 것입니다.;;;;;;;;;;;;;
return_cores_JAM_title;자메이카 영유권 보유 지역 반환;;;;;;;;;;;;;
return_cores_JAM_desc;우리나라가 소유한 자메이카의 영유권 보유 지역을 선의로서 반환한다면 이들과의 관계가 진전할 것입니다.;;;;;;;;;;;;;
return_cores_LSK_title;알래스카 영유권 보유 지역 반환;;;;;;;;;;;;;
return_cores_LSK_desc;우리나라가 소유한 알래스카의 영유권 보유 지역을 선의로서 반환한다면 이들과의 관계가 진전할 것입니다.;;;;;;;;;;;;;
return_cores_MRU_title;마리팀 영유권 보유 지역 반환;;;;;;;;;;;;;
return_cores_MRU_desc;우리나라가 소유한 마리팀의 영유권 보유 지역을 선의로서 반환한다면 이들과의 관계가 진전할 것입니다.;;;;;;;;;;;;;
return_cores_PRI_title;푸에르토리코 영유권 보유 지역 반환;;;;;;;;;;;;;
return_cores_PRI_desc;우리나라가 소유한 푸에르토리코의 영유권 보유 지역을 선의로서 반환한다면 이들과의 관계가 진전할 것입니다.;;;;;;;;;;;;;
return_cores_RPL_title;루퍼츠랜드 영유권 보유 지역 반환;;;;;;;;;;;;;
return_cores_RPL_desc;우리나라가 소유한 루퍼츠랜드의 영유권 보유 지역을 선의로서 반환한다면 이들과의 관계가 진전할 것입니다.;;;;;;;;;;;;;
return_cores_TRS_title;타라스코 영유권 보유 지역 반환;;;;;;;;;;;;;
return_cores_TRS_desc;우리나라가 소유한 타라스코의 영유권 보유 지역을 선의로서 반환한다면 이들과의 관계가 진전할 것입니다.;;;;;;;;;;;;;
return_cores_TTB_title;트리니다드 영유권 보유 지역 반환;;;;;;;;;;;;;
return_cores_TTB_desc;우리나라가 소유한 트리니다드 영유권 보유 지역을 선의로서 반환한다면 이들과의 관계가 진전할 것입니다.;;;;;;;;;;;;;
return_cores_UIL_title;일리노이 영유권 보유 지역 반환;;;;;;;;;;;;;
return_cores_UIL_desc;우리나라가 소유한 일리노이의 영유권 보유 지역을 선의로서 반환한다면 이들과의 관계가 진전할 것입니다.;;;;;;;;;;;;;
return_cores_UNB_title;네브래스카 영유권 보유 지역 반환;;;;;;;;;;;;;
return_cores_UNB_desc;우리나라가 소유한 네브래스카의 영유권 보유 지역을 선의로서 반환한다면 이들과의 관계가 진전할 것입니다.;;;;;;;;;;;;;
return_cores_UNM_title;뉴멕시코 영유권 보유 지역 반환;;;;;;;;;;;;;
return_cores_UNM_desc;우리나라가 소유한 뉴멕시코의 영유권 보유 지역을 선의로서 반환한다면 이들과의 관계가 진전할 것입니다.;;;;;;;;;;;;;
return_cores_UOR_title;오리건 영유권 보유 지역 반환;;;;;;;;;;;;;
return_cores_UOR_desc;우리나라가 소유한 오리건의 영유권 보유 지역을 선의로서 반환한다면 이들과의 관계가 진전할 것입니다.;;;;;;;;;;;;;
return_cores_ALS_title;엘자스 영유권 보유 지역 반환;;;;;;;;;;;;;
return_cores_ALS_desc;우리나라가 소유한 엘자스의 영유권 보유 지역을 선의로서 반환한다면 이들과의 관계가 진전할 것입니다.;;;;;;;;;;;;;
return_cores_ATR_title;아스투리아스 영유권 보유 지역 반환;;;;;;;;;;;;;
return_cores_ATR_desc;우리나라가 소유한 아스투리아스의 영유권 보유 지역을 선의로서 반환한다면 이들과의 관계가 진전할 것입니다.;;;;;;;;;;;;;
return_cores_BAN_title;바나트 영유권 보유 지역 반환;;;;;;;;;;;;;
return_cores_BAN_desc;우리나라가 소유한 바나트의 영유권 보유 지역을 선의로서 반환한다면 이들과의 관계가 진전할 것입니다.;;;;;;;;;;;;;
return_cores_BKV_title;부코비나 영유권 보유 지역 반환;;;;;;;;;;;;;
return_cores_BKV_desc;우리나라가 소유한 부코비나의 영유권 보유 지역을 선의로서 반환한다면 이들과의 관계가 진전할 것입니다.;;;;;;;;;;;;;
return_cores_BRT_title;브르타뉴 영유권 보유 지역 반환;;;;;;;;;;;;;
return_cores_BRT_desc;우리나라가 소유한 브르타뉴의 영유권 보유 지역을 선의로서 반환한다면 이들과의 관계가 진전할 것입니다.;;;;;;;;;;;;;
return_cores_BSQ_title;바스크 영유권 보유 지역 반환;;;;;;;;;;;;;
return_cores_BSQ_desc;우리나라가 소유한 바스크의 영유권 보유 지역을 선의로서 반환한다면 이들과의 관계가 진전할 것입니다.;;;;;;;;;;;;;
return_cores_CRS_title;코르시카 영유권 보유 지역 반환;;;;;;;;;;;;;
return_cores_CRS_desc;우리나라가 소유한 코르시카의 영유권 보유 지역을 선의로서 반환한다면 이들과의 관계가 진전할 것입니다.;;;;;;;;;;;;;
return_cores_DLM_title;달마티아 영유권 보유 지역 반환;;;;;;;;;;;;;
return_cores_DLM_desc;우리나라가 소유한 달마티아의 영유권 보유 지역을 선의로서 반환한다면 이들과의 관계가 진전할 것입니다.;;;;;;;;;;;;;
return_cores_ENL_title;잉글랜드 영유권 보유 지역 반환;;;;;;;;;;;;;
return_cores_ENL_desc;우리나라가 소유한 잉글랜드의 영유권 보유 지역을 선의로서 반환한다면 이들과의 관계가 진전할 것입니다.;;;;;;;;;;;;;
return_cores_GLC_title;갈리시아 영유권 보유 지역 반환;;;;;;;;;;;;;
return_cores_GLC_desc;우리나라가 소유한 갈리시아의 영유권 보유 지역을 선의로서 반환한다면 이들과의 관계가 진전할 것입니다.;;;;;;;;;;;;;
return_cores_GLM_title;갈리치아-로도메리아 영유권 보유 지역 반환;;;;;;;;;;;;;
return_cores_GLM_desc;우리나라가 소유한 갈리치아-로도메리아의 영유권 보유 지역을 선의로서 반환한다면 이들과의 관계가 진전할 것입니다.;;;;;;;;;;;;;
return_cores_LOR_title;로트링겐 영유권 보유 지역 반환;;;;;;;;;;;;;
return_cores_LOR_desc;우리나라가 소유한 로트링겐의 영유권 보유 지역을 선의로서 반환한다면 이들과의 관계가 진전할 것입니다.;;;;;;;;;;;;;
return_cores_MCD_title;마케도니아 영유권 보유 지역 반환;;;;;;;;;;;;;
return_cores_MCD_desc;우리나라가 소유한 마케도니아의 영유권 보유 지역을 선의로서 반환한다면 이들과의 관계가 진전할 것입니다.;;;;;;;;;;;;;
return_cores_MLT_title;몰타 영유권 보유 지역 반환;;;;;;;;;;;;;
return_cores_MLT_desc;우리나라가 소유한 몰타의 영유권 보유 지역을 선의로서 반환한다면 이들과의 관계가 진전할 것입니다.;;;;;;;;;;;;;
return_cores_OCC_title;옥시타니아 영유권 보유 지역 반환;;;;;;;;;;;;;
return_cores_OCC_desc;우리나라가 소유한 옥시타니아의 영유권 보유 지역을 선의로서 반환한다면 이들과의 관계가 진전할 것입니다.;;;;;;;;;;;;;
return_cores_RMG_title;로마냐 영유권 보유 지역 반환;;;;;;;;;;;;;
return_cores_RMG_desc;우리나라가 소유한 로마냐의 영유권 보유 지역을 선의로서 반환한다면 이들과의 관계가 진전할 것입니다.;;;;;;;;;;;;;
return_cores_SPC_title;카를로스파 에스파냐 영유권 보유 지역 반환;;;;;;;;;;;;;
return_cores_SPC_desc;우리나라가 소유한 카를로스파 에스파냐의 영유권 보유 지역을 선의로서 반환한다면 이들과의 관계가 진전할 것입니다.;;;;;;;;;;;;;
return_cores_SRD_title;샤르데냐 영유권 보유 지역 반환;;;;;;;;;;;;;
return_cores_SRD_desc;우리나라가 소유한 샤르데냐의 영유권 보유 지역을 선의로서 반환한다면 이들과의 관계가 진전할 것입니다.;;;;;;;;;;;;;
return_cores_SVY_title;사보이아 영유권 보유 지역 반환;;;;;;;;;;;;;
return_cores_SVY_desc;우리나라가 소유한 사보이아의 영유권 보유 지역을 선의로서 반환한다면 이들과의 관계가 진전할 것입니다.;;;;;;;;;;;;;
return_cores_SWH_title;슐레스비히-홀슈타인 공국 영유권 보유 지역 반환;;;;;;;;;;;;;
return_cores_SWH_desc;우리나라가 소유한 슐레스비히-홀슈타인 공국의 영유권 보유 지역을 선의로서 반환한다면 이들과의 관계가 진전할 것입니다.;;;;;;;;;;;;;
return_cores_WHA_title;웨일즈 영유권 보유 지역 반환;;;;;;;;;;;;;
return_cores_WHA_desc;우리나라가 소유한 웨일즈의 영유권 보유 지역을 선의로서 반환한다면 이들과의 관계가 진전할 것입니다.;;;;;;;;;;;;;
return_cores_DNB_title;도나우 영유권 보유 지역 반환;;;;;;;;;;;;;
return_cores_DNB_desc;우리나라가 소유한 도나우의 영유권 보유 지역을 선의로서 반환한다면 이들과의 관계가 진전할 것입니다.;;;;;;;;;;;;;
return_cores_LUZ_title;루사티아 영유권 보유 지역 반환;;;;;;;;;;;;;
return_cores_LUZ_desc;우리나라가 소유한 루사티아의 영유권 보유 지역을 선의로서 반환한다면 이들과의 관계가 진전할 것입니다.;;;;;;;;;;;;;
return_cores_RHI_title;라인란트 영유권 보유 지역 반환;;;;;;;;;;;;;
return_cores_RHI_desc;우리나라가 소유한 라인란트의 영유권 보유 지역을 선의로서 반환한다면 이들과의 관계가 진전할 것입니다.;;;;;;;;;;;;;
return_cores_PML_title;동포모제 영유권 보유 지역 반환;;;;;;;;;;;;;
return_cores_PML_desc;우리나라가 소유한 동포모제의 영유권 보유 지역을 선의로서 반환한다면 이들과의 관계가 진전할 것입니다.;;;;;;;;;;;;;
return_cores_PZN_title;포즈난 영유권 보유 지역 반환;;;;;;;;;;;;;
return_cores_PZN_desc;우리나라가 소유한 포즈난의 영유권 보유 지역을 선의로서 반환한다면 이들과의 관계가 진전할 것입니다.;;;;;;;;;;;;;
return_cores_SLS_title;실롱스크 영유권 보유 지역 반환;;;;;;;;;;;;;
return_cores_SLS_desc;우리나라가 소유한 실롱스크의 영유권 보유 지역을 선의로서 반환한다면 이들과의 관계가 진전할 것입니다.;;;;;;;;;;;;;
return_cores_WES_title;베스트팔렌 영유권 보유 지역 반환;;;;;;;;;;;;;
return_cores_WES_desc;우리나라가 소유한 베스트팔렌의 영유권 보유 지역을 선의로서 반환한다면 이들과의 관계가 진전할 것입니다.;;;;;;;;;;;;;
return_cores_AKH_title;아스트라한 영유권 보유 지역 반환;;;;;;;;;;;;;
return_cores_AKH_desc;우리나라가 소유한 아스트라한의 영유권 보유 지역을 선의로서 반환한다면 이들과의 관계가 진전할 것입니다.;;;;;;;;;;;;;
return_cores_ALT_title;알타이 영유권 보유 지역 반환;;;;;;;;;;;;;
return_cores_ALT_desc;우리나라가 소유한 알타이의 영유권 보유 지역을 선의로서 반환한다면 이들과의 관계가 진전할 것입니다.;;;;;;;;;;;;;
return_cores_CPL_title;폴란드 입헌왕국 영유권 보유 지역 반환;;;;;;;;;;;;;
return_cores_CPL_desc;우리나라가 소유한 폴란드 입헌왕국의 영유권 보유 지역을 선의로서 반환한다면 이들과의 관계가 진전할 것입니다.;;;;;;;;;;;;;
return_cores_DON_title;카자크 영유권 보유 지역 반환;;;;;;;;;;;;;
return_cores_DON_desc;우리나라가 소유한 카자크의 영유권 보유 지역을 선의로서 반환한다면 이들과의 관계가 진전할 것입니다.;;;;;;;;;;;;;
return_cores_IZH_title;잉그리아 영유권 보유 지역 반환;;;;;;;;;;;;;
return_cores_IZH_desc;우리나라가 소유한 잉그리아의 영유권 보유 지역을 선의로서 반환한다면 이들과의 관계가 진전할 것입니다.;;;;;;;;;;;;;
return_cores_KAZ_title;카자흐스탄 영유권 보유 지역 반환;;;;;;;;;;;;;
return_cores_KAZ_desc;우리나라가 소유한 카자흐스탄의 영유권 보유 지역을 선의로서 반환한다면 이들과의 관계가 진전할 것입니다.;;;;;;;;;;;;;
return_cores_KAM_title;캄차카 영유권 보유 지역 반환;;;;;;;;;;;;;
return_cores_KAM_desc;우리나라가 소유한 캄차카의 영유권 보유 지역을 선의로서 반환한다면 이들과의 관계가 진전할 것입니다.;;;;;;;;;;;;;
return_cores_KMK_title;칼미크 영유권 보유 지역 반환;;;;;;;;;;;;;
return_cores_KMK_desc;우리나라가 소유한 칼미크의 영유권 보유 지역을 선의로서 반환한다면 이들과의 관계가 진전할 것입니다.;;;;;;;;;;;;;
return_cores_KRL_title;카렐리야 영유권 보유 지역 반환;;;;;;;;;;;;;
return_cores_KRL_desc;우리나라가 소유한 카렐리야의 영유권 보유 지역을 선의로서 반환한다면 이들과의 관계가 진전할 것입니다.;;;;;;;;;;;;;
return_cores_SIB_title;시베리아 영유권 보유 지역 반환;;;;;;;;;;;;;
return_cores_SIB_desc;우리나라가 소유한 시베리아의 영유권 보유 지역을 선의로서 반환한다면 이들과의 관계가 진전할 것입니다.;;;;;;;;;;;;;
return_cores_TAR_title;타타르스탄 영유권 보유 지역 반환;;;;;;;;;;;;;
return_cores_TAR_desc;우리나라가 소유한 타타르스탄의 영유권 보유 지역을 선의로서 반환한다면 이들과의 관계가 진전할 것입니다.;;;;;;;;;;;;;
return_cores_TNT_title;투바 영유권 보유 지역 반환;;;;;;;;;;;;;
return_cores_TNT_desc;우리나라가 소유한 투바의 영유권 보유 지역을 선의로서 반환한다면 이들과의 관계가 진전할 것입니다.;;;;;;;;;;;;;
return_cores_URA_title;우랄 영유권 보유 지역 반환;;;;;;;;;;;;;
return_cores_URA_desc;우리나라가 소유한 우랄의 영유권 보유 지역을 선의로서 반환한다면 이들과의 관계가 진전할 것입니다.;;;;;;;;;;;;;
return_cores_YAK_title;야쿠트 영유권 보유 지역 반환;;;;;;;;;;;;;
return_cores_YAK_desc;우리나라가 소유한 야쿠트의 영유권 보유 지역을 선의로서 반환한다면 이들과의 관계가 진전할 것입니다.;;;;;;;;;;;;;
return_cores_ARU_title;아라비아 영유권 보유 지역 반환;;;;;;;;;;;;;
return_cores_ARU_desc;우리나라가 소유한 아라비아의 영유권 보유 지역을 선의로서 반환한다면 이들과의 관계가 진전할 것입니다.;;;;;;;;;;;;;
return_cores_ASY_title;아시리아 영유권 보유 지역 반환;;;;;;;;;;;;;
return_cores_ASY_desc;우리나라가 소유한 아시리아의 영유권 보유 지역을 선의로서 반환한다면 이들과의 관계가 진전할 것입니다.;;;;;;;;;;;;;
return_cores_BHR_title;바레인 영유권 보유 지역 반환;;;;;;;;;;;;;
return_cores_BHR_desc;우리나라가 소유한 바레인의 영유권 보유 지역을 선의로서 반환한다면 이들과의 관계가 진전할 것입니다.;;;;;;;;;;;;;
return_cores_CIR_title;체르케스 영유권 보유 지역 반환;;;;;;;;;;;;;
return_cores_CIR_desc;우리나라가 소유한 체르케스의 영유권 보유 지역을 선의로서 반환한다면 이들과의 관계가 진전할 것입니다.;;;;;;;;;;;;;
return_cores_CLC_title;킬리키아 영유권 보유 지역 반환;;;;;;;;;;;;;
return_cores_CLC_desc;우리나라가 소유한 킬리키아의 영유권 보유 지역을 선의로서 반환한다면 이들과의 관계가 진전할 것입니다.;;;;;;;;;;;;;
return_cores_DAG_title;다케스탄 영유권 보유 지역 반환;;;;;;;;;;;;;
return_cores_DAG_desc;우리나라가 소유한 다케스탄의 영유권 보유 지역을 선의로서 반환한다면 이들과의 관계가 진전할 것입니다.;;;;;;;;;;;;;
return_cores_DUR_title;두라니 영유권 보유 지역 반환;;;;;;;;;;;;;
return_cores_DUR_desc;우리나라가 소유한 두라니의 영유권 보유 지역을 선의로서 반환한다면 이들과의 관계가 진전할 것입니다.;;;;;;;;;;;;;
return_cores_HAL_title;하일 영유권 보유 지역 반환;;;;;;;;;;;;;
return_cores_HAL_desc;우리나라가 소유한 하일의 영유권 보유 지역을 선의로서 반환한다면 이들과의 관계가 진전할 것입니다.;;;;;;;;;;;;;
return_cores_JOR_title;요르단 영유권 보유 지역 반환;;;;;;;;;;;;;
return_cores_JOR_desc;우리나라가 소유한 요르단의 영유권 보유 지역을 선의로서 반환한다면 이들과의 관계가 진전할 것입니다.;;;;;;;;;;;;;
return_cores_KDS_title;쿠르디스탄 영유권 보유 지역 반환;;;;;;;;;;;;;
return_cores_KDS_desc;우리나라가 소유한 쿠르디스탄의 영유권 보유 지역을 선의로서 반환한다면 이들과의 관계가 진전할 것입니다.;;;;;;;;;;;;;
return_cores_KWT_title;쿠웨이트 영유권 보유 지역 반환;;;;;;;;;;;;;
return_cores_KWT_desc;우리나라가 소유한 쿠웨이트의 영유권 보유 지역을 선의로서 반환한다면 이들과의 관계가 진전할 것입니다.;;;;;;;;;;;;;
return_cores_KYR_title;키르키스스탄 영유권 보유 지역 반환;;;;;;;;;;;;;
return_cores_KYR_desc;우리나라가 소유한 키르키스스탄의 영유권 보유 지역을 선의로서 반환한다면 이들과의 관계가 진전할 것입니다.;;;;;;;;;;;;;
return_cores_LBN_title;레바논 영유권 보유 지역 반환;;;;;;;;;;;;;
return_cores_LBN_desc;우리나라가 소유한 레바논의 영유권 보유 지역을 선의로서 반환한다면 이들과의 관계가 진전할 것입니다.;;;;;;;;;;;;;
return_cores_NYE_title;북예멘 영유권 보유 지역 반환;;;;;;;;;;;;;
return_cores_NYE_desc;우리나라가 소유한 북예멘의 영유권 보유 지역을 선의로서 반환한다면 이들과의 관계가 진전할 것입니다.;;;;;;;;;;;;;
return_cores_PLS_title;팔레스타인 영유권 보유 지역 반환;;;;;;;;;;;;;
return_cores_PLS_desc;우리나라가 소유한 팔레스타인의 영유권 보유 지역을 선의로서 반환한다면 이들과의 관계가 진전할 것입니다.;;;;;;;;;;;;;
return_cores_PNT_title;폰토스 영유권 보유 지역 반환;;;;;;;;;;;;;
return_cores_PNT_desc;우리나라가 소유한 폰토스의 영유권 보유 지역을 선의로서 반환한다면 이들과의 관계가 진전할 것입니다.;;;;;;;;;;;;;
return_cores_SYR_title;시리아 영유권 보유 지역 반환;;;;;;;;;;;;;
return_cores_SYR_desc;우리나라가 소유한 시리아의 영유권 보유 지역을 선의로서 반환한다면 이들과의 관계가 진전할 것입니다.;;;;;;;;;;;;;
return_cores_TAJ_title;타지키스탄 영유권 보유 지역 반환;;;;;;;;;;;;;
return_cores_TAJ_desc;우리나라가 소유한 타지키스탄의 영유권 보유 지역을 선의로서 반환한다면 이들과의 관계가 진전할 것입니다.;;;;;;;;;;;;;
return_cores_TCA_title;남카프카스 영유권 보유 지역 반환;;;;;;;;;;;;;
return_cores_TCA_desc;우리나라가 소유한 남카프카스의 영유권 보유 지역을 선의로서 반환한다면 이들과의 관계가 진전할 것입니다.;;;;;;;;;;;;;
return_cores_TKM_title;튀르크메니스탄 영유권 보유 지역 반환;;;;;;;;;;;;;
return_cores_TKM_desc;우리나라가 소유한 튀르크메니스탄의 영유권 보유 지역을 선의로서 반환한다면 이들과의 관계가 진전할 것입니다.;;;;;;;;;;;;;
return_cores_TKS_title;튀르케스탄 영유권 보유 지역 반환;;;;;;;;;;;;;
return_cores_TKS_desc;우리나라가 소유한 튀르케스탄의 영유권 보유 지역을 선의로서 반환한다면 이들과의 관계가 진전할 것입니다.;;;;;;;;;;;;;
return_cores_UYG_title;카슈가르 영유권 보유 지역 반환;;;;;;;;;;;;;
return_cores_UYG_desc;우리나라가 소유한 카슈가르의 영유권 보유 지역을 선의로서 반환한다면 이들과의 관계가 진전할 것입니다.;;;;;;;;;;;;;
return_cores_UZB_title;우즈베키스탄 영유권 보유 지역 반환;;;;;;;;;;;;;
return_cores_UZB_desc;우리나라가 소유한 우즈베키스탄의 영유권 보유 지역을 선의로서 반환한다면 이들과의 관계가 진전할 것입니다.;;;;;;;;;;;;;
return_cores_ASM_title;아삼 영유권 보유 지역 반환;;;;;;;;;;;;;
return_cores_ASM_desc;우리나라가 소유한 아삼의 영유권 보유 지역을 선의로서 반환한다면 이들과의 관계가 진전할 것입니다.;;;;;;;;;;;;;
return_cores_BIH_title;비하르 영유권 보유 지역 반환;;;;;;;;;;;;;
return_cores_BIH_desc;우리나라가 소유한 비하르의 영유권 보유 지역을 선의로서 반환한다면 이들과의 관계가 진전할 것입니다.;;;;;;;;;;;;;
return_cores_BLC_title;발루치스탄 영유권 보유 지역 반환;;;;;;;;;;;;;
return_cores_BLC_desc;우리나라가 소유한 발루치스탄의 영유권 보유 지역을 선의로서 반환한다면 이들과의 관계가 진전할 것입니다.;;;;;;;;;;;;;
return_cores_BNG_title;벵골 영유권 보유 지역 반환;;;;;;;;;;;;;
return_cores_BNG_desc;우리나라가 소유한 벵골의 영유권 보유 지역을 선의로서 반환한다면 이들과의 관계가 진전할 것입니다.;;;;;;;;;;;;;
return_cores_DRA_title;드라비다스탄 영유권 보유 지역 반환;;;;;;;;;;;;;
return_cores_DRA_desc;우리나라가 소유한 드라비다스탄의 영유권 보유 지역을 선의로서 반환한다면 이들과의 관계가 진전할 것입니다.;;;;;;;;;;;;;
return_cores_KRN_title;카르나타카 영유권 보유 지역 반환;;;;;;;;;;;;;
return_cores_KRN_desc;우리나라가 소유한 카르나타카의 영유권 보유 지역을 선의로서 반환한다면 이들과의 관계가 진전할 것입니다.;;;;;;;;;;;;;
return_cores_MAH_title;마하라슈트라 영유권 보유 지역 반환;;;;;;;;;;;;;
return_cores_MAH_desc;우리나라가 소유한 마하라슈트라의 영유권 보유 지역을 선의로서 반환한다면 이들과의 관계가 진전할 것입니다.;;;;;;;;;;;;;
return_cores_RAJ_title;라지푸타나 영유권 보유 지역 반환;;;;;;;;;;;;;
return_cores_RAJ_desc;우리나라가 소유한 라지푸타나의 영유권 보유 지역을 선의로서 반환한다면 이들과의 관계가 진전할 것입니다.;;;;;;;;;;;;;
return_cores_SRI_title;스리랑카 영유권 보유 지역 반환;;;;;;;;;;;;;
return_cores_SRI_desc;우리나라가 소유한 스리랑카의 영유권 보유 지역을 선의로서 반환한다면 이들과의 관계가 진전할 것입니다.;;;;;;;;;;;;;
return_cores_AGC_title;앙고시 영유권 보유 지역 반환;;;;;;;;;;;;;
return_cores_AGC_desc;우리나라가 소유한 앙고시의 영유권 보유 지역을 선의로서 반환한다면 이들과의 관계가 진전할 것입니다.;;;;;;;;;;;;;
return_cores_ANG_title;앙골라 영유권 보유 지역 반환;;;;;;;;;;;;;
return_cores_ANG_desc;우리나라가 소유한 앙골라의 영유권 보유 지역을 선의로서 반환한다면 이들과의 관계가 진전할 것입니다.;;;;;;;;;;;;;
return_cores_ARO_title;아로 영유권 보유 지역 반환;;;;;;;;;;;;;
return_cores_ARO_desc;우리나라가 소유한 아로의 영유권 보유 지역을 선의로서 반환한다면 이들과의 관계가 진전할 것입니다.;;;;;;;;;;;;;
return_cores_ASH_title;아샨티 영유권 보유 지역 반환;;;;;;;;;;;;;
return_cores_ASH_desc;우리나라가 소유한 아샨티의 영유권 보유 지역을 선의로서 반환한다면 이들과의 관계가 진전할 것입니다.;;;;;;;;;;;;;
return_cores_AWS_title;아와사 영유권 보유 지역 반환;;;;;;;;;;;;;
return_cores_AWS_desc;우리나라가 소유한 아와사의 영유권 보유 지역을 선의로서 반환한다면 이들과의 관계가 진전할 것입니다.;;;;;;;;;;;;;
return_cores_AZA_title;아잔데 영유권 보유 지역 반환;;;;;;;;;;;;;
return_cores_AZA_desc;우리나라가 소유한 아잔데의 영유권 보유 지역을 선의로서 반환한다면 이들과의 관계가 진전할 것입니다.;;;;;;;;;;;;;
return_cores_BEN_title;베냉 영유권 보유 지역 반환;;;;;;;;;;;;;
return_cores_BEN_desc;우리나라가 소유한 베냉의 영유권 보유 지역을 선의로서 반환한다면 이들과의 관계가 진전할 것입니다.;;;;;;;;;;;;;
return_cores_BMK_title;바마코 영유권 보유 지역 반환;;;;;;;;;;;;;
return_cores_BMK_desc;우리나라가 소유한 바마코의 영유권 보유 지역을 선의로서 반환한다면 이들과의 관계가 진전할 것입니다.;;;;;;;;;;;;;
return_cores_BRD_title;우룬디 영유권 보유 지역 반환;;;;;;;;;;;;;
return_cores_BRD_desc;우리나라가 소유한 우룬디의 영유권 보유 지역을 선의로서 반환한다면 이들과의 관계가 진전할 것입니다.;;;;;;;;;;;;;
return_cores_BSH_title;바소토 영유권 보유 지역 반환;;;;;;;;;;;;;
return_cores_BSH_desc;우리나라가 소유한 바소토의 영유권 보유 지역을 선의로서 반환한다면 이들과의 관계가 진전할 것입니다.;;;;;;;;;;;;;
return_cores_BUG_title;부간다 영유권 보유 지역 반환;;;;;;;;;;;;;
return_cores_BUG_desc;우리나라가 소유한 부간다의 영유권 보유 지역을 선의로서 반환한다면 이들과의 관계가 진전할 것입니다.;;;;;;;;;;;;;
return_cores_CAR_title;중앙아프리카 영유권 보유 지역 반환;;;;;;;;;;;;;
return_cores_CAR_desc;우리나라가 소유한 중앙아프리카의 영유권 보유 지역을 선의로서 반환한다면 이들과의 관계가 진전할 것입니다.;;;;;;;;;;;;;
return_cores_CGO_title;콩고-브라자빌 영유권 보유 지역 반환;;;;;;;;;;;;;
return_cores_CGO_desc;우리나라가 소유한 콩고-브라자빌의 영유권 보유 지역을 선의로서 반환한다면 이들과의 관계가 진전할 것입니다.;;;;;;;;;;;;;
return_cores_CHD_title;차드 영유권 보유 지역 반환;;;;;;;;;;;;;
return_cores_CHD_desc;우리나라가 소유한 차드의 영유권 보유 지역을 선의로서 반환한다면 이들과의 관계가 진전할 것입니다.;;;;;;;;;;;;;
return_cores_CLA_title;칼라바르 영유권 보유 지역 반환;;;;;;;;;;;;;
return_cores_CLA_desc;우리나라가 소유한 칼라바르의 영유권 보유 지역을 선의로서 반환한다면 이들과의 관계가 진전할 것입니다.;;;;;;;;;;;;;
return_cores_CMR_title;카메룬 영유권 보유 지역 반환;;;;;;;;;;;;;
return_cores_CMR_desc;우리나라가 소유한 카메룬의 영유권 보유 지역을 선의로서 반환한다면 이들과의 관계가 진전할 것입니다.;;;;;;;;;;;;;
return_cores_CYR_title;키레나이카 영유권 보유 지역 반환;;;;;;;;;;;;;
return_cores_CYR_desc;우리나라가 소유한 키레나이카의 영유권 보유 지역을 선의로서 반환한다면 이들과의 관계가 진전할 것입니다.;;;;;;;;;;;;;
return_cores_DAH_title;다호메이 영유권 보유 지역 반환;;;;;;;;;;;;;
return_cores_DAH_desc;우리나라가 소유한 다호메이의 영유권 보유 지역을 선의로서 반환한다면 이들과의 관계가 진전할 것입니다.;;;;;;;;;;;;;
return_cores_DAM_title;다마가람 영유권 보유 지역 반환;;;;;;;;;;;;;
return_cores_DAM_desc;우리나라가 소유한 다마가람의 영유권 보유 지역을 선의로서 반환한다면 이들과의 관계가 진전할 것입니다.;;;;;;;;;;;;;
return_cores_DAR_title;다르푸르 영유권 보유 지역 반환;;;;;;;;;;;;;
return_cores_DAR_desc;우리나라가 소유한 다르푸르의 영유권 보유 지역을 선의로서 반환한다면 이들과의 관계가 진전할 것입니다.;;;;;;;;;;;;;
return_cores_DND_title;덴디 영유권 보유 지역 반환;;;;;;;;;;;;;
return_cores_DND_desc;우리나라가 소유한 덴디의 영유권 보유 지역을 선의로서 반환한다면 이들과의 관계가 진전할 것입니다.;;;;;;;;;;;;;
return_cores_GAB_title;가봉 영유권 보유 지역 반환;;;;;;;;;;;;;
return_cores_GAB_desc;우리나라가 소유한 가봉의 영유권 보유 지역을 선의로서 반환한다면 이들과의 관계가 진전할 것입니다.;;;;;;;;;;;;;
return_cores_GAZ_title;가자 영유권 보유 지역 반환;;;;;;;;;;;;;
return_cores_GAZ_desc;우리나라가 소유한 가자의 영유권 보유 지역을 선의로서 반환한다면 이들과의 관계가 진전할 것입니다.;;;;;;;;;;;;;
return_cores_GBU_title;가부 영유권 보유 지역 반환;;;;;;;;;;;;;
return_cores_GBU_desc;우리나라가 소유한 가부의 영유권 보유 지역을 선의로서 반환한다면 이들과의 관계가 진전할 것입니다.;;;;;;;;;;;;;
return_cores_GEL_title;젤레디 영유권 보유 지역 반환;;;;;;;;;;;;;
return_cores_GEL_desc;우리나라가 소유한 젤레디의 영유권 보유 지역을 선의로서 반환한다면 이들과의 관계가 진전할 것입니다.;;;;;;;;;;;;;
return_cores_GMB_title;감비아 영유권 보유 지역 반환;;;;;;;;;;;;;
return_cores_GMB_desc;우리나라가 소유한 감비아의 영유권 보유 지역을 선의로서 반환한다면 이들과의 관계가 진전할 것입니다.;;;;;;;;;;;;;
return_cores_GNE_title;기니 영유권 보유 지역 반환;;;;;;;;;;;;;
return_cores_GNE_desc;우리나라가 소유한 기니의 영유권 보유 지역을 선의로서 반환한다면 이들과의 관계가 진전할 것입니다.;;;;;;;;;;;;;
return_cores_GON_title;곤다르 영유권 보유 지역 반환;;;;;;;;;;;;;
return_cores_GON_desc;우리나라가 소유한 곤다르의 영유권 보유 지역을 선의로서 반환한다면 이들과의 관계가 진전할 것입니다.;;;;;;;;;;;;;
return_cores_HAR_title;하라르 영유권 보유 지역 반환;;;;;;;;;;;;;
return_cores_HAR_desc;우리나라가 소유한 하라르의 영유권 보유 지역을 선의로서 반환한다면 이들과의 관계가 진전할 것입니다.;;;;;;;;;;;;;
return_cores_IVC_title;코트디부아르 영유권 보유 지역 반환;;;;;;;;;;;;;
return_cores_IVC_desc;우리나라가 소유한 코트디부아르의 영유권 보유 지역을 선의로서 반환한다면 이들과의 관계가 진전할 것입니다.;;;;;;;;;;;;;
return_cores_JAL_title;잘론 영유권 보유 지역 반환;;;;;;;;;;;;;
return_cores_JAL_desc;우리나라가 소유한 잘론의 영유권 보유 지역을 선의로서 반환한다면 이들과의 관계가 진전할 것입니다.;;;;;;;;;;;;;
return_cores_KAF_title;카파 영유권 보유 지역 반환;;;;;;;;;;;;;
return_cores_KAF_desc;우리나라가 소유한 카파의 영유권 보유 지역을 선의로서 반환한다면 이들과의 관계가 진전할 것입니다.;;;;;;;;;;;;;
return_cores_KBO_title;카넴-보르누 영유권 보유 지역 반환;;;;;;;;;;;;;
return_cores_KBO_desc;우리나라가 소유한 카넴-보르누의 영유권 보유 지역을 선의로서 반환한다면 이들과의 관계가 진전할 것입니다.;;;;;;;;;;;;;
return_cores_KNG_title;콩 영유권 보유 지역 반환;;;;;;;;;;;;;
return_cores_KNG_desc;우리나라가 소유한 콩의 영유권 보유 지역을 선의로서 반환한다면 이들과의 관계가 진전할 것입니다.;;;;;;;;;;;;;
return_cores_KNY_title;케냐 영유권 보유 지역 반환;;;;;;;;;;;;;
return_cores_KNY_desc;우리나라가 소유한 케냐의 영유권 보유 지역을 선의로서 반환한다면 이들과의 관계가 진전할 것입니다.;;;;;;;;;;;;;
return_cores_KON_title;콩고 영유권 보유 지역 반환;;;;;;;;;;;;;
return_cores_KON_desc;우리나라가 소유한 콩고의 영유권 보유 지역을 선의로서 반환한다면 이들과의 관계가 진전할 것입니다.;;;;;;;;;;;;;
return_cores_KUB_title;쿠바 영유권 보유 지역 반환;;;;;;;;;;;;;
return_cores_KUB_desc;우리나라가 소유한 쿠바의 영유권 보유 지역을 선의로서 반환한다면 이들과의 관계가 진전할 것입니다.;;;;;;;;;;;;;
return_cores_KZB_title;카잠베 영유권 보유 지역 반환;;;;;;;;;;;;;
return_cores_KZB_desc;우리나라가 소유한 카잠베의 영유권 보유 지역을 선의로서 반환한다면 이들과의 관계가 진전할 것입니다.;;;;;;;;;;;;;
return_cores_LBA_title;루바 영유권 보유 지역 반환;;;;;;;;;;;;;
return_cores_LBA_desc;우리나라가 소유한 루바의 영유권 보유 지역을 선의로서 반환한다면 이들과의 관계가 진전할 것입니다.;;;;;;;;;;;;;
return_cores_LBY_title;리비아 영유권 보유 지역 반환;;;;;;;;;;;;;
return_cores_LBY_desc;우리나라가 소유한 리비아의 영유권 보유 지역을 선의로서 반환한다면 이들과의 관계가 진전할 것입니다.;;;;;;;;;;;;;
return_cores_LOA_title;로앙고 영유권 보유 지역 반환;;;;;;;;;;;;;
return_cores_LOA_desc;우리나라가 소유한 로앙고의 영유권 보유 지역을 선의로서 반환한다면 이들과의 관계가 진전할 것입니다.;;;;;;;;;;;;;
return_cores_LUN_title;룬다 영유권 보유 지역 반환;;;;;;;;;;;;;
return_cores_LUN_desc;우리나라가 소유한 룬다의 영유권 보유 지역을 선의로서 반환한다면 이들과의 관계가 진전할 것입니다.;;;;;;;;;;;;;
return_cores_MAJ_title;마제르덴 영유권 보유 지역 반환;;;;;;;;;;;;;
return_cores_MAJ_desc;우리나라가 소유한 마제르덴의 영유권 보유 지역을 선의로서 반환한다면 이들과의 관계가 진전할 것입니다.;;;;;;;;;;;;;
return_cores_MAS_title;마시나 영유권 보유 지역 반환;;;;;;;;;;;;;
return_cores_MAS_desc;우리나라가 소유한 마시나의 영유권 보유 지역을 선의로서 반환한다면 이들과의 관계가 진전할 것입니다.;;;;;;;;;;;;;
return_cores_MAT_title;마타벨레 영유권 보유 지역 반환;;;;;;;;;;;;;
return_cores_MAT_desc;우리나라가 소유한 마타벨레의 영유권 보유 지역을 선의로서 반환한다면 이들과의 관계가 진전할 것입니다.;;;;;;;;;;;;;
return_cores_MLI_title;말리 영유권 보유 지역 반환;;;;;;;;;;;;;
return_cores_MLI_desc;우리나라가 소유한 말리의 영유권 보유 지역을 선의로서 반환한다면 이들과의 관계가 진전할 것입니다.;;;;;;;;;;;;;
return_cores_MLW_title;말라위 영유권 보유 지역 반환;;;;;;;;;;;;;
return_cores_MLW_desc;우리나라가 소유한 말라위의 영유권 보유 지역을 선의로서 반환한다면 이들과의 관계가 진전할 것입니다.;;;;;;;;;;;;;
return_cores_MNG_title;몽고 영유권 보유 지역 반환;;;;;;;;;;;;;
return_cores_MNG_desc;우리나라가 소유한 몽고의 영유권 보유 지역을 선의로서 반환한다면 이들과의 관계가 진전할 것입니다.;;;;;;;;;;;;;
return_cores_MOS_title;모시 영유권 보유 지역 반환;;;;;;;;;;;;;
return_cores_MOS_desc;우리나라가 소유한 모시의 영유권 보유 지역을 선의로서 반환한다면 이들과의 관계가 진전할 것입니다.;;;;;;;;;;;;;
return_cores_MOZ_title;모잠비크 영유권 보유 지역 반환;;;;;;;;;;;;;
return_cores_MOZ_desc;우리나라가 소유한 모잠비크의 영유권 보유 지역을 선의로서 반환한다면 이들과의 관계가 진전할 것입니다.;;;;;;;;;;;;;
return_cores_NGR_title;나이지리아 영유권 보유 지역 반환;;;;;;;;;;;;;
return_cores_NGR_desc;우리나라가 소유한 나이지리아의 영유권 보유 지역을 선의로서 반환한다면 이들과의 관계가 진전할 것입니다.;;;;;;;;;;;;;
return_cores_NIG_title;니제르 영유권 보유 지역 반환;;;;;;;;;;;;;
return_cores_NIG_desc;우리나라가 소유한 니제르의 영유권 보유 지역을 선의로서 반환한다면 이들과의 관계가 진전할 것입니다.;;;;;;;;;;;;;
return_cores_OYO_title;오요 영유권 보유 지역 반환;;;;;;;;;;;;;
return_cores_OYO_desc;우리나라가 소유한 오요의 영유권 보유 지역을 선의로서 반환한다면 이들과의 관계가 진전할 것입니다.;;;;;;;;;;;;;
return_cores_RWA_title;르완다 영유권 보유 지역 반환;;;;;;;;;;;;;
return_cores_RWA_desc;우리나라가 소유한 르완다의 영유권 보유 지역을 선의로서 반환한다면 이들과의 관계가 진전할 것입니다.;;;;;;;;;;;;;
return_cores_SEG_title;세구 영유권 보유 지역 반환;;;;;;;;;;;;;
return_cores_SEG_desc;우리나라가 소유한 세구의 영유권 보유 지역을 선의로서 반환한다면 이들과의 관계가 진전할 것입니다.;;;;;;;;;;;;;
return_cores_SHO_title;쇼나 영유권 보유 지역 반환;;;;;;;;;;;;;
return_cores_SHO_desc;우리나라가 소유한 쇼나의 영유권 보유 지역을 선의로서 반환한다면 이들과의 관계가 진전할 것입니다.;;;;;;;;;;;;;
return_cores_SHW_title;쉐와 영유권 보유 지역 반환;;;;;;;;;;;;;
return_cores_SHW_desc;우리나라가 소유한 쉐와의 영유권 보유 지역을 선의로서 반환한다면 이들과의 관계가 진전할 것입니다.;;;;;;;;;;;;;
return_cores_SID_title;시다마 영유권 보유 지역 반환;;;;;;;;;;;;;
return_cores_SID_desc;우리나라가 소유한 시다마의 영유권 보유 지역을 선의로서 반환한다면 이들과의 관계가 진전할 것입니다.;;;;;;;;;;;;;
return_cores_SLE_title;시에라리온 영유권 보유 지역 반환;;;;;;;;;;;;;
return_cores_SLE_desc;우리나라가 소유한 시에라리온의 영유권 보유 지역을 선의로서 반환한다면 이들과의 관계가 진전할 것입니다.;;;;;;;;;;;;;
return_cores_SNG_title;세네갈 영유권 보유 지역 반환;;;;;;;;;;;;;
return_cores_SNG_desc;우리나라가 소유한 세네갈의 영유권 보유 지역을 선의로서 반환한다면 이들과의 관계가 진전할 것입니다.;;;;;;;;;;;;;
return_cores_SOM_title;소말리아 영유권 보유 지역 반환;;;;;;;;;;;;;
return_cores_SOM_desc;우리나라가 소유한 소말리아의 영유권 보유 지역을 선의로서 반환한다면 이들과의 관계가 진전할 것입니다.;;;;;;;;;;;;;
return_cores_SUA_title;스와지 영유권 보유 지역 반환;;;;;;;;;;;;;
return_cores_SUA_desc;우리나라가 소유한 스와지의 영유권 보유 지역을 선의로서 반환한다면 이들과의 관계가 진전할 것입니다.;;;;;;;;;;;;;
return_cores_SUD_title;수단 영유권 보유 지역 반환;;;;;;;;;;;;;
return_cores_SUD_desc;우리나라가 소유한 수단의 영유권 보유 지역을 선의로서 반환한다면 이들과의 관계가 진전할 것입니다.;;;;;;;;;;;;;
return_cores_TIG_title;티그라이 영유권 보유 지역 반환;;;;;;;;;;;;;
return_cores_TIG_desc;우리나라가 소유한 티그라이의 영유권 보유 지역을 선의로서 반환한다면 이들과의 관계가 진전할 것입니다.;;;;;;;;;;;;;
return_cores_TNZ_title;탕카니카 영유권 보유 지역 반환;;;;;;;;;;;;;
return_cores_TNZ_desc;우리나라가 소유한 탕카니카의 영유권 보유 지역을 선의로서 반환한다면 이들과의 관계가 진전할 것입니다.;;;;;;;;;;;;;
return_cores_TOG_title;토고 영유권 보유 지역 반환;;;;;;;;;;;;;
return_cores_TOG_desc;우리나라가 소유한 토고의 영유권 보유 지역을 선의로서 반환한다면 이들과의 관계가 진전할 것입니다.;;;;;;;;;;;;;
return_cores_TOO_title;토로 영유권 보유 지역 반환;;;;;;;;;;;;;
return_cores_TOO_desc;우리나라가 소유한 토로의 영유권 보유 지역을 선의로서 반환한다면 이들과의 관계가 진전할 것입니다.;;;;;;;;;;;;;
return_cores_TOU_title;투쿨로르 영유권 보유 지역 반환;;;;;;;;;;;;;
return_cores_TOU_desc;우리나라가 소유한 투쿨로르의 영유권 보유 지역을 선의로서 반환한다면 이들과의 관계가 진전할 것입니다.;;;;;;;;;;;;;
return_cores_TRZ_title;트라르자 영유권 보유 지역 반환;;;;;;;;;;;;;
return_cores_TRZ_desc;우리나라가 소유한 트라르자의 영유권 보유 지역을 선의로서 반환한다면 이들과의 관계가 진전할 것입니다.;;;;;;;;;;;;;
return_cores_TSW_title;보츠와나 영유권 보유 지역 반환;;;;;;;;;;;;;
return_cores_TSW_desc;우리나라가 소유한 보츠와나의 영유권 보유 지역을 선의로서 반환한다면 이들과의 관계가 진전할 것입니다.;;;;;;;;;;;;;
return_cores_WAD_title;와다이 영유권 보유 지역 반환;;;;;;;;;;;;;
return_cores_WAD_desc;우리나라가 소유한 와다이의 영유권 보유 지역을 선의로서 반환한다면 이들과의 관계가 진전할 것입니다.;;;;;;;;;;;;;
return_cores_WRI_title;와리 영유권 보유 지역 반환;;;;;;;;;;;;;
return_cores_WRI_desc;우리나라가 소유한 와리의 영유권 보유 지역을 선의로서 반환한다면 이들과의 관계가 진전할 것입니다.;;;;;;;;;;;;;
return_cores_WOL_title;우오로프 영유권 보유 지역 반환;;;;;;;;;;;;;
return_cores_WOL_desc;우리나라가 소유한 우오로프의 영유권 보유 지역을 선의로서 반환한다면 이들과의 관계가 진전할 것입니다.;;;;;;;;;;;;;
return_cores_XHO_title;코사 영유권 보유 지역 반환;;;;;;;;;;;;;
return_cores_XHO_desc;우리나라가 소유한 코사의 영유권 보유 지역을 선의로서 반환한다면 이들과의 관계가 진전할 것입니다.;;;;;;;;;;;;;
return_cores_ZAM_title;잠비아 영유권 보유 지역 반환;;;;;;;;;;;;;
return_cores_ZAM_desc;우리나라가 소유한 잠비아의 영유권 보유 지역을 선의로서 반환한다면 이들과의 관계가 진전할 것입니다.;;;;;;;;;;;;;
return_cores_DJA_title;잠비 영유권 보유 지역 반환;;;;;;;;;;;;;
return_cores_DJA_desc;우리나라가 소유한 잠비의 영유권 보유 지역을 선의로서 반환한다면 이들과의 관계가 진전할 것입니다.;;;;;;;;;;;;;
return_cores_FJN_title;복건 영유권 보유 지역 반환;;;;;;;;;;;;;
return_cores_FJN_desc;우리나라가 소유한 복건의 영유권 보유 지역을 선의로서 반환한다면 이들과의 관계가 진전할 것입니다.;;;;;;;;;;;;;
return_cores_GMJ_title;서북군 영유권 보유 지역 반환;;;;;;;;;;;;;
return_cores_GMJ_desc;우리나라가 소유한 서북군의 영유권 보유 지역을 선의로서 반환한다면 이들과의 관계가 진전할 것입니다.;;;;;;;;;;;;;
return_cores_GNG_title;광동 영유권 보유 지역 반환;;;;;;;;;;;;;
return_cores_GNG_desc;우리나라가 소유한 광동의 영유권 보유 지역을 선의로서 반환한다면 이들과의 관계가 진전할 것입니다.;;;;;;;;;;;;;
return_cores_HNN_title;호남 영유권 보유 지역 반환;;;;;;;;;;;;;
return_cores_HNN_desc;우리나라가 소유한 호남의 영유권 보유 지역을 선의로서 반환한다면 이들과의 관계가 진전할 것입니다.;;;;;;;;;;;;;
return_cores_HUI_title;안휘 영유권 보유 지역 반환;;;;;;;;;;;;;
return_cores_HUI_desc;우리나라가 소유한 안휘의 영유권 보유 지역을 선의로서 반환한다면 이들과의 관계가 진전할 것입니다.;;;;;;;;;;;;;
return_cores_INO_title;인도네시아 영유권 보유 지역 반환;;;;;;;;;;;;;
return_cores_INO_desc;우리나라가 소유한 인도네시아의 영유권 보유 지역을 선의로서 반환한다면 이들과의 관계가 진전할 것입니다.;;;;;;;;;;;;;
return_cores_KCH_title;카친 영유권 보유 지역 반환;;;;;;;;;;;;;
return_cores_KCH_desc;우리나라가 소유한 카친의 영유권 보유 지역을 선의로서 반환한다면 이들과의 관계가 진전할 것입니다.;;;;;;;;;;;;;
return_cores_KLM_title;칼리만탄 영유권 보유 지역 반환;;;;;;;;;;;;;
return_cores_KLM_desc;우리나라가 소유한 칼리만탄의 영유권 보유 지역을 선의로서 반환한다면 이들과의 관계가 진전할 것입니다.;;;;;;;;;;;;;
return_cores_KMT_title;중화민국 국민정부 영유권 보유 지역 반환;;;;;;;;;;;;;
return_cores_KMT_desc;우리나라가 소유한 중화민국 국민정부의 영유권 보유 지역을 선의로서 반환한다면 이들과의 관계가 진전할 것입니다.;;;;;;;;;;;;;
return_cores_KTI_title;쿠타이 영유권 보유 지역 반환;;;;;;;;;;;;;
return_cores_KTI_desc;우리나라가 소유한 쿠타이의 영유권 보유 지역을 선의로서 반환한다면 이들과의 관계가 진전할 것입니다.;;;;;;;;;;;;;
return_cores_LAN_title;난방 영유권 보유 지역 반환;;;;;;;;;;;;;
return_cores_LAN_desc;우리나라가 소유한 난방의 영유권 보유 지역을 선의로서 반환한다면 이들과의 관계가 진전할 것입니다.;;;;;;;;;;;;;
return_cores_LXA_title;란쌍 영유권 보유 지역 반환;;;;;;;;;;;;;
return_cores_LXA_desc;우리나라가 소유한 란쌍의 영유권 보유 지역을 선의로서 반환한다면 이들과의 관계가 진전할 것입니다.;;;;;;;;;;;;;
return_cores_MAL_title;말루쿠 영유권 보유 지역 반환;;;;;;;;;;;;;
return_cores_MAL_desc;우리나라가 소유한 말루쿠의 영유권 보유 지역을 선의로서 반환한다면 이들과의 관계가 진전할 것입니다.;;;;;;;;;;;;;
return_cores_MLY_title;말라야 영유권 보유 지역 반환;;;;;;;;;;;;;
return_cores_MLY_desc;우리나라가 소유한 말라야의 영유권 보유 지역을 선의로서 반환한다면 이들과의 관계가 진전할 것입니다.;;;;;;;;;;;;;
return_cores_SHA_title;샨 영유권 보유 지역 반환;;;;;;;;;;;;;
return_cores_SHA_desc;우리나라가 소유한 샨의 영유권 보유 지역을 선의로서 반환한다면 이들과의 관계가 진전할 것입니다.;;;;;;;;;;;;;
return_cores_SLW_title;술라웨시 영유권 보유 지역 반환;;;;;;;;;;;;;
return_cores_SLW_desc;우리나라가 소유한 술라웨시의 영유권 보유 지역을 선의로서 반환한다면 이들과의 관계가 진전할 것입니다.;;;;;;;;;;;;;
return_cores_SAK_title;시악 영유권 보유 지역 반환;;;;;;;;;;;;;
return_cores_SAK_desc;우리나라가 소유한 시악의 영유권 보유 지역을 선의로서 반환한다면 이들과의 관계가 진전할 것입니다.;;;;;;;;;;;;;
return_cores_SUL_title;술루 영유권 보유 지역 반환;;;;;;;;;;;;;
return_cores_SUL_desc;우리나라가 소유한 술루의 영유권 보유 지역을 선의로서 반환한다면 이들과의 관계가 진전할 것입니다.;;;;;;;;;;;;;
return_cores_SWK_title;사라왁 영유권 보유 지역 반환;;;;;;;;;;;;;
return_cores_SWK_desc;우리나라가 소유한 사라왁의 영유권 보유 지역을 선의로서 반환한다면 이들과의 관계가 진전할 것입니다.;;;;;;;;;;;;;
return_cores_SZC_title;사천 영유권 보유 지역 반환;;;;;;;;;;;;;
return_cores_SZC_desc;우리나라가 소유한 사천의 영유권 보유 지역을 선의로서 반환한다면 이들과의 관계가 진전할 것입니다.;;;;;;;;;;;;;
return_cores_TAI_title;대만 영유권 보유 지역 반환;;;;;;;;;;;;;
return_cores_TAI_desc;우리나라가 소유한 대만의 영유권 보유 지역을 선의로서 반환한다면 이들과의 관계가 진전할 것입니다.;;;;;;;;;;;;;
return_cores_CHO_title;조슈 영유권 보유 지역 반환;;;;;;;;;;;;;
return_cores_CHO_desc;우리나라가 소유한 조슈의 영유권 보유 지역을 선의로서 반환한다면 이들과의 관계가 진전할 것입니다.;;;;;;;;;;;;;
return_cores_KAG_title;가가 영유권 보유 지역 반환;;;;;;;;;;;;;
return_cores_KAG_desc;우리나라가 소유한 가가의 영유권 보유 지역을 선의로서 반환한다면 이들과의 관계가 진전할 것입니다.;;;;;;;;;;;;;
return_cores_RYU_title;유구 영유권 보유 지역 반환;;;;;;;;;;;;;
return_cores_RYU_desc;우리나라가 소유한 유구의 영유권 보유 지역을 선의로서 반환한다면 이들과의 관계가 진전할 것입니다.;;;;;;;;;;;;;
return_cores_SAT_title;사쓰마 영유권 보유 지역 반환;;;;;;;;;;;;;
return_cores_SAT_desc;우리나라가 소유한 사쓰마의 영유권 보유 지역을 선의로서 반환한다면 이들과의 관계가 진전할 것입니다.;;;;;;;;;;;;;
return_cores_SEN_title;센다이 영유권 보유 지역 반환;;;;;;;;;;;;;
return_cores_SEN_desc;우리나라가 소유한 센다이의 영유권 보유 지역을 선의로서 반환한다면 이들과의 관계가 진전할 것입니다.;;;;;;;;;;;;;
return_cores_TKG_title;에도 막부 영유권 보유 지역 반환;;;;;;;;;;;;;
return_cores_TKG_desc;우리나라가 소유한 에도 막부의 영유권 보유 지역을 선의로서 반환한다면 이들과의 관계가 진전할 것입니다.;;;;;;;;;;;;;
return_cores_TOS_title;도사 영유권 보유 지역 반환;;;;;;;;;;;;;
return_cores_TOS_desc;우리나라가 소유한 도사의 영유권 보유 지역을 선의로서 반환한다면 이들과의 관계가 진전할 것입니다.;;;;;;;;;;;;;
return_cores_YZW_title;요네자와 영유권 보유 지역 반환;;;;;;;;;;;;;
return_cores_YZW_desc;우리나라가 소유한 요네자와의 영유권 보유 지역을 선의로서 반환한다면 이들과의 관계가 진전할 것입니다.;;;;;;;;;;;;;
return_cores_FIJ_title;피지 영유권 보유 지역 반환;;;;;;;;;;;;;
return_cores_FIJ_desc;우리나라가 소유한 피지의 영유권 보유 지역을 선의로서 반환한다면 이들과의 관계가 진전할 것입니다.;;;;;;;;;;;;;
return_cores_TGA_title;통가 영유권 보유 지역 반환;;;;;;;;;;;;;
return_cores_TGA_desc;우리나라가 소유한 통가의 영유권 보유 지역을 선의로서 반환한다면 이들과의 관계가 진전할 것입니다.;;;;;;;;;;;;;
return_cores_ARA_title;아라비아 영유권 보유 지역 반환;;;;;;;;;;;;;
return_cores_ARA_desc;우리나라가 소유한 아라비아의 영유권 보유 지역을 선의로서 반환한다면 이들과의 관계가 진전할 것입니다.;;;;;;;;;;;;;
return_cores_BYE_title;벨라루스 영유권 보유 지역 반환;;;;;;;;;;;;;
return_cores_BYE_desc;우리나라가 소유한 벨라루스의 영유권 보유 지역을 선의로서 반환한다면 이들과의 관계가 진전할 것입니다.;;;;;;;;;;;;;
return_cores_PLC_title;폴란드-리투아니아 영유권 보유 지역 반환;;;;;;;;;;;;;
return_cores_PLC_desc;우리나라가 소유한 폴란드-리투아니아의 영유권 보유 지역을 선의로서 반환한다면 이들과의 관계가 진전할 것입니다.;;;;;;;;;;;;;
return_cores_UBD_title;발트 연합공국 영유권 보유 지역 반환;;;;;;;;;;;;;
return_cores_UBD_desc;우리나라가 소유한 발트 연합공국의 영유권 보유 지역을 선의로서 반환한다면 이들과의 관계가 진전할 것입니다.;;;;;;;;;;;;;
return_cores_DEN_title;덴마크 영유권 보유 지역 반환;;;;;;;;;;;;;
return_cores_DEN_desc;우리나라가 소유한 덴마크의 영유권 보유 지역을 선의로서 반환한다면 이들과의 관계가 진전할 것입니다.;;;;;;;;;;;;;
return_cores_FIN_title;핀란드 영유권 보유 지역 반환;;;;;;;;;;;;;
return_cores_FIN_desc;우리나라가 소유한 핀란드의 영유권 보유 지역을 선의로서 반환한다면 이들과의 관계가 진전할 것입니다.;;;;;;;;;;;;;
return_cores_NOR_title;노르웨이 영유권 보유 지역 반환;;;;;;;;;;;;;
return_cores_NOR_desc;우리나라가 소유한 노르웨이의 영유권 보유 지역을 선의로서 반환한다면 이들과의 관계가 진전할 것입니다.;;;;;;;;;;;;;
return_cores_SCA_title;스칸디나비아 영유권 보유 지역 반환;;;;;;;;;;;;;
return_cores_SCA_desc;우리나라가 소유한 스칸디나비아의 영유권 보유 지역을 선의로서 반환한다면 이들과의 관계가 진전할 것입니다.;;;;;;;;;;;;;
return_cores_SWE_title;스웨덴 영유권 보유 지역 반환;;;;;;;;;;;;;
return_cores_SWE_desc;우리나라가 소유한 스웨덴의 영유권 보유 지역을 선의로서 반환한다면 이들과의 관계가 진전할 것입니다.;;;;;;;;;;;;;
return_cores_BEL_title;벨기에 영유권 보유 지역 반환;;;;;;;;;;;;;
return_cores_BEL_desc;우리나라가 소유한 벨기에의 영유권 보유 지역을 선의로서 반환한다면 이들과의 관계가 진전할 것입니다.;;;;;;;;;;;;;
return_cores_CAT_title;카탈루냐 영유권 보유 지역 반환;;;;;;;;;;;;;
return_cores_CAT_desc;우리나라가 소유한 카탈루냐의 영유권 보유 지역을 선의로서 반환한다면 이들과의 관계가 진전할 것입니다.;;;;;;;;;;;;;
return_cores_FLA_title;플란데런 영유권 보유 지역 반환;;;;;;;;;;;;;
return_cores_FLA_desc;우리나라가 소유한 플란데런의 영유권 보유 지역을 선의로서 반환한다면 이들과의 관계가 진전할 것입니다.;;;;;;;;;;;;;
return_cores_IRE_title;아일랜드 영유권 보유 지역 반환;;;;;;;;;;;;;
return_cores_IRE_desc;우리나라가 소유한 아일랜드의 영유권 보유 지역을 선의로서 반환한다면 이들과의 관계가 진전할 것입니다.;;;;;;;;;;;;;
return_cores_NET_title;네덜란드 영유권 보유 지역 반환;;;;;;;;;;;;;
return_cores_NET_desc;우리나라가 소유한 네덜란드의 영유권 보유 지역을 선의로서 반환한다면 이들과의 관계가 진전할 것입니다.;;;;;;;;;;;;;
return_cores_POR_title;포르투갈 영유권 보유 지역 반환;;;;;;;;;;;;;
return_cores_POR_desc;우리나라가 소유한 포르투갈의 영유권 보유 지역을 선의로서 반환한다면 이들과의 관계가 진전할 것입니다.;;;;;;;;;;;;;
return_cores_SCO_title;스코틀랜드 영유권 보유 지역 반환;;;;;;;;;;;;;
return_cores_SCO_desc;우리나라가 소유한 스코틀랜드의 영유권 보유 지역을 선의로서 반환한다면 이들과의 관계가 진전할 것입니다.;;;;;;;;;;;;;
return_cores_SPA_title;에스파냐 영유권 보유 지역 반환;;;;;;;;;;;;;
return_cores_SPA_desc;우리나라가 소유한 에스파냐의 영유권 보유 지역을 선의로서 반환한다면 이들과의 관계가 진전할 것입니다.;;;;;;;;;;;;;
return_cores_WLL_title;왈롱 영유권 보유 지역 반환;;;;;;;;;;;;;
return_cores_WLL_desc;우리나라가 소유한 왈롱의 영유권 보유 지역을 선의로서 반환한다면 이들과의 관계가 진전할 것입니다.;;;;;;;;;;;;;
return_cores_ANH_title;안할트 영유권 보유 지역 반환;;;;;;;;;;;;;
return_cores_ANH_desc;우리나라가 소유한 안할트의 영유권 보유 지역을 선의로서 반환한다면 이들과의 관계가 진전할 것입니다.;;;;;;;;;;;;;
return_cores_BAD_title;바덴 영유권 보유 지역 반환;;;;;;;;;;;;;
return_cores_BAD_desc;우리나라가 소유한 바덴의 영유권 보유 지역을 선의로서 반환한다면 이들과의 관계가 진전할 것입니다.;;;;;;;;;;;;;
return_cores_BAV_title;바이에른 영유권 보유 지역 반환;;;;;;;;;;;;;
return_cores_BAV_desc;우리나라가 소유한 바이에른의 영유권 보유 지역을 선의로서 반환한다면 이들과의 관계가 진전할 것입니다.;;;;;;;;;;;;;
return_cores_BRA_title;브라운슈바이크 영유권 보유 지역 반환;;;;;;;;;;;;;
return_cores_BRA_desc;우리나라가 소유한 브라운슈바이크의 영유권 보유 지역을 선의로서 반환한다면 이들과의 관계가 진전할 것입니다.;;;;;;;;;;;;;
return_cores_BRE_title;브레멘 영유권 보유 지역 반환;;;;;;;;;;;;;
return_cores_BRE_desc;우리나라가 소유한 브레멘의 영유권 보유 지역을 선의로서 반환한다면 이들과의 관계가 진전할 것입니다.;;;;;;;;;;;;;
return_cores_COB_title;작센-코부르크-고타 영유권 보유 지역 반환;;;;;;;;;;;;;
return_cores_COB_desc;우리나라가 소유한 작센-코부르크-고타의 영유권 보유 지역을 선의로서 반환한다면 이들과의 관계가 진전할 것입니다.;;;;;;;;;;;;;
return_cores_DZG_title;단치히 영유권 보유 지역 반환;;;;;;;;;;;;;
return_cores_DZG_desc;우리나라가 소유한 단치히의 영유권 보유 지역을 선의로서 반환한다면 이들과의 관계가 진전할 것입니다.;;;;;;;;;;;;;
return_cores_FRM_title;프랑크푸르트암마인 영유권 보유 지역 반환;;;;;;;;;;;;;
return_cores_FRM_desc;우리나라가 소유한 프랑크푸르트암마인의 영유권 보유 지역을 선의로서 반환한다면 이들과의 관계가 진전할 것입니다.;;;;;;;;;;;;;
return_cores_HAM_title;함부르크 영유권 보유 지역 반환;;;;;;;;;;;;;
return_cores_HAM_desc;우리나라가 소유한 함부르크의 영유권 보유 지역을 선의로서 반환한다면 이들과의 관계가 진전할 것입니다.;;;;;;;;;;;;;
return_cores_HAN_title;하노버 영유권 보유 지역 반환;;;;;;;;;;;;;
return_cores_HAN_desc;우리나라가 소유한 하노버의 영유권 보유 지역을 선의로서 반환한다면 이들과의 관계가 진전할 것입니다.;;;;;;;;;;;;;
return_cores_HES_title;헤센-다름슈타트 영유권 보유 지역 반환;;;;;;;;;;;;;
return_cores_HES_desc;우리나라가 소유한 헤센-다름슈타트의 영유권 보유 지역을 선의로서 반환한다면 이들과의 관계가 진전할 것입니다.;;;;;;;;;;;;;
return_cores_HEK_title;헤센-카셀 영유권 보유 지역 반환;;;;;;;;;;;;;
return_cores_HEK_desc;우리나라가 소유한 헤센-카셀의 영유권 보유 지역을 선의로서 반환한다면 이들과의 관계가 진전할 것입니다.;;;;;;;;;;;;;
return_cores_HOL_title;홀슈타인 영유권 보유 지역 반환;;;;;;;;;;;;;
return_cores_HOL_desc;우리나라가 소유한 홀슈타인의 영유권 보유 지역을 선의로서 반환한다면 이들과의 관계가 진전할 것입니다.;;;;;;;;;;;;;
return_cores_LIP_title;리페-데트몰트 영유권 보유 지역 반환;;;;;;;;;;;;;
return_cores_LIP_desc;우리나라가 소유한 리페-데트몰트의 영유권 보유 지역을 선의로서 반환한다면 이들과의 관계가 진전할 것입니다.;;;;;;;;;;;;;
return_cores_LUB_title;뤼베크 영유권 보유 지역 반환;;;;;;;;;;;;;
return_cores_LUB_desc;우리나라가 소유한 뤼베크의 영유권 보유 지역을 선의로서 반환한다면 이들과의 관계가 진전할 것입니다.;;;;;;;;;;;;;
return_cores_LUX_title;룩셈부르크 영유권 보유 지역 반환;;;;;;;;;;;;;
return_cores_LUX_desc;우리나라가 소유한 룩셈부르크의 영유권 보유 지역을 선의로서 반환한다면 이들과의 관계가 진전할 것입니다.;;;;;;;;;;;;;
return_cores_MEC_title;메클렌부르크 영유권 보유 지역 반환;;;;;;;;;;;;;
return_cores_MEC_desc;우리나라가 소유한 메클렌부르크의 영유권 보유 지역을 선의로서 반환한다면 이들과의 관계가 진전할 것입니다.;;;;;;;;;;;;;
return_cores_MEI_title;작센-마이닝겐 영유권 보유 지역 반환;;;;;;;;;;;;;
return_cores_MEI_desc;우리나라가 소유한 작센-마이닝겐의 영유권 보유 지역을 선의로서 반환한다면 이들과의 관계가 진전할 것입니다.;;;;;;;;;;;;;
return_cores_NAS_title;나사우 영유권 보유 지역 반환;;;;;;;;;;;;;
return_cores_NAS_desc;우리나라가 소유한 나사우의 영유권 보유 지역을 선의로서 반환한다면 이들과의 관계가 진전할 것입니다.;;;;;;;;;;;;;
return_cores_NGF_title;북독일 영유권 보유 지역 반환;;;;;;;;;;;;;
return_cores_NGF_desc;우리나라가 소유한 북독일의 영유권 보유 지역을 선의로서 반환한다면 이들과의 관계가 진전할 것입니다.;;;;;;;;;;;;;
return_cores_OLD_title;올덴부르크 영유권 보유 지역 반환;;;;;;;;;;;;;
return_cores_OLD_desc;우리나라가 소유한 올덴부르크의 영유권 보유 지역을 선의로서 반환한다면 이들과의 관계가 진전할 것입니다.;;;;;;;;;;;;;
return_cores_SAX_title;작센 영유권 보유 지역 반환;;;;;;;;;;;;;
return_cores_SAX_desc;우리나라가 소유한 작센의 영유권 보유 지역을 선의로서 반환한다면 이들과의 관계가 진전할 것입니다.;;;;;;;;;;;;;
return_cores_SCH_title;슐레스비히 영유권 보유 지역 반환;;;;;;;;;;;;;
return_cores_SCH_desc;우리나라가 소유한 슐레스비히의 영유권 보유 지역을 선의로서 반환한다면 이들과의 관계가 진전할 것입니다.;;;;;;;;;;;;;
return_cores_SGF_title;남독일 영유권 보유 지역 반환;;;;;;;;;;;;;
return_cores_SGF_desc;우리나라가 소유한 남독일의 영유권 보유 지역을 선의로서 반환한다면 이들과의 관계가 진전할 것입니다.;;;;;;;;;;;;;
return_cores_WEI_title;작센-바이마르 영유권 보유 지역 반환;;;;;;;;;;;;;
return_cores_WEI_desc;우리나라가 소유한 작센-바이마르의 영유권 보유 지역을 선의로서 반환한다면 이들과의 관계가 진전할 것입니다.;;;;;;;;;;;;;
return_cores_WUR_title;뷔르템부르크 영유권 보유 지역 반환;;;;;;;;;;;;;
return_cores_WUR_desc;우리나라가 소유한 뷔르템부르크의 영유권 보유 지역을 선의로서 반환한다면 이들과의 관계가 진전할 것입니다.;;;;;;;;;;;;;
return_cores_LOM_title;롬바르디아 영유권 보유 지역 반환;;;;;;;;;;;;;
return_cores_LOM_desc;우리나라가 소유한 롬바르디아의 영유권 보유 지역을 선의로서 반환한다면 이들과의 관계가 진전할 것입니다.;;;;;;;;;;;;;
return_cores_LUC_title;루카 영유권 보유 지역 반환;;;;;;;;;;;;;
return_cores_LUC_desc;우리나라가 소유한 루카의 영유권 보유 지역을 선의로서 반환한다면 이들과의 관계가 진전할 것입니다.;;;;;;;;;;;;;
return_cores_MOD_title;모데나 영유권 보유 지역 반환;;;;;;;;;;;;;
return_cores_MOD_desc;우리나라가 소유한 모데나의 영유권 보유 지역을 선의로서 반환한다면 이들과의 관계가 진전할 것입니다.;;;;;;;;;;;;;
return_cores_PAP_title;교황령 영유권 보유 지역 반환;;;;;;;;;;;;;
return_cores_PAP_desc;우리나라가 소유한 교황령의 영유권 보유 지역을 선의로서 반환한다면 이들과의 관계가 진전할 것입니다.;;;;;;;;;;;;;
return_cores_PAR_title;파르마 영유권 보유 지역 반환;;;;;;;;;;;;;
return_cores_PAR_desc;우리나라가 소유한 파르마의 영유권 보유 지역을 선의로서 반환한다면 이들과의 관계가 진전할 것입니다.;;;;;;;;;;;;;
return_cores_SAR_title;샤르데냐-피에몬테 영유권 보유 지역 반환;;;;;;;;;;;;;
return_cores_SAR_desc;우리나라가 소유한 샤르데냐-피에몬테의 영유권 보유 지역을 선의로서 반환한다면 이들과의 관계가 진전할 것입니다.;;;;;;;;;;;;;
return_cores_SIC_title;양시칠리아 영유권 보유 지역 반환;;;;;;;;;;;;;
return_cores_SIC_desc;우리나라가 소유한 양시칠리아의 영유권 보유 지역을 선의로서 반환한다면 이들과의 관계가 진전할 것입니다.;;;;;;;;;;;;;
return_cores_TRE_title;트리에스테 영유권 보유 지역 반환;;;;;;;;;;;;;
return_cores_TRE_desc;우리나라가 소유한 트리에스테의 영유권 보유 지역을 선의로서 반환한다면 이들과의 관계가 진전할 것입니다.;;;;;;;;;;;;;
return_cores_TUS_title;토스카나 영유권 보유 지역 반환;;;;;;;;;;;;;
return_cores_TUS_desc;우리나라가 소유한 토스카나의 영유권 보유 지역을 선의로서 반환한다면 이들과의 관계가 진전할 것입니다.;;;;;;;;;;;;;
return_cores_VEN_title;베네치아 영유권 보유 지역 반환;;;;;;;;;;;;;
return_cores_VEN_desc;우리나라가 소유한 베네치아의 영유권 보유 지역을 선의로서 반환한다면 이들과의 관계가 진전할 것입니다.;;;;;;;;;;;;;
return_cores_BOH_title;보헤미아-모라비아 영유권 보유 지역 반환;;;;;;;;;;;;;
return_cores_BOH_desc;우리나라가 소유한 보헤미아-모라비아의 영유권 보유 지역을 선의로서 반환한다면 이들과의 관계가 진전할 것입니다.;;;;;;;;;;;;;
return_cores_KRA_title;크라쿠프 영유권 보유 지역 반환;;;;;;;;;;;;;
return_cores_KRA_desc;우리나라가 소유한 크라쿠프의 영유권 보유 지역을 선의로서 반환한다면 이들과의 관계가 진전할 것입니다.;;;;;;;;;;;;;
return_cores_CRI_title;크림 영유권 보유 지역 반환;;;;;;;;;;;;;
return_cores_CRI_desc;우리나라가 소유한 크림의 영유권 보유 지역을 선의로서 반환한다면 이들과의 관계가 진전할 것입니다.;;;;;;;;;;;;;
return_cores_EST_title;에스토니아 영유권 보유 지역 반환;;;;;;;;;;;;;
return_cores_EST_desc;우리나라가 소유한 에스토니아의 영유권 보유 지역을 선의로서 반환한다면 이들과의 관계가 진전할 것입니다.;;;;;;;;;;;;;
return_cores_HUN_title;헝가리 영유권 보유 지역 반환;;;;;;;;;;;;;
return_cores_HUN_desc;우리나라가 소유한 헝가리의 영유권 보유 지역을 선의로서 반환한다면 이들과의 관계가 진전할 것입니다.;;;;;;;;;;;;;
return_cores_LIT_title;리투아니아 영유권 보유 지역 반환;;;;;;;;;;;;;
return_cores_LIT_desc;우리나라가 소유한 리투아니아의 영유권 보유 지역을 선의로서 반환한다면 이들과의 관계가 진전할 것입니다.;;;;;;;;;;;;;
return_cores_LAT_title;라트비아 영유권 보유 지역 반환;;;;;;;;;;;;;
return_cores_LAT_desc;우리나라가 소유한 라트비아의 영유권 보유 지역을 선의로서 반환한다면 이들과의 관계가 진전할 것입니다.;;;;;;;;;;;;;
return_cores_POL_title;폴란드 영유권 보유 지역 반환;;;;;;;;;;;;;
return_cores_POL_desc;우리나라가 소유한 폴란드의 영유권 보유 지역을 선의로서 반환한다면 이들과의 관계가 진전할 것입니다.;;;;;;;;;;;;;
return_cores_SLV_title;슬로바키아 영유권 보유 지역 반환;;;;;;;;;;;;;
return_cores_SLV_desc;우리나라가 소유한 슬로바키아의 영유권 보유 지역을 선의로서 반환한다면 이들과의 관계가 진전할 것입니다.;;;;;;;;;;;;;
return_cores_SWI_title;스위스 영유권 보유 지역 반환;;;;;;;;;;;;;
return_cores_SWI_desc;우리나라가 소유한 스위스의 영유권 보유 지역을 선의로서 반환한다면 이들과의 관계가 진전할 것입니다.;;;;;;;;;;;;;
return_cores_RUT_title;루테니아 영유권 보유 지역 반환;;;;;;;;;;;;;
return_cores_RUT_desc;우리나라가 소유한 루테니아의 영유권 보유 지역을 선의로서 반환한다면 이들과의 관계가 진전할 것입니다.;;;;;;;;;;;;;
return_cores_SIE_title;트란실바니아 영유권 보유 지역 반환;;;;;;;;;;;;;
return_cores_SIE_desc;우리나라가 소유한 트란실바니아의 영유권 보유 지역을 선의로서 반환한다면 이들과의 관계가 진전할 것입니다.;;;;;;;;;;;;;
return_cores_UKR_title;우크라이나 영유권 보유 지역 반환;;;;;;;;;;;;;
return_cores_UKR_desc;우리나라가 소유한 우크라이나의 영유권 보유 지역을 선의로서 반환한다면 이들과의 관계가 진전할 것입니다.;;;;;;;;;;;;;
return_cores_CZH_title;체코슬로바키아 영유권 보유 지역 반환;;;;;;;;;;;;;
return_cores_CZH_desc;우리나라가 소유한 체코슬로바키아의 영유권 보유 지역을 선의로서 반환한다면 이들과의 관계가 진전할 것입니다.;;;;;;;;;;;;;
return_cores_ALB_title;알바니아 영유권 보유 지역 반환;;;;;;;;;;;;;
return_cores_ALB_desc;우리나라가 소유한 알바니아의 영유권 보유 지역을 선의로서 반환한다면 이들과의 관계가 진전할 것입니다.;;;;;;;;;;;;;
return_cores_BOS_title;보스니아-헤르체고비나 영유권 보유 지역 반환;;;;;;;;;;;;;
return_cores_BOS_desc;우리나라가 소유한 보스니아-헤르체고비나의 영유권 보유 지역을 선의로서 반환한다면 이들과의 관계가 진전할 것입니다.;;;;;;;;;;;;;
return_cores_BUL_title;불가리아 영유권 보유 지역 반환;;;;;;;;;;;;;
return_cores_BUL_desc;우리나라가 소유한 불가리아의 영유권 보유 지역을 선의로서 반환한다면 이들과의 관계가 진전할 것입니다.;;;;;;;;;;;;;
return_cores_CRE_title;크레타 영유권 보유 지역 반환;;;;;;;;;;;;;
return_cores_CRE_desc;우리나라가 소유한 크레타의 영유권 보유 지역을 선의로서 반환한다면 이들과의 관계가 진전할 것입니다.;;;;;;;;;;;;;
return_cores_CRO_title;크로아티아 영유권 보유 지역 반환;;;;;;;;;;;;;
return_cores_CRO_desc;우리나라가 소유한 크로아티아의 영유권 보유 지역을 선의로서 반환한다면 이들과의 관계가 진전할 것입니다.;;;;;;;;;;;;;
return_cores_CYP_title;키프로스 영유권 보유 지역 반환;;;;;;;;;;;;;
return_cores_CYP_desc;우리나라가 소유한 키프로스의 영유권 보유 지역을 선의로서 반환한다면 이들과의 관계가 진전할 것입니다.;;;;;;;;;;;;;
return_cores_GRE_title;그리스 영유권 보유 지역 반환;;;;;;;;;;;;;
return_cores_GRE_desc;우리나라가 소유한 그리스의 영유권 보유 지역을 선의로서 반환한다면 이들과의 관계가 진전할 것입니다.;;;;;;;;;;;;;
return_cores_ION_title;이오니아 영유권 보유 지역 반환;;;;;;;;;;;;;
return_cores_ION_desc;우리나라가 소유한 이오니아의 영유권 보유 지역을 선의로서 반환한다면 이들과의 관계가 진전할 것입니다.;;;;;;;;;;;;;
return_cores_MOL_title;몰다비아 영유권 보유 지역 반환;;;;;;;;;;;;;
return_cores_MOL_desc;우리나라가 소유한 몰다비아의 영유권 보유 지역을 선의로서 반환한다면 이들과의 관계가 진전할 것입니다.;;;;;;;;;;;;;
return_cores_MON_title;몬테네그로 영유권 보유 지역 반환;;;;;;;;;;;;;
return_cores_MON_desc;우리나라가 소유한 몬테네그로의 영유권 보유 지역을 선의로서 반환한다면 이들과의 관계가 진전할 것입니다.;;;;;;;;;;;;;
return_cores_ROM_title;루마니아 영유권 보유 지역 반환;;;;;;;;;;;;;
return_cores_ROM_desc;우리나라가 소유한 루마니아의 영유권 보유 지역을 선의로서 반환한다면 이들과의 관계가 진전할 것입니다.;;;;;;;;;;;;;
return_cores_SER_title;세르비아 영유권 보유 지역 반환;;;;;;;;;;;;;
return_cores_SER_desc;우리나라가 소유한 세르비아의 영유권 보유 지역을 선의로서 반환한다면 이들과의 관계가 진전할 것입니다.;;;;;;;;;;;;;
return_cores_SLO_title;슬로베니아 영유권 보유 지역 반환;;;;;;;;;;;;;
return_cores_SLO_desc;우리나라가 소유한 슬로베니아의 영유권 보유 지역을 선의로서 반환한다면 이들과의 관계가 진전할 것입니다.;;;;;;;;;;;;;
return_cores_TUR_title;오스만 영유권 보유 지역 반환;;;;;;;;;;;;;
return_cores_TUR_desc;우리나라가 소유한 오스만의 영유권 보유 지역을 선의로서 반환한다면 이들과의 관계가 진전할 것입니다.;;;;;;;;;;;;;
return_cores_WAL_title;왈라키아 영유권 보유 지역 반환;;;;;;;;;;;;;
return_cores_WAL_desc;우리나라가 소유한 왈라키아의 영유권 보유 지역을 선의로서 반환한다면 이들과의 관계가 진전할 것입니다.;;;;;;;;;;;;;
return_cores_YUG_title;유고슬라비아 영유권 보유 지역 반환;;;;;;;;;;;;;
return_cores_YUG_desc;우리나라가 소유한 유고슬라비아의 영유권 보유 지역을 선의로서 반환한다면 이들과의 관계가 진전할 것입니다.;;;;;;;;;;;;;
return_cores_ALD_title;알제리 영유권 보유 지역 반환;;;;;;;;;;;;;
return_cores_ALD_desc;우리나라가 소유한 알제리의 영유권 보유 지역을 선의로서 반환한다면 이들과의 관계가 진전할 것입니다.;;;;;;;;;;;;;
return_cores_CNG_title;콩고 자유국 영유권 보유 지역 반환;;;;;;;;;;;;;
return_cores_CNG_desc;우리나라가 소유한 콩고 자유국의 영유권 보유 지역을 선의로서 반환한다면 이들과의 관계가 진전할 것입니다.;;;;;;;;;;;;;
return_cores_EGY_title;이집트 영유권 보유 지역 반환;;;;;;;;;;;;;
return_cores_EGY_desc;우리나라가 소유한 이집트의 영유권 보유 지역을 선의로서 반환한다면 이들과의 관계가 진전할 것입니다.;;;;;;;;;;;;;
return_cores_ETH_title;에티오피아 영유권 보유 지역 반환;;;;;;;;;;;;;
return_cores_ETH_desc;우리나라가 소유한 에티오피아의 영유권 보유 지역을 선의로서 반환한다면 이들과의 관계가 진전할 것입니다.;;;;;;;;;;;;;
return_cores_MAD_title;마다가스카르 영유권 보유 지역 반환;;;;;;;;;;;;;
return_cores_MAD_desc;우리나라가 소유한 마다가스카르의 영유권 보유 지역을 선의로서 반환한다면 이들과의 관계가 진전할 것입니다.;;;;;;;;;;;;;
return_cores_LIB_title;라이베리아 영유권 보유 지역 반환;;;;;;;;;;;;;
return_cores_LIB_desc;우리나라가 소유한 라이베리아의 영유권 보유 지역을 선의로서 반환한다면 이들과의 관계가 진전할 것입니다.;;;;;;;;;;;;;
return_cores_MOR_title;모로코 영유권 보유 지역 반환;;;;;;;;;;;;;
return_cores_MOR_desc;우리나라가 소유한 모로코의 영유권 보유 지역을 선의로서 반환한다면 이들과의 관계가 진전할 것입니다.;;;;;;;;;;;;;
return_cores_NAL_title;나탈리아 영유권 보유 지역 반환;;;;;;;;;;;;;
return_cores_NAL_desc;우리나라가 소유한 나탈리아의 영유권 보유 지역을 선의로서 반환한다면 이들과의 관계가 진전할 것입니다.;;;;;;;;;;;;;
return_cores_ORA_title;오라녜 영유권 보유 지역 반환;;;;;;;;;;;;;
return_cores_ORA_desc;우리나라가 소유한 오라녜의 영유권 보유 지역을 선의로서 반환한다면 이들과의 관계가 진전할 것입니다.;;;;;;;;;;;;;
return_cores_SAF_title;남아프리카 영유권 보유 지역 반환;;;;;;;;;;;;;
return_cores_SAF_desc;우리나라가 소유한 남아프리카의 영유권 보유 지역을 선의로서 반환한다면 이들과의 관계가 진전할 것입니다.;;;;;;;;;;;;;
return_cores_SOK_title;소코토 영유권 보유 지역 반환;;;;;;;;;;;;;
return_cores_SOK_desc;우리나라가 소유한 소코토의 영유권 보유 지역을 선의로서 반환한다면 이들과의 관계가 진전할 것입니다.;;;;;;;;;;;;;
return_cores_RHO_title;남로지디아 영유권 보유 지역 반환;;;;;;;;;;;;;
return_cores_RHO_desc;우리나라가 소유한 남로지디아의 영유권 보유 지역을 선의로서 반환한다면 이들과의 관계가 진전할 것입니다.;;;;;;;;;;;;;
return_cores_TRI_title;트리폴리타니아 영유권 보유 지역 반환;;;;;;;;;;;;;
return_cores_TRI_desc;우리나라가 소유한 트리폴리타니아의 영유권 보유 지역을 선의로서 반환한다면 이들과의 관계가 진전할 것입니다.;;;;;;;;;;;;;
return_cores_TRN_title;트란스발 영유권 보유 지역 반환;;;;;;;;;;;;;
return_cores_TRN_desc;우리나라가 소유한 트란스발의 영유권 보유 지역을 선의로서 반환한다면 이들과의 관계가 진전할 것입니다.;;;;;;;;;;;;;
return_cores_TUN_title;튀니지 영유권 보유 지역 반환;;;;;;;;;;;;;
return_cores_TUN_desc;우리나라가 소유한 튀니지의 영유권 보유 지역을 선의로서 반환한다면 이들과의 관계가 진전할 것입니다.;;;;;;;;;;;;;
return_cores_ZAN_title;잔지바르 영유권 보유 지역 반환;;;;;;;;;;;;;
return_cores_ZAN_desc;우리나라가 소유한 잔지바르의 영유권 보유 지역을 선의로서 반환한다면 이들과의 관계가 진전할 것입니다.;;;;;;;;;;;;;
return_cores_ZUL_title;줄루 영유권 보유 지역 반환;;;;;;;;;;;;;
return_cores_ZUL_desc;우리나라가 소유한 줄루의 영유권 보유 지역을 선의로서 반환한다면 이들과의 관계가 진전할 것입니다.;;;;;;;;;;;;;
return_cores_ABU_title;아부다비 영유권 보유 지역 반환;;;;;;;;;;;;;
return_cores_ABU_desc;우리나라가 소유한 아부다비의 영유권 보유 지역을 선의로서 반환한다면 이들과의 관계가 진전할 것입니다.;;;;;;;;;;;;;
return_cores_AFG_title;아프가니스탄 영유권 보유 지역 반환;;;;;;;;;;;;;
return_cores_AFG_desc;우리나라가 소유한 아프가니스탄의 영유권 보유 지역을 선의로서 반환한다면 이들과의 관계가 진전할 것입니다.;;;;;;;;;;;;;
return_cores_ARM_title;아르메니아 영유권 보유 지역 반환;;;;;;;;;;;;;
return_cores_ARM_desc;우리나라가 소유한 아르메니아의 영유권 보유 지역을 선의로서 반환한다면 이들과의 관계가 진전할 것입니다.;;;;;;;;;;;;;
return_cores_AZB_title;아제르바이잔 영유권 보유 지역 반환;;;;;;;;;;;;;
return_cores_AZB_desc;우리나라가 소유한 아제르바이잔의 영유권 보유 지역을 선의로서 반환한다면 이들과의 관계가 진전할 것입니다.;;;;;;;;;;;;;
return_cores_BUK_title;부하라 영유권 보유 지역 반환;;;;;;;;;;;;;
return_cores_BUK_desc;우리나라가 소유한 부하라의 영유권 보유 지역을 선의로서 반환한다면 이들과의 관계가 진전할 것입니다.;;;;;;;;;;;;;
return_cores_GEO_title;그루지야 영유권 보유 지역 반환;;;;;;;;;;;;;
return_cores_GEO_desc;우리나라가 소유한 그루지야의 영유권 보유 지역을 선의로서 반환한다면 이들과의 관계가 진전할 것입니다.;;;;;;;;;;;;;
return_cores_HDJ_title;헤자즈 영유권 보유 지역 반환;;;;;;;;;;;;;
return_cores_HDJ_desc;우리나라가 소유한 헤자즈의 영유권 보유 지역을 선의로서 반환한다면 이들과의 관계가 진전할 것입니다.;;;;;;;;;;;;;
return_cores_IRQ_title;이라크 영유권 보유 지역 반환;;;;;;;;;;;;;
return_cores_IRQ_desc;우리나라가 소유한 이라크의 영유권 보유 지역을 선의로서 반환한다면 이들과의 관계가 진전할 것입니다.;;;;;;;;;;;;;
return_cores_KHI_title;히바 영유권 보유 지역 반환;;;;;;;;;;;;;
return_cores_KHI_desc;우리나라가 소유한 히바의 영유권 보유 지역을 선의로서 반환한다면 이들과의 관계가 진전할 것입니다.;;;;;;;;;;;;;
return_cores_KOK_title;코콘 영유권 보유 지역 반환;;;;;;;;;;;;;
return_cores_KOK_desc;우리나라가 소유한 코콘의 영유권 보유 지역을 선의로서 반환한다면 이들과의 관계가 진전할 것입니다.;;;;;;;;;;;;;
return_cores_MUG_title;무굴 영유권 보유 지역 반환;;;;;;;;;;;;;
return_cores_MUG_desc;우리나라가 소유한 무굴의 영유권 보유 지역을 선의로서 반환한다면 이들과의 관계가 진전할 것입니다.;;;;;;;;;;;;;
return_cores_NEJ_title;네지드 영유권 보유 지역 반환;;;;;;;;;;;;;
return_cores_NEJ_desc;우리나라가 소유한 네지드의 영유권 보유 지역을 선의로서 반환한다면 이들과의 관계가 진전할 것입니다.;;;;;;;;;;;;;
return_cores_OMA_title;오만 영유권 보유 지역 반환;;;;;;;;;;;;;
return_cores_OMA_desc;우리나라가 소유한 오만의 영유권 보유 지역을 선의로서 반환한다면 이들과의 관계가 진전할 것입니다.;;;;;;;;;;;;;
return_cores_PER_title;페르시아 영유권 보유 지역 반환;;;;;;;;;;;;;
return_cores_PER_desc;우리나라가 소유한 페르시아의 영유권 보유 지역을 선의로서 반환한다면 이들과의 관계가 진전할 것입니다.;;;;;;;;;;;;;
return_cores_YEM_title;예멘 영유권 보유 지역 반환;;;;;;;;;;;;;
return_cores_YEM_desc;우리나라가 소유한 예멘의 영유권 보유 지역을 선의로서 반환한다면 이들과의 관계가 진전할 것입니다.;;;;;;;;;;;;;
return_cores_HND_title;인디아 영유권 보유 지역 반환;;;;;;;;;;;;;
return_cores_HND_desc;우리나라가 소유한 인디아의 영유권 보유 지역을 선의로서 반환한다면 이들과의 관계가 진전할 것입니다.;;;;;;;;;;;;;
return_cores_AWA_title;아와드 영유권 보유 지역 반환;;;;;;;;;;;;;
return_cores_AWA_desc;우리나라가 소유한 아와드의 영유권 보유 지역을 선의로서 반환한다면 이들과의 관계가 진전할 것입니다.;;;;;;;;;;;;;
return_cores_BAS_title;바스타르 영유권 보유 지역 반환;;;;;;;;;;;;;
return_cores_BAS_desc;우리나라가 소유한 바스타르의 영유권 보유 지역을 선의로서 반환한다면 이들과의 관계가 진전할 것입니다.;;;;;;;;;;;;;
return_cores_BER_title;바로다 영유권 보유 지역 반환;;;;;;;;;;;;;
return_cores_BER_desc;우리나라가 소유한 바로다의 영유권 보유 지역을 선의로서 반환한다면 이들과의 관계가 진전할 것입니다.;;;;;;;;;;;;;
return_cores_BHO_title;보팔 영유권 보유 지역 반환;;;;;;;;;;;;;
return_cores_BHO_desc;우리나라가 소유한 보팔의 영유권 보유 지역을 선의로서 반환한다면 이들과의 관계가 진전할 것입니다.;;;;;;;;;;;;;
return_cores_BIK_title;비카네르 영유권 보유 지역 반환;;;;;;;;;;;;;
return_cores_BIK_desc;우리나라가 소유한 비카네르의 영유권 보유 지역을 선의로서 반환한다면 이들과의 관계가 진전할 것입니다.;;;;;;;;;;;;;
return_cores_BUN_title;분델칸드 영유권 보유 지역 반환;;;;;;;;;;;;;
return_cores_BUN_desc;우리나라가 소유한 분델칸드의 영유권 보유 지역을 선의로서 반환한다면 이들과의 관계가 진전할 것입니다.;;;;;;;;;;;;;
return_cores_GWA_title;괄리오르 영유권 보유 지역 반환;;;;;;;;;;;;;
return_cores_GWA_desc;우리나라가 소유한 괄리오르의 영유권 보유 지역을 선의로서 반환한다면 이들과의 관계가 진전할 것입니다.;;;;;;;;;;;;;
return_cores_HYD_title;하이데라바드 영유권 보유 지역 반환;;;;;;;;;;;;;
return_cores_HYD_desc;우리나라가 소유한 하이데라바드의 영유권 보유 지역을 선의로서 반환한다면 이들과의 관계가 진전할 것입니다.;;;;;;;;;;;;;
return_cores_IND_title;인도르 영유권 보유 지역 반환;;;;;;;;;;;;;
return_cores_IND_desc;우리나라가 소유한 인도르의 영유권 보유 지역을 선의로서 반환한다면 이들과의 관계가 진전할 것입니다.;;;;;;;;;;;;;
return_cores_JAI_title;자이푸르 영유권 보유 지역 반환;;;;;;;;;;;;;
return_cores_JAI_desc;우리나라가 소유한 자이푸르의 영유권 보유 지역을 선의로서 반환한다면 이들과의 관계가 진전할 것입니다.;;;;;;;;;;;;;
return_cores_JAS_title;자이살메르 영유권 보유 지역 반환;;;;;;;;;;;;;
return_cores_JAS_desc;우리나라가 소유한 자이살메르의 영유권 보유 지역을 선의로서 반환한다면 이들과의 관계가 진전할 것입니다.;;;;;;;;;;;;;
return_cores_JOD_title;조드푸르 영유권 보유 지역 반환;;;;;;;;;;;;;
return_cores_JOD_desc;우리나라가 소유한 조드푸르의 영유권 보유 지역을 선의로서 반환한다면 이들과의 관계가 진전할 것입니다.;;;;;;;;;;;;;
return_cores_KAL_title;칼라트 영유권 보유 지역 반환;;;;;;;;;;;;;
return_cores_KAL_desc;우리나라가 소유한 칼라트의 영유권 보유 지역을 선의로서 반환한다면 이들과의 관계가 진전할 것입니다.;;;;;;;;;;;;;
return_cores_KAS_title;카슈미르 영유권 보유 지역 반환;;;;;;;;;;;;;
return_cores_KAS_desc;우리나라가 소유한 카슈미르의 영유권 보유 지역을 선의로서 반환한다면 이들과의 관계가 진전할 것입니다.;;;;;;;;;;;;;
return_cores_KUT_title;쿠치 영유권 보유 지역 반환;;;;;;;;;;;;;
return_cores_KUT_desc;우리나라가 소유한 쿠치의 영유권 보유 지역을 선의로서 반환한다면 이들과의 관계가 진전할 것입니다.;;;;;;;;;;;;;
return_cores_LAD_title;라다크 영유권 보유 지역 반환;;;;;;;;;;;;;
return_cores_LAD_desc;우리나라가 소유한 라다크의 영유권 보유 지역을 선의로서 반환한다면 이들과의 관계가 진전할 것입니다.;;;;;;;;;;;;;
return_cores_MAK_title;마크란 영유권 보유 지역 반환;;;;;;;;;;;;;
return_cores_MAK_desc;우리나라가 소유한 마크란의 영유권 보유 지역을 선의로서 반환한다면 이들과의 관계가 진전할 것입니다.;;;;;;;;;;;;;
return_cores_MEW_title;메와르 영유권 보유 지역 반환;;;;;;;;;;;;;
return_cores_MEW_desc;우리나라가 소유한 메와르의 영유권 보유 지역을 선의로서 반환한다면 이들과의 관계가 진전할 것입니다.;;;;;;;;;;;;;
return_cores_MYS_title;마이소르 영유권 보유 지역 반환;;;;;;;;;;;;;
return_cores_MYS_desc;우리나라가 소유한 마이소르의 영유권 보유 지역을 선의로서 반환한다면 이들과의 관계가 진전할 것입니다.;;;;;;;;;;;;;
return_cores_NAG_title;나그푸르 영유권 보유 지역 반환;;;;;;;;;;;;;
return_cores_NAG_desc;우리나라가 소유한 나그푸르의 영유권 보유 지역을 선의로서 반환한다면 이들과의 관계가 진전할 것입니다.;;;;;;;;;;;;;
return_cores_NEP_title;네팔 영유권 보유 지역 반환;;;;;;;;;;;;;
return_cores_NEP_desc;우리나라가 소유한 네팔의 영유권 보유 지역을 선의로서 반환한다면 이들과의 관계가 진전할 것입니다.;;;;;;;;;;;;;
return_cores_ORI_title;오리사 영유권 보유 지역 반환;;;;;;;;;;;;;
return_cores_ORI_desc;우리나라가 소유한 오리사의 영유권 보유 지역을 선의로서 반환한다면 이들과의 관계가 진전할 것입니다.;;;;;;;;;;;;;
return_cores_PNJ_title;펀자브 영유권 보유 지역 반환;;;;;;;;;;;;;
return_cores_PNJ_desc;우리나라가 소유한 펀자브의 영유권 보유 지역을 선의로서 반환한다면 이들과의 관계가 진전할 것입니다.;;;;;;;;;;;;;
return_cores_SHI_title;심라 영유권 보유 지역 반환;;;;;;;;;;;;;
return_cores_SHI_desc;우리나라가 소유한 심라의 영유권 보유 지역을 선의로서 반환한다면 이들과의 관계가 진전할 것입니다.;;;;;;;;;;;;;
return_cores_SIK_title;시킴 영유권 보유 지역 반환;;;;;;;;;;;;;
return_cores_SIK_desc;우리나라가 소유한 시킴의 영유권 보유 지역을 선의로서 반환한다면 이들과의 관계가 진전할 것입니다.;;;;;;;;;;;;;
return_cores_SIN_title;신드 영유권 보유 지역 반환;;;;;;;;;;;;;
return_cores_SIN_desc;우리나라가 소유한 신드의 영유권 보유 지역을 선의로서 반환한다면 이들과의 관계가 진전할 것입니다.;;;;;;;;;;;;;
return_cores_TRA_title;트라방코르 영유권 보유 지역 반환;;;;;;;;;;;;;
return_cores_TRA_desc;우리나라가 소유한 트라방코르의 영유권 보유 지역을 선의로서 반환한다면 이들과의 관계가 진전할 것입니다.;;;;;;;;;;;;;
return_cores_ATJ_title;아체 영유권 보유 지역 반환;;;;;;;;;;;;;
return_cores_ATJ_desc;우리나라가 소유한 아체의 영유권 보유 지역을 선의로서 반환한다면 이들과의 관계가 진전할 것입니다.;;;;;;;;;;;;;
return_cores_BAL_title;발리 영유권 보유 지역 반환;;;;;;;;;;;;;
return_cores_BAL_desc;우리나라가 소유한 발리의 영유권 보유 지역을 선의로서 반환한다면 이들과의 관계가 진전할 것입니다.;;;;;;;;;;;;;
return_cores_BHU_title;부탄 영유권 보유 지역 반환;;;;;;;;;;;;;
return_cores_BHU_desc;우리나라가 소유한 부탄의 영유권 보유 지역을 선의로서 반환한다면 이들과의 관계가 진전할 것입니다.;;;;;;;;;;;;;
return_cores_BRU_title;브루나이 영유권 보유 지역 반환;;;;;;;;;;;;;
return_cores_BRU_desc;우리나라가 소유한 브루나이의 영유권 보유 지역을 선의로서 반환한다면 이들과의 관계가 진전할 것입니다.;;;;;;;;;;;;;
return_cores_BUR_title;버마 영유권 보유 지역 반환;;;;;;;;;;;;;
return_cores_BUR_desc;우리나라가 소유한 버마의 영유권 보유 지역을 선의로서 반환한다면 이들과의 관계가 진전할 것입니다.;;;;;;;;;;;;;
return_cores_CAM_title;캄보디아 영유권 보유 지역 반환;;;;;;;;;;;;;
return_cores_CAM_desc;우리나라가 소유한 캄보디아의 영유권 보유 지역을 선의로서 반환한다면 이들과의 관계가 진전할 것입니다.;;;;;;;;;;;;;
return_cores_CHI_title;중국 영유권 보유 지역 반환;;;;;;;;;;;;;
return_cores_CHI_desc;우리나라가 소유한 중국의 영유권 보유 지역을 선의로서 반환한다면 이들과의 관계가 진전할 것입니다.;;;;;;;;;;;;;
return_cores_DAI_title;대남 영유권 보유 지역 반환;;;;;;;;;;;;;
return_cores_DAI_desc;우리나라가 소유한 대남의 영유권 보유 지역을 선의로서 반환한다면 이들과의 관계가 진전할 것입니다.;;;;;;;;;;;;;
return_cores_JAV_title;자바 영유권 보유 지역 반환;;;;;;;;;;;;;
return_cores_JAV_desc;우리나라가 소유한 자바의 영유권 보유 지역을 선의로서 반환한다면 이들과의 관계가 진전할 것입니다.;;;;;;;;;;;;;
return_cores_KOR_title;조선 영유권 보유 지역 반환;;;;;;;;;;;;;
return_cores_KOR_desc;우리나라가 소유한 조선의 영유권 보유 지역을 선의로서 반환한다면 이들과의 관계가 진전할 것입니다.;;;;;;;;;;;;;
return_cores_LUA_title;루앙프라방 영유권 보유 지역 반환;;;;;;;;;;;;;
return_cores_LUA_desc;우리나라가 소유한 루앙프라방의 영유권 보유 지역을 선의로서 반환한다면 이들과의 관계가 진전할 것입니다.;;;;;;;;;;;;;
return_cores_JOH_title;조호르 영유권 보유 지역 반환;;;;;;;;;;;;;
return_cores_JOH_desc;우리나라가 소유한 조호르의 영유권 보유 지역을 선의로서 반환한다면 이들과의 관계가 진전할 것입니다.;;;;;;;;;;;;;
return_cores_SIA_title;시암 영유권 보유 지역 반환;;;;;;;;;;;;;
return_cores_SIA_desc;우리나라가 소유한 시암의 영유권 보유 지역을 선의로서 반환한다면 이들과의 관계가 진전할 것입니다.;;;;;;;;;;;;;
return_cores_TIB_title;티베트 영유권 보유 지역 반환;;;;;;;;;;;;;
return_cores_TIB_desc;우리나라가 소유한 티베트의 영유권 보유 지역을 선의로서 반환한다면 이들과의 관계가 진전할 것입니다.;;;;;;;;;;;;;
return_cores_MGL_title;몽골 영유권 보유 지역 반환;;;;;;;;;;;;;
return_cores_MGL_desc;우리나라가 소유한 몽골의 영유권 보유 지역을 선의로서 반환한다면 이들과의 관계가 진전할 것입니다.;;;;;;;;;;;;;
return_cores_WIA_title;위앙짠 영유권 보유 지역 반환;;;;;;;;;;;;;
return_cores_WIA_desc;우리나라가 소유한 위앙짠의 영유권 보유 지역을 선의로서 반환한다면 이들과의 관계가 진전할 것입니다.;;;;;;;;;;;;;
return_cores_PHL_title;필리핀 영유권 보유 지역 반환;;;;;;;;;;;;;
return_cores_PHL_desc;우리나라가 소유한 필리핀의 영유권 보유 지역을 선의로서 반환한다면 이들과의 관계가 진전할 것입니다.;;;;;;;;;;;;;
return_cores_MCK_title;만주 영유권 보유 지역 반환;;;;;;;;;;;;;
return_cores_MCK_desc;우리나라가 소유한 만주의 영유권 보유 지역을 선의로서 반환한다면 이들과의 관계가 진전할 것입니다.;;;;;;;;;;;;;
return_cores_GXI_title;광서 영유권 보유 지역 반환;;;;;;;;;;;;;
return_cores_GXI_desc;우리나라가 소유한 광서의 영유권 보유 지역을 선의로서 반환한다면 이들과의 관계가 진전할 것입니다.;;;;;;;;;;;;;
return_cores_SXI_title;산서 영유권 보유 지역 반환;;;;;;;;;;;;;
return_cores_SXI_desc;우리나라가 소유한 산서의 영유권 보유 지역을 선의로서 반환한다면 이들과의 관계가 진전할 것입니다.;;;;;;;;;;;;;
return_cores_YNN_title;운남 영유권 보유 지역 반환;;;;;;;;;;;;;
return_cores_YNN_desc;우리나라가 소유한 운남의 영유권 보유 지역을 선의로서 반환한다면 이들과의 관계가 진전할 것입니다.;;;;;;;;;;;;;
return_cores_XBI_title;청해 영유권 보유 지역 반환;;;;;;;;;;;;;
return_cores_XBI_desc;우리나라가 소유한 청해의 영유권 보유 지역을 선의로서 반환한다면 이들과의 관계가 진전할 것입니다.;;;;;;;;;;;;;
return_cores_XIN_title;신강 영유권 보유 지역 반환;;;;;;;;;;;;;
return_cores_XIN_desc;우리나라가 소유한 신강의 영유권 보유 지역을 선의로서 반환한다면 이들과의 관계가 진전할 것입니다.;;;;;;;;;;;;;
return_cores_CAL_title;캘리포니아 영유권 보유 지역 반환;;;;;;;;;;;;;
return_cores_CAL_desc;우리나라가 소유한 캘리포니아의 영유권 보유 지역을 선의로서 반환한다면 이들과의 관계가 진전할 것입니다.;;;;;;;;;;;;;
return_cores_CAN_title;캐나다 영유권 보유 지역 반환;;;;;;;;;;;;;
return_cores_CAN_desc;우리나라가 소유한 캐나다의 영유권 보유 지역을 선의로서 반환한다면 이들과의 관계가 진전할 것입니다.;;;;;;;;;;;;;
return_cores_CHE_title;체로키 영유권 보유 지역 반환;;;;;;;;;;;;;
return_cores_CHE_desc;우리나라가 소유한 체로키의 영유권 보유 지역을 선의로서 반환한다면 이들과의 관계가 진전할 것입니다.;;;;;;;;;;;;;
return_cores_COL_title;컬럼비아 영유권 보유 지역 반환;;;;;;;;;;;;;
return_cores_COL_desc;우리나라가 소유한 컬럼비아의 영유권 보유 지역을 선의로서 반환한다면 이들과의 관계가 진전할 것입니다.;;;;;;;;;;;;;
return_cores_COS_title;코스타리카 영유권 보유 지역 반환;;;;;;;;;;;;;
return_cores_COS_desc;우리나라가 소유한 코스타리카의 영유권 보유 지역을 선의로서 반환한다면 이들과의 관계가 진전할 것입니다.;;;;;;;;;;;;;
return_cores_CSA_title;미연합국 영유권 보유 지역 반환;;;;;;;;;;;;;
return_cores_CSA_desc;우리나라가 소유한 미연합국의 영유권 보유 지역을 선의로서 반환한다면 이들과의 관계가 진전할 것입니다.;;;;;;;;;;;;;
return_cores_CUB_title;쿠바 영유권 보유 지역 반환;;;;;;;;;;;;;
return_cores_CUB_desc;우리나라가 소유한 쿠바의 영유권 보유 지역을 선의로서 반환한다면 이들과의 관계가 진전할 것입니다.;;;;;;;;;;;;;
return_cores_DES_title;데저릿 영유권 보유 지역 반환;;;;;;;;;;;;;
return_cores_DES_desc;우리나라가 소유한 데저릿의 영유권 보유 지역을 선의로서 반환한다면 이들과의 관계가 진전할 것입니다.;;;;;;;;;;;;;
return_cores_DOM_title;도미니카 영유권 보유 지역 반환;;;;;;;;;;;;;
return_cores_DOM_desc;우리나라가 소유한 도미니카의 영유권 보유 지역을 선의로서 반환한다면 이들과의 관계가 진전할 것입니다.;;;;;;;;;;;;;
return_cores_ELS_title;엘살바도르 영유권 보유 지역 반환;;;;;;;;;;;;;
return_cores_ELS_desc;우리나라가 소유한 엘살바도르의 영유권 보유 지역을 선의로서 반환한다면 이들과의 관계가 진전할 것입니다.;;;;;;;;;;;;;
return_cores_GUA_title;과테말라 영유권 보유 지역 반환;;;;;;;;;;;;;
return_cores_GUA_desc;우리나라가 소유한 과테말라의 영유권 보유 지역을 선의로서 반환한다면 이들과의 관계가 진전할 것입니다.;;;;;;;;;;;;;
return_cores_HAI_title;아이티 영유권 보유 지역 반환;;;;;;;;;;;;;
return_cores_HAI_desc;우리나라가 소유한 아이티의 영유권 보유 지역을 선의로서 반환한다면 이들과의 관계가 진전할 것입니다.;;;;;;;;;;;;;
return_cores_HAW_title;하와이 영유권 보유 지역 반환;;;;;;;;;;;;;
return_cores_HAW_desc;우리나라가 소유한 하와이의 영유권 보유 지역을 선의로서 반환한다면 이들과의 관계가 진전할 것입니다.;;;;;;;;;;;;;
return_cores_MEX_title;멕시코 영유권 보유 지역 반환;;;;;;;;;;;;;
return_cores_MEX_desc;우리나라가 소유한 멕시코의 영유권 보유 지역을 선의로서 반환한다면 이들과의 관계가 진전할 것입니다.;;;;;;;;;;;;;
return_cores_MTC_title;메티스 영유권 보유 지역 반환;;;;;;;;;;;;;
return_cores_MTC_desc;우리나라가 소유한 메티스의 영유권 보유 지역을 선의로서 반환한다면 이들과의 관계가 진전할 것입니다.;;;;;;;;;;;;;
return_cores_HON_title;온두라스 영유권 보유 지역 반환;;;;;;;;;;;;;
return_cores_HON_desc;우리나라가 소유한 온두라스의 영유권 보유 지역을 선의로서 반환한다면 이들과의 관계가 진전할 것입니다.;;;;;;;;;;;;;
return_cores_NEN_title;뉴잉글랜드 영유권 보유 지역 반환;;;;;;;;;;;;;
return_cores_NEN_desc;우리나라가 소유한 뉴잉글랜드의 영유권 보유 지역을 선의로서 반환한다면 이들과의 관계가 진전할 것입니다.;;;;;;;;;;;;;
return_cores_NEW_title;뉴펀들랜드 영유권 보유 지역 반환;;;;;;;;;;;;;
return_cores_NEW_desc;우리나라가 소유한 뉴펀들랜드의 영유권 보유 지역을 선의로서 반환한다면 이들과의 관계가 진전할 것입니다.;;;;;;;;;;;;;
return_cores_NIC_title;니카라과 영유권 보유 지역 반환;;;;;;;;;;;;;
return_cores_NIC_desc;우리나라가 소유한 니카라과의 영유권 보유 지역을 선의로서 반환한다면 이들과의 관계가 진전할 것입니다.;;;;;;;;;;;;;
return_cores_PNM_title;파나마 영유권 보유 지역 반환;;;;;;;;;;;;;
return_cores_PNM_desc;우리나라가 소유한 파나마의 영유권 보유 지역을 선의로서 반환한다면 이들과의 관계가 진전할 것입니다.;;;;;;;;;;;;;
return_cores_QUE_title;퀘벡 영유권 보유 지역 반환;;;;;;;;;;;;;
return_cores_QUE_desc;우리나라가 소유한 퀘벡의 영유권 보유 지역을 선의로서 반환한다면 이들과의 관계가 진전할 것입니다.;;;;;;;;;;;;;
return_cores_TEX_title;텍사스 영유권 보유 지역 반환;;;;;;;;;;;;;
return_cores_TEX_desc;우리나라가 소유한 텍사스의 영유권 보유 지역을 선의로서 반환한다면 이들과의 관계가 진전할 것입니다.;;;;;;;;;;;;;
return_cores_UCA_title;중앙아메리카 영유권 보유 지역 반환;;;;;;;;;;;;;
return_cores_UCA_desc;우리나라가 소유한 중앙아메리카의 영유권 보유 지역을 선의로서 반환한다면 이들과의 관계가 진전할 것입니다.;;;;;;;;;;;;;
return_cores_ARG_title;아르헨티나 영유권 보유 지역 반환;;;;;;;;;;;;;
return_cores_ARG_desc;우리나라가 소유한 아르헨티나의 영유권 보유 지역을 선의로서 반환한다면 이들과의 관계가 진전할 것입니다.;;;;;;;;;;;;;
return_cores_BOL_title;볼리비아 영유권 보유 지역 반환;;;;;;;;;;;;;
return_cores_BOL_desc;우리나라가 소유한 볼리비아의 영유권 보유 지역을 선의로서 반환한다면 이들과의 관계가 진전할 것입니다.;;;;;;;;;;;;;
return_cores_BRZ_title;브라질 영유권 보유 지역 반환;;;;;;;;;;;;;
return_cores_BRZ_desc;우리나라가 소유한 브라질의 영유권 보유 지역을 선의로서 반환한다면 이들과의 관계가 진전할 것입니다.;;;;;;;;;;;;;
return_cores_CHL_title;칠레 영유권 보유 지역 반환;;;;;;;;;;;;;
return_cores_CHL_desc;우리나라가 소유한 칠레의 영유권 보유 지역을 선의로서 반환한다면 이들과의 관계가 진전할 것입니다.;;;;;;;;;;;;;
return_cores_CLM_title;콜롬비아 영유권 보유 지역 반환;;;;;;;;;;;;;
return_cores_CLM_desc;우리나라가 소유한 콜롬비아의 영유권 보유 지역을 선의로서 반환한다면 이들과의 관계가 진전할 것입니다.;;;;;;;;;;;;;
return_cores_ECU_title;에콰도르 영유권 보유 지역 반환;;;;;;;;;;;;;
return_cores_ECU_desc;우리나라가 소유한 에콰도르의 영유권 보유 지역을 선의로서 반환한다면 이들과의 관계가 진전할 것입니다.;;;;;;;;;;;;;
return_cores_PEU_title;페루 영유권 보유 지역 반환;;;;;;;;;;;;;
return_cores_PEU_desc;우리나라가 소유한 페루의 영유권 보유 지역을 선의로서 반환한다면 이들과의 관계가 진전할 것입니다.;;;;;;;;;;;;;
return_cores_PRG_title;파라과이 영유권 보유 지역 반환;;;;;;;;;;;;;
return_cores_PRG_desc;우리나라가 소유한 파라과이의 영유권 보유 지역을 선의로서 반환한다면 이들과의 관계가 진전할 것입니다.;;;;;;;;;;;;;
return_cores_URU_title;우루과이 영유권 보유 지역 반환;;;;;;;;;;;;;
return_cores_URU_desc;우리나라가 소유한 우루과이의 영유권 보유 지역을 선의로서 반환한다면 이들과의 관계가 진전할 것입니다.;;;;;;;;;;;;;
return_cores_VNZ_title;베네수엘라 영유권 보유 지역 반환;;;;;;;;;;;;;
return_cores_VNZ_desc;우리나라가 소유한 베네수엘라의 영유권 보유 지역을 선의로서 반환한다면 이들과의 관계가 진전할 것입니다.;;;;;;;;;;;;;
return_cores_AST_title;오스트레일리아 영유권 보유 지역 반환;;;;;;;;;;;;;
return_cores_AST_desc;우리나라가 소유한 오스트레일리아의 영유권 보유 지역을 선의로서 반환한다면 이들과의 관계가 진전할 것입니다.;;;;;;;;;;;;;
return_cores_NZL_title;뉴질랜드 영유권 보유 지역 반환;;;;;;;;;;;;;
return_cores_NZL_desc;우리나라가 소유한 뉴질랜드의 영유권 보유 지역을 선의로서 반환한다면 이들과의 관계가 진전할 것입니다.;;;;;;;;;;;;;
return_cores_ENG_title;영국 영유권 보유 지역 반환;;;;;;;;;;;;;
return_cores_ENG_desc;우리나라가 소유한 영국의 영유권 보유 지역을 선의로서 반환한다면 이들과의 관계가 진전할 것입니다.;;;;;;;;;;;;;
return_cores_RUS_title;러시아 영유권 보유 지역 반환;;;;;;;;;;;;;
return_cores_RUS_desc;우리나라가 소유한 러시아의 영유권 보유 지역을 선의로서 반환한다면 이들과의 관계가 진전할 것입니다.;;;;;;;;;;;;;
return_cores_FRA_title;프랑스 영유권 보유 지역 반환;;;;;;;;;;;;;
return_cores_FRA_desc;우리나라가 소유한 프랑스의 영유권 보유 지역을 선의로서 반환한다면 이들과의 관계가 진전할 것입니다.;;;;;;;;;;;;;
return_cores_PRU_title;프로이센 영유권 보유 지역 반환;;;;;;;;;;;;;
return_cores_PRU_desc;우리나라가 소유한 프로이센의 영유권 보유 지역을 선의로서 반환한다면 이들과의 관계가 진전할 것입니다.;;;;;;;;;;;;;
return_cores_GER_title;독일 영유권 보유 지역 반환;;;;;;;;;;;;;
return_cores_GER_desc;우리나라가 소유한 독일의 영유권 보유 지역을 선의로서 반환한다면 이들과의 관계가 진전할 것입니다.;;;;;;;;;;;;;
return_cores_AUS_title;오스트리아 영유권 보유 지역 반환;;;;;;;;;;;;;
return_cores_AUS_desc;우리나라가 소유한 오스트리아의 영유권 보유 지역을 선의로서 반환한다면 이들과의 관계가 진전할 것입니다.;;;;;;;;;;;;;
return_cores_USA_title;미합중국 영유권 보유 지역 반환;;;;;;;;;;;;;
return_cores_USA_desc;우리나라가 소유한 미합중국의 영유권 보유 지역을 선의로서 반환한다면 이들과의 관계가 진전할 것입니다.;;;;;;;;;;;;;
return_cores_JAP_title;일본 영유권 보유 지역 반환;;;;;;;;;;;;;
return_cores_JAP_desc;우리나라가 소유한 일본의 영유권 보유 지역을 선의로서 반환한다면 이들과의 관계가 진전할 것입니다.;;;;;;;;;;;;;
return_cores_ITA_title;일본 영유권 보유 지역 반환;;;;;;;;;;;;;
return_cores_ITA_desc;우리나라가 소유한 일본의 영유권 보유 지역을 선의로서 반환한다면 이들과의 관계가 진전할 것입니다.;;;;;;;;;;;;;
return_cores_KUK_title;오스트리아-헝가리 영유권 보유 지역 반환;;;;;;;;;;;;;
return_cores_KUK_desc;우리나라가 소유한 오스트리아-헝가리의 영유권 보유 지역을 선의로서 반환한다면 이들과의 관계가 진전할 것입니다.;;;;;;;;;;;;;
return_cores_ISR_title;이스라엘 영유권 보유 지역 반환;;;;;;;;;;;;;
return_cores_ISR_desc;우리나라가 소유한 이스라엘의 영유권 보유 지역을 선의로서 반환한다면 이들과의 관계가 진전할 것입니다.;;;;;;;;;;;;;
return_cores_ICL_title;아이슬란드 영유권 보유 지역 반환;;;;;;;;;;;;;
return_cores_ICL_desc;우리나라가 소유한 아이슬란드의 영유권 보유 지역을 선의로서 반환한다면 이들과의 관계가 진전할 것입니다.;;;;;;;;;;;;;
return_cores_IBR_title;이베리아 영유권 보유 지역 반환;;;;;;;;;;;;;
return_cores_IBR_desc;우리나라가 소유한 이베리아의 영유권 보유 지역을 선의로서 반환한다면 이들과의 관계가 진전할 것입니다.;;;;;;;;;;;;;
return_cores_BYZ_title;헬라스 영유권 보유 지역 반환;;;;;;;;;;;;;
return_cores_BYZ_desc;우리나라가 소유한 헬라스의 영유권 보유 지역을 선의로서 반환한다면 이들과의 관계가 진전할 것입니다.;;;;;;;;;;;;;
return_cores_BAB_title;바빌론 영유권 보유 지역 반환;;;;;;;;;;;;;
return_cores_BAB_desc;우리나라가 소유한 바빌론의 영유권 보유 지역을 선의로서 반환한다면 이들과의 관계가 진전할 것입니다.;;;;;;;;;;;;;
return_cores_TPG_title;태평천국 영유권 보유 지역 반환;;;;;;;;;;;;;
return_cores_TPG_desc;우리나라가 소유한 태평천국의 영유권 보유 지역을 선의로서 반환한다면 이들과의 관계가 진전할 것입니다.;;;;;;;;;;;;;
return_cores_D01_title;D01 영유권 보유 지역 반환;;;;;;;;;;;;;
return_cores_D01_desc;우리나라가 소유한 D01의 영유권 보유 지역을 선의로서 반환한다면 이들과의 관계가 진전할 것입니다.;;;;;;;;;;;;;
return_cores_D02_title;D02 영유권 보유 지역 반환;;;;;;;;;;;;;
return_cores_D02_desc;우리나라가 소유한 D02의 영유권 보유 지역을 선의로서 반환한다면 이들과의 관계가 진전할 것입니다.;;;;;;;;;;;;;
return_cores_D03_title;D03 영유권 보유 지역 반환;;;;;;;;;;;;;
return_cores_D03_desc;우리나라가 소유한 D03의 영유권 보유 지역을 선의로서 반환한다면 이들과의 관계가 진전할 것입니다.;;;;;;;;;;;;;
return_cores_D04_title;D04 영유권 보유 지역 반환;;;;;;;;;;;;;
return_cores_D04_desc;우리나라가 소유한 D04의 영유권 보유 지역을 선의로서 반환한다면 이들과의 관계가 진전할 것입니다.;;;;;;;;;;;;;
return_cores_D05_title;D05 영유권 보유 지역 반환;;;;;;;;;;;;;
return_cores_D05_desc;우리나라가 소유한 D05의 영유권 보유 지역을 선의로서 반환한다면 이들과의 관계가 진전할 것입니다.;;;;;;;;;;;;;
return_cores_D06_title;D06 영유권 보유 지역 반환;;;;;;;;;;;;;
return_cores_D06_desc;우리나라가 소유한 D06의 영유권 보유 지역을 선의로서 반환한다면 이들과의 관계가 진전할 것입니다.;;;;;;;;;;;;;
return_cores_D07_title;D07 영유권 보유 지역 반환;;;;;;;;;;;;;
return_cores_D07_desc;우리나라가 소유한 D07의 영유권 보유 지역을 선의로서 반환한다면 이들과의 관계가 진전할 것입니다.;;;;;;;;;;;;;
return_cores_D08_title;D08 영유권 보유 지역 반환;;;;;;;;;;;;;
return_cores_D08_desc;우리나라가 소유한 D08의 영유권 보유 지역을 선의로서 반환한다면 이들과의 관계가 진전할 것입니다.;;;;;;;;;;;;;
return_cores_D09_title;D09 영유권 보유 지역 반환;;;;;;;;;;;;;
return_cores_D09_desc;우리나라가 소유한 D09의 영유권 보유 지역을 선의로서 반환한다면 이들과의 관계가 진전할 것입니다.;;;;;;;;;;;;;
return_cores_D10_title;D10 영유권 보유 지역 반환;;;;;;;;;;;;;
return_cores_D10_desc;우리나라가 소유한 D10의 영유권 보유 지역을 선의로서 반환한다면 이들과의 관계가 진전할 것입니다.;;;;;;;;;;;;;
return_cores_D11_title;D11 영유권 보유 지역 반환;;;;;;;;;;;;;
return_cores_D11_desc;우리나라가 소유한 D11의 영유권 보유 지역을 선의로서 반환한다면 이들과의 관계가 진전할 것입니다.;;;;;;;;;;;;;
return_cores_D12_title;D12 영유권 보유 지역 반환;;;;;;;;;;;;;
return_cores_D12_desc;우리나라가 소유한 D12의 영유권 보유 지역을 선의로서 반환한다면 이들과의 관계가 진전할 것입니다.;;;;;;;;;;;;;
return_cores_D13_title;D13 영유권 보유 지역 반환;;;;;;;;;;;;;
return_cores_D13_desc;우리나라가 소유한 D13의 영유권 보유 지역을 선의로서 반환한다면 이들과의 관계가 진전할 것입니다.;;;;;;;;;;;;;
return_cores_D14_title;D14 영유권 보유 지역 반환;;;;;;;;;;;;;
return_cores_D14_desc;우리나라가 소유한 D14의 영유권 보유 지역을 선의로서 반환한다면 이들과의 관계가 진전할 것입니다.;;;;;;;;;;;;;
return_cores_D15_title;D15 영유권 보유 지역 반환;;;;;;;;;;;;;
return_cores_D15_desc;우리나라가 소유한 D15의 영유권 보유 지역을 선의로서 반환한다면 이들과의 관계가 진전할 것입니다.;;;;;;;;;;;;;
return_cores_D16_title;D16 영유권 보유 지역 반환;;;;;;;;;;;;;
return_cores_D16_desc;우리나라가 소유한 D16의 영유권 보유 지역을 선의로서 반환한다면 이들과의 관계가 진전할 것입니다.;;;;;;;;;;;;;
return_cores_D17_title;D17 영유권 보유 지역 반환;;;;;;;;;;;;;
return_cores_D17_desc;우리나라가 소유한 D17의 영유권 보유 지역을 선의로서 반환한다면 이들과의 관계가 진전할 것입니다.;;;;;;;;;;;;;
return_cores_D18_title;D18 영유권 보유 지역 반환;;;;;;;;;;;;;
return_cores_D18_desc;우리나라가 소유한 D18의 영유권 보유 지역을 선의로서 반환한다면 이들과의 관계가 진전할 것입니다.;;;;;;;;;;;;;
return_cores_D19_title;D19 영유권 보유 지역 반환;;;;;;;;;;;;;
return_cores_D19_desc;우리나라가 소유한 D19의 영유권 보유 지역을 선의로서 반환한다면 이들과의 관계가 진전할 것입니다.;;;;;;;;;;;;;
return_cores_D20_title;D20 영유권 보유 지역 반환;;;;;;;;;;;;;
return_cores_D20_desc;우리나라가 소유한 D20의 영유권 보유 지역을 선의로서 반환한다면 이들과의 관계가 진전할 것입니다.;;;;;;;;;;;;;
return_cores_D21_title;D21 영유권 보유 지역 반환;;;;;;;;;;;;;
return_cores_D21_desc;우리나라가 소유한 D21의 영유권 보유 지역을 선의로서 반환한다면 이들과의 관계가 진전할 것입니다.;;;;;;;;;;;;;
return_cores_D22_title;D22 영유권 보유 지역 반환;;;;;;;;;;;;;
return_cores_D22_desc;우리나라가 소유한 D22의 영유권 보유 지역을 선의로서 반환한다면 이들과의 관계가 진전할 것입니다.;;;;;;;;;;;;;
return_cores_D23_title;D23 영유권 보유 지역 반환;;;;;;;;;;;;;
return_cores_D23_desc;우리나라가 소유한 D23의 영유권 보유 지역을 선의로서 반환한다면 이들과의 관계가 진전할 것입니다.;;;;;;;;;;;;;
return_cores_D24_title;D24 영유권 보유 지역 반환;;;;;;;;;;;;;
return_cores_D24_desc;우리나라가 소유한 D24의 영유권 보유 지역을 선의로서 반환한다면 이들과의 관계가 진전할 것입니다.;;;;;;;;;;;;;
return_cores_D25_title;D25 영유권 보유 지역 반환;;;;;;;;;;;;;
return_cores_D25_desc;우리나라가 소유한 D25의 영유권 보유 지역을 선의로서 반환한다면 이들과의 관계가 진전할 것입니다.;;;;;;;;;;;;;
return_cores_D26_title;D26 영유권 보유 지역 반환;;;;;;;;;;;;;
return_cores_D26_desc;우리나라가 소유한 D26의 영유권 보유 지역을 선의로서 반환한다면 이들과의 관계가 진전할 것입니다.;;;;;;;;;;;;;
return_cores_D27_title;D27 영유권 보유 지역 반환;;;;;;;;;;;;;
return_cores_D27_desc;우리나라가 소유한 D27의 영유권 보유 지역을 선의로서 반환한다면 이들과의 관계가 진전할 것입니다.;;;;;;;;;;;;;
return_cores_D28_title;D28 영유권 보유 지역 반환;;;;;;;;;;;;;
return_cores_D28_desc;우리나라가 소유한 D28의 영유권 보유 지역을 선의로서 반환한다면 이들과의 관계가 진전할 것입니다.;;;;;;;;;;;;;
return_cores_D29_title;D29 영유권 보유 지역 반환;;;;;;;;;;;;;
return_cores_D29_desc;우리나라가 소유한 D29의 영유권 보유 지역을 선의로서 반환한다면 이들과의 관계가 진전할 것입니다.;;;;;;;;;;;;;
return_cores_D30_title;D30 영유권 보유 지역 반환;;;;;;;;;;;;;
return_cores_D30_desc;우리나라가 소유한 D30의 영유권 보유 지역을 선의로서 반환한다면 이들과의 관계가 진전할 것입니다.;;;;;;;;;;;;;
return_cores_D31_title;D31 영유권 보유 지역 반환;;;;;;;;;;;;;
return_cores_D31_desc;우리나라가 소유한 D31의 영유권 보유 지역을 선의로서 반환한다면 이들과의 관계가 진전할 것입니다.;;;;;;;;;;;;;
return_cores_D32_title;D32 영유권 보유 지역 반환;;;;;;;;;;;;;
return_cores_D32_desc;우리나라가 소유한 D32의 영유권 보유 지역을 선의로서 반환한다면 이들과의 관계가 진전할 것입니다.;;;;;;;;;;;;;
return_cores_D33_title;D33 영유권 보유 지역 반환;;;;;;;;;;;;;
return_cores_D33_desc;우리나라가 소유한 D33의 영유권 보유 지역을 선의로서 반환한다면 이들과의 관계가 진전할 것입니다.;;;;;;;;;;;;;
return_cores_D34_title;D34 영유권 보유 지역 반환;;;;;;;;;;;;;
return_cores_D34_desc;우리나라가 소유한 D34의 영유권 보유 지역을 선의로서 반환한다면 이들과의 관계가 진전할 것입니다.;;;;;;;;;;;;;
return_cores_D35_title;D35 영유권 보유 지역 반환;;;;;;;;;;;;;
return_cores_D35_desc;우리나라가 소유한 D35의 영유권 보유 지역을 선의로서 반환한다면 이들과의 관계가 진전할 것입니다.;;;;;;;;;;;;;
return_cores_D36_title;D36 영유권 보유 지역 반환;;;;;;;;;;;;;
return_cores_D36_desc;우리나라가 소유한 D36의 영유권 보유 지역을 선의로서 반환한다면 이들과의 관계가 진전할 것입니다.;;;;;;;;;;;;;
return_cores_D37_title;D37 영유권 보유 지역 반환;;;;;;;;;;;;;
return_cores_D37_desc;우리나라가 소유한 D37의 영유권 보유 지역을 선의로서 반환한다면 이들과의 관계가 진전할 것입니다.;;;;;;;;;;;;;
return_cores_D38_title;D38 영유권 보유 지역 반환;;;;;;;;;;;;;
return_cores_D38_desc;우리나라가 소유한 D38의 영유권 보유 지역을 선의로서 반환한다면 이들과의 관계가 진전할 것입니다.;;;;;;;;;;;;;
return_cores_D39_title;D39 영유권 보유 지역 반환;;;;;;;;;;;;;
return_cores_D39_desc;우리나라가 소유한 D39의 영유권 보유 지역을 선의로서 반환한다면 이들과의 관계가 진전할 것입니다.;;;;;;;;;;;;;
return_cores_D40_title;D40 영유권 보유 지역 반환;;;;;;;;;;;;;
return_cores_D40_desc;우리나라가 소유한 D40의 영유권 보유 지역을 선의로서 반환한다면 이들과의 관계가 진전할 것입니다.;;;;;;;;;;;;;
return_cores_D41_title;D41 영유권 보유 지역 반환;;;;;;;;;;;;;
return_cores_D41_desc;우리나라가 소유한 D41의 영유권 보유 지역을 선의로서 반환한다면 이들과의 관계가 진전할 것입니다.;;;;;;;;;;;;;
return_cores_D42_title;D42 영유권 보유 지역 반환;;;;;;;;;;;;;
return_cores_D42_desc;우리나라가 소유한 D42의 영유권 보유 지역을 선의로서 반환한다면 이들과의 관계가 진전할 것입니다.;;;;;;;;;;;;;
return_cores_D43_title;D43 영유권 보유 지역 반환;;;;;;;;;;;;;
return_cores_D43_desc;우리나라가 소유한 D43의 영유권 보유 지역을 선의로서 반환한다면 이들과의 관계가 진전할 것입니다.;;;;;;;;;;;;;
return_cores_D44_title;D44 영유권 보유 지역 반환;;;;;;;;;;;;;
return_cores_D44_desc;우리나라가 소유한 D44의 영유권 보유 지역을 선의로서 반환한다면 이들과의 관계가 진전할 것입니다.;;;;;;;;;;;;;
return_cores_D45_title;D45 영유권 보유 지역 반환;;;;;;;;;;;;;
return_cores_D45_desc;우리나라가 소유한 D45의 영유권 보유 지역을 선의로서 반환한다면 이들과의 관계가 진전할 것입니다.;;;;;;;;;;;;;
return_cores_D46_title;D46 영유권 보유 지역 반환;;;;;;;;;;;;;
return_cores_D46_desc;우리나라가 소유한 D46의 영유권 보유 지역을 선의로서 반환한다면 이들과의 관계가 진전할 것입니다.;;;;;;;;;;;;;
return_cores_D47_title;D47 영유권 보유 지역 반환;;;;;;;;;;;;;
return_cores_D47_desc;우리나라가 소유한 D47의 영유권 보유 지역을 선의로서 반환한다면 이들과의 관계가 진전할 것입니다.;;;;;;;;;;;;;
return_cores_D48_title;D48 영유권 보유 지역 반환;;;;;;;;;;;;;
return_cores_D48_desc;우리나라가 소유한 D48의 영유권 보유 지역을 선의로서 반환한다면 이들과의 관계가 진전할 것입니다.;;;;;;;;;;;;;
return_cores_D49_title;D49 영유권 보유 지역 반환;;;;;;;;;;;;;
return_cores_D49_desc;우리나라가 소유한 D49의 영유권 보유 지역을 선의로서 반환한다면 이들과의 관계가 진전할 것입니다.;;;;;;;;;;;;;
return_cores_D50_title;D50 영유권 보유 지역 반환;;;;;;;;;;;;;
return_cores_D50_desc;우리나라가 소유한 D50의 영유권 보유 지역을 선의로서 반환한다면 이들과의 관계가 진전할 것입니다.;;;;;;;;;;;;;
