UNIT_BUILD_TIME_IW;$VAL$일 소요;;;;;;;;;;;;;
SUPPLY_OWNER;소유국:;;;;;;;;;;;;;
SUPPLY_ALLIED;동맹국:;;;;;;;;;;;;;
SUPPLY_ACCESS;군사통행권:;;;;;;;;;;;;;
SUPPLY_CONTROLLER;통제국:;;;;;;;;;;;;;
SUPPLY_CONTROLLER_ALLIANCE;통제국(동맹국):;;;;;;;;;;;;;
SUPPLY_SIEGE;포위:;;;;;;;;;;;;;
SUPPLY_CORE;영유권:;;;;;;;;;;;;;
fascist_uh;파쇼주의자는 사회개혁의 확대와 정치개혁 후퇴를 지지하며, 여당이 파쇼주의가 아닐 경우 모든 개혁을 저지합니다.;;;;;;;;;;;;;
reactionary_uh;반동주의자는 항상 정치개혁과 사회개혁을 모두 저지하려 합니다.;;;;;;;;;;;;;;
conservative_uh;보수주의자는 현상 유지를 선호합니다. 그러나 불만도가 높으면 개혁을 저지하기도 합니다.;;;;;;;;;;;;;;
socialist_uh;사회주의자들은 사회개혁의 확대를 바랍니다. 그러나 불만도가 높으면 정치개혁을 저지하기도 합니다.;;;;;;;;;;;;;;
communist_uh;공산주의자는 사회개혁의 확대를 바랍니다. 그러나 정치개혁은 저지하려 합니다.;;;;;;;;;;;;;;
liberal_uh;자유주의자는 정치개혁의 확대를 바랍니다. 그러나 불만도가 높으면 사회개혁을 저지하기도 합니다.;;;;;;;;;;;;;;
anarcho_liberal_uh;아나르코자본주의자는 사회개혁의 축소를 바라며 어떠한 개혁도 지지하지 않습니다.;;;;;;;;;;;;;;
RP_ACCUMULATED;사용하지 않은 연구점이 [SUB_A7]Y$VAL$[SUB_A7]W 쌓여있습니다.;;;;;;;;;;;;;
WEGAINCB_SETUP;우리나라가 전쟁명분을 획득했을 때;;;;;;;;;;;;;
WEGAINCB_HEADER;$MONARCHTITLE$;;;;;;;;;;;;;
WEGAINCB_1;전쟁명분;;;;;;;;;;;;;
WEGAINCB_2;$ENEMY$에 대해;;;;;;;;;;;;;
WEGAINCB_3;'$CASUS$';;;;;;;;;;;;;
WEGAINCB_4;전쟁명분을;;;;;;;;;;;;;
WEGAINCB_5;획득했습니다.;;;;;;;;;;;;;
WEGAINCB_6;$DESC$;;;;;;;;;;;;;
WEGAINCB_LOG;우리나라가 $ENEMY$에 대해 '$CASUS$' 전쟁명분을 얻었습니다.;;;;;;;;;;;;;
WEGAINCB_BTN1;확인;;;;;;;;;;;;;
WEGAINCB_BTN2;확인;;;;;;;;;;;;;
WEGAINCB_BTN3;참조;;;;;;;;;;;;;
WEGAINCB_MAP;*;;;;;;;;;;;;;
NORMAL_WAR_FREE_NAME;$ORDER$$COUNTRY$ 해방전쟁;;;;;;;;;;;;;
AGRESSION_WAR_FREE_NAME;$ORDER$$COUNTRY$ 지원전쟁;;;;;;;;;;;;;;
NORMAL_WAR_COLONIAL_NAME;$ORDER$$STATE 식민지전쟁;;;;;;;;;;;;;
AGRESSION_WAR_COLONIAL_NAME;$ORDER$$STATE 식민지전쟁;;;;;;;;;;;;;
NORMAL_WAR_TAKE_NAME;$ORDER$$STATE$ 전쟁;;;;;;;;;;;;;
AGRESSION_WAR_TAKE_NAME;$ORDER$$STATE$ 전쟁;;;;;;;;;;;;;
NORMAL_WAR_TAKE_CORE_NAME;$ORDER$$STATE$ 해방전쟁;;;;;;;;;;;;;
AGRESSION_WAR_TAKE_CORE_NAME;$ORDER$$STATE$ 침공;;;;;;;;;;;;;
NORMAL_WAR_TAKE_SPHERE_NAME;$ORDER$$COUNTRY$ 전쟁;;;;;;;;;;;;;;
AGRESSION_WAR_TAKE_SPHERE_NAME;$ORDER$$FIRST_COUNTRY$-$SECOND_COUNTRY$ 전쟁;;;;;;;;;;;;;
NORMAL_WAR_ADD_SPHERE_NAME;$ORDER$$FIRST_COUNTRY$-$SECOND_COUNTRY$ 전쟁;;;;;;;;;;;;;
AGRESSION_WAR_ADD_SPHERE_NAME;$ORDER$$SECOND_COUNTRY$ 속국화전쟁;;;;;;;;;;;;;;
NORMAL_CIVIL_WAR_NAME;$ORDER$$FIRST_COUNTRY$ 내전;;;;;;;;;;;;;;
AGRESSION_CIVIL_WAR_NAME;$ORDER$$FIRST_COUNTRY$ 내전;;;;;;;;;;;;;;
NORMAL_WAR_CONQUEST_NAME;$ORDER$$SECOND_COUNTRY$ 정복전쟁;;;;;;;;;;;;;;
AGRESSION_WAR_CONQUEST_NAME;$ORDER$$FIRST_COUNTRY$의 $SECOND_COUNTRY$ 침공;;;;;;;;;;;;;;
ADJ_FORT_EXTRA_ATTR;그리고 적대적인 인접 요새로부터 [SUB_A7]R+$VAL$%[SUB_A7]W 오릅니다.;;;;;;;;;;;;;
IS_NOT_ACCEPTED_CULTURE_POP; ≠ 수용 문화\n;;;;;;;;;;;;;
IS_ACCEPTED_CULTURE_POP; = 수용 문화\n;;;;;;;;;;;;;
IS_NOT_PRIMARY_CULTURE_POP; ≠ 핵심 문화([SUB_A7]Y$NAME$[SUB_A7]W)\n;;;;;;;;;;;;;
IS_PRIMARY_CULTURE_POP; = 핵심 문화([SUB_A7]Y$NAME$[SUB_A7]W)\n;;;;;;;;;;;;;
NEW_CORE_EFFECT_TAG2; $TAG$ 영유권 범위에 [SUB_A7]Y$NEW$[SUB_A7]W을(를) 추가합니다.\n;;;;;;;;;;;;;
digin;참호;;;;;;;;;;;;;
terrain;지형;;;;;;;;;;;;;
crossing;도하;;;;;;;;;;;;;
total_occupation;본국 지역 점령;;;;;;;;;;;;;
total_blockaded;본국 항구 봉쇄;;;;;;;;;;;;;
PW_SLAVE_STATE;노예주;;;;;;;;;;;;;
CURR_REL_TT;우리의 현재 관계;;;;;;;;;;;;;
great_power;강대국;;;;;;;;;;;;;
second_power;지역강국;;;;;;;;;;;;;
civ_nation;문명국;;;;;;;;;;;;;
unciv_nation;비문명국;;;;;;;;;;;;;
REB_TYPE_SIZE;[SUB_A7]Y반군 후원자[SUB_A7]W;;;;;;;;;;;;;
REB_TYPE_POWER;[SUB_A7]Y반군 세력[SUB_A7]W;;;;;;;;;;;;;
PRODUCTION_MUST_PORT_ONLY;항구에서만 생산합니다.\n;;;;;;;;;;;;;
POPULATION_CHANGED_BY;인구 변동:;;;;;;;;;;;;;
COMBAT_LEADER_MOD;지휘관;;;;;;;;;;;;;
POLITICS_CANNOT_SET_RULING_PARTY_IN_ELECTION;선거를 진행하는 동안에는 여당을 변경할 수 없습니다.;;;;;;;;;;;;;
IS_NOT_OVERSEAS; ≠ 수도와 단절된 지역;;;;;;;;;;;;;
IS_OVERSEAS; = 수도와 단절된 지역;;;;;;;;;;;;;
SHIP_SUB_NAME;제$NUM$$HOME$$TYPE$;;;;;;;;;;;;;
FOLLOWING_HAVE_CLAIMS;영유권 보유 국가:;;;;;;;;;;;;;
COUNTRY_IS_NOT_CULTURE; 핵심 문화 ≠;;;;;;;;;;;;;
COUNTRY_IS_CULTURE; 핵심 문화 =;;;;;;;;;;;;;
NO_ASSIM_NOW;동화되지 않고 있음;;;;;;;;;;;;;
MODIFIER_LOCAL_REPAIR;전함 수리 속도;;;;;;;;;;;;;
BADBOY_DRO_1;월간 악명 변동:\n;;;;;;;;;;;;;
REGIMENT_SIZE;현재 병력: [SUB_A7]Y$SIZE$[SUB_A7]W\n;;;;;;;;;;;;;
CURRENT_MORALE;조직력: [SUB_A7]Y$SIZE$[SUB_A7]W/$MAX$\n;;;;;;;;;;;;;
SUPPLY_COST;보급비;;;;;;;;;;;;;
ALL_CORE_PROVINCE_THAT; 영유권 보유 지역 전체;;;;;;;;;;;;;
BREAKCOUNTRY_SETUP;반군이 우리나라에서 자신들의 요구를 관철했을 때;;;;;;;;;;;;;
BREAKCOUNTRY_HEADER;$CAPITAL$의 보고서;;;;;;;;;;;;;
BREAKCOUNTRY_1;반군 승리!;;;;;;;;;;;;;
BREAKCOUNTRY_2;$MONARCHTITLE$께 아뢰기를, $FACTION$이(가) 자신들의 요구를 관철했습니다!;;;;;;;;;;;;;
BREAKCOUNTRY_3;*;;;;;;;;;;;;;
BREAKCOUNTRY_4;$EFFECTS$;;;;;;;;;;;;;
BREAKCOUNTRY_5;*;;;;;;;;;;;;;
BREAKCOUNTRY_6;*;;;;;;;;;;;;;
BREAKCOUNTRY_LOG;$FACTION$이(가) 자신들의 요구를 관철했습니다!;;;;;;;;;;;;;
BREAKCOUNTRY_BTN1;끔찍하군!;;;;;;;;;;;;;
BREAKCOUNTRY_BTN2;끔찍하군!;;;;;;;;;;;;;
BREAKCOUNTRY_BTN3;참조;;;;;;;;;;;;;
BREAKCOUNTRY_MAP;*;;;;;;;;;;;;;
BREAKCOUNTRYOTHER_SETUP;반군이 다른 국가에서 자신들의 요구를 관철했을 때;;;;;;;;;;;;;
BREAKCOUNTRYOTHER_HEADER;대사 보고서;;;;;;;;;;;;;
BREAKCOUNTRYOTHER_1;$OTHER$;;;;;;;;;;;;;
BREAKCOUNTRYOTHER_2;$FACTION$이(가) $OTHER$에서;;;;;;;;;;;;;
BREAKCOUNTRYOTHER_3;자신들의 요구를 관철했습니다.;;;;;;;;;;;;;
BREAKCOUNTRYOTHER_4;$EFFECTS$;;;;;;;;;;;;;
BREAKCOUNTRYOTHER_5;*;;;;;;;;;;;;;
BREAKCOUNTRYOTHER_6;*;;;;;;;;;;;;;
BREAKCOUNTRYOTHER_LOG;$FACTION$이(가) $OTHER$에서 자신들의 요구를 관철했습니다!;;;;;;;;;;;;;
BREAKCOUNTRYOTHER_BTN1;확인;;;;;;;;;;;;;
BREAKCOUNTRYOTHER_BTN2;확인;;;;;;;;;;;;;
BREAKCOUNTRYOTHER_BTN3;참조;;;;;;;;;;;;;
BREAKCOUNTRYOTHER_MAP;*;;;;;;;;;;;;;
INVENTION_SETUP;우리나라에서 새로운 발명이 일어났을 때;;;;;;;;;;;;;
INVENTION_HEADER;보고;;;;;;;;;;;;;
INVENTION_1;중요한 발견;;;;;;;;;;;;;
INVENTION_2;국내 연구진이;;;;;;;;;;;;;
INVENTION_3;$INVENTION$을(를) 발견했습니다.;;;;;;;;;;;;;
INVENTION_4;$DESC$;;;;;;;;;;;;;
INVENTION_5;효과;;;;;;;;;;;;;
INVENTION_6;$EFFECT$;;;;;;;;;;;;;
INVENTION_LOG;우리나라가 $INVENTION$의 작동 원리를 발견했습니다.;;;;;;;;;;;;;
INVENTION_BTN1;확인;;;;;;;;;;;;;
INVENTION_BTN2;확인;;;;;;;;;;;;;
INVENTION_BTN3;세부사항;;;;;;;;;;;;;
INVENTION_MAP;*;;;;;;;;;;;;;
revanchism;보복주의;;;;;;;;;;;;;
plurality;다양성;;;;;;;;;;;;;
TOPBAR_LEADERSHIP_GAIN_TOOLTIP;매달마다 장교를 통해 지휘력을 [SUB_A7]Y$CURR$[SUB_A7]W 획득합니다.;;;;;;;;;;;;;
UW_AASIGN;지휘관 자동 배치;;;;;;;;;;;;;
ATTR_SAFE_RANGE;보급선 범위와 해안 근처에 있는 함대는 어떤 피해도 받지 않습니다.;;;;;;;;;;;;;
TECHNOLOGYVIEW_HAVE_NOT_YEAR;[SUB_A7]Y$YEAR$[SUB_A7]W년 이후에 연구할 수 있습니다.;;;;;;;;;;;;;
ENCOURAGEMENT_FOR;육성 - ;;;;;;;;;;;;;
IS_NOT_PRIMARY_CULTURE; [SUB_A7]Y$NAME$[SUB_A7]W ≠ 핵심 문화\n;;;;;;;;;;;;;
IS_PRIMARY_CULTURE; 핵심 문화 = [SUB_A7]Y$NAME$[SUB_A7]W\n[SUB_A7]Y;;;;;;;;;;;;;
IS_NOT_ACCEPTED_CULTURE2; [SUB_A7]Y$NAME$[SUB_A7]W ≠ 수용 문화\n;;;;;;;;;;;;;
IS_ACCEPTED_CULTURE2; 수용 문화 = [SUB_A7]Y$NAME$[SUB_A7]W\n;;;;;;;;;;;;;
ALL_COUNTRIES_EFF; 국가 전체;;;;;;;;;;;;;
ALL_COUNTRIES_THAT_EFF; 국가 전체;;;;;;;;;;;;;
GETTING_ONLY_NEEDS;$NEED$ 욕구 충족량: [SUB_A7]Y$VAL$%[SUB_A7]W;;;;;;;;;;;;;
tutorial_chapter_introduction;도입부가 끝났습니다.;;;;;;;;;;;;;
tutorial_end_of_chapter;연습이 끝났습니다.;;;;;;;;;;;;;
ISSUE_MOVE_EFFECT; 주민의 [SUB_A7]Y$PERCENTAGE$%[SUB_A7]W가 쟁점을 변경합니다.\n;;;;;;;;;;;;;
ADD_WARGOAL_EFFECT;해당 전쟁목표를 추가했을 때:;;;;;;;;;;;;;
ADD_WARGOAL_SUCCESS;해당 전쟁목표를 달성했을 때:;;;;;;;;;;;;;
ADD_WARGOAL_FAILURE;해당 전쟁목표를 달성하지 못했을 때:;;;;;;;;;;;;;
WARDIALOG_TRUCE;휴전국: ;;;;;;;;;;;;;
WARDIALOG_NOCB;전쟁명분 없음: ;;;;;;;;;;;;;
DIPLOMACY_INFAMY2;악명: [SUB_A7]Y$VALUE$[SUB_A7]W;;;;;;;;;;;;;
DIPLOMACY_PRESTIGE2;위신: $VALUE$;;;;;;;;;;;;;
DIPLOMACY_MILITANCY2;불만도: $VALUE$;;;;;;;;;;;;;
REMOVE_DIPLOMACY_WARDIALOG_ALLIES;[SUB_A7]Y$COUNTRY$[SUB_A7]W의 동맹국:;;;;;;;;;;;;;
REMOVE_DIPLOMACY_WARDIALOG_NUM_ALLIES;[SUB_A7]Y$COUNTRY$[SUB_A7]W의 동맹국: [SUB_A7]Y$NUM$[SUB_A7]W개국;;;;;;;;;;;;;
DIPLOMACY_WAR_HASTRUCE;[SUB_A7]R[SUB_A7]Y$COUNTRY$[SUB_A7]R과(와) 휴전 중입니다.(만료일: [SUB_A7]Y$DATE$[SUB_A7]R) 전쟁을 선포하면 위신에 상당한 타격을 입습니다.;;;;;;;;;;;;;
REMOVE_DIPLOMACY_DAILYINFLULENCE_GAIN;매일마다 [SUB_A7]Y$COUNTRY$[SUB_A7]W에 영향력을 [SUB_A7]Y$NUM$[SUB_A7]W 투사합니다.;;;;;;;;;;;;;
tutorial_chapter_budget_victoria;중급 예산 연습이 끝났습니다.;;;;;;;;;;;;;
NO_RELEASEABLE_NATIONS;해방할 국가가 없습니다.;;;;;;;;;;;;;
DIPLOMACY_CALL_ALLIES_NOT_LEADER;전쟁주도국이 아니므로 동맹국을 소집할 수 없습니다.;;;;;;;;;;;;;
LEDGER_NEXT;다음;;;;;;;;;;;;;
LEDGER_PREV;이전;;;;;;;;;;;;;
MEC_544;슐레스비히-홀슈타인;;;;;;;;;;;;;;
COUNTRYALERT_CanIncreaseOpinion;[SUB_A7]Y발언력[SUB_A7]W을 높이거나, [SUB_A7]Y영향권[SUB_A7]W에 편입할 국가가 있습니다.;;;;;;;;;;;;;
COUNTRYALERT_NO_CanIncreaseOpinion;[SUB_A7]Y발언력[SUB_A7]W을 높이거나, [SUB_A7]Y영향권[SUB_A7]W에 편입할 국가가 없습니다.;;;;;;;;;;;;;
COLONY_SUCCESS_LOG;우리나라가 $TARGET$을(를) 식민화했습니다.;;;;;;;;;;;;;
COLONY_FAIL_LOG;$OTHER$이(가) 우리보다 먼저 $TARGET$을(를) 식민화했습니다.;;;;;;;;;;;;;
american_cultures;미국 문화;;;;;;;;;;;;;
CANT_USE_LAST_WAR_GOALS;해당 전쟁목표를 선택하면 전쟁을 끝낼 수 있으나, 이는 전쟁주도국과 평화조약을 맺어야만 가능합니다.;;;;;;;;;;;;;
tut_6a_13;벨기에의 산업 생산량을 향상시키려면 직공이 필요합니다. 기술자 아이콘을 클릭해 해당 중점을 설정하세요.;;;;;;;;;;;;;
DEN_251;아이슬란드 & 그린란드;;;;;;;;;;;;;;
CANCELALLIANCE_THEY_ACCEPT_BTN2;확인;;;;;;;;;;;;;
CANCELALLIANCE_THEY_ACCEPT_BTN3;참조;;;;;;;;;;;;;
tut_1b_19;수동으로 장군을 배치하고, 여단을 선택하세요.;;;;;;;;;;;;;
TOPBAR_DEC_SPEED;속도 감소;;;;;;;;;;;;;
fort;요새;;;;;;;;;;;;;
fort_short;요;;;;;;;;;;;;;
TOPBAR_DEC_SPEED;속도 감소;;;;;;;;;;;;;
IS_GREAT_NATION; = 강대국;;;;;;;;;;;;;
NO_DEMOTION;이달에는 강등이 없습니다.;;;;;;;;;;;;;
NO_PROMOTION;이달에는 승격이 없습니다.;;;;;;;;;;;;;
INCREASEOPINION_THEY_ACCEPT_MAP;발언력 확대;;;;;;;;;;;;;
INCREASEOPINION_WE_ACCEPT_MAP;발언력 확대;;;;;;;;;;;;;
DECREASEOPINION_THEY_ACCEPT_MAP;발언력 축소;;;;;;;;;;;;;
DECREASEOPINION_WE_ACCEPT_MAP;발언력 축소;;;;;;;;;;;;;
ADDTOSPHERE_THEY_ACCEPT_MAP;영향권 편입;;;;;;;;;;;;;
ADDTOSPHERE_WE_ACCEPT_MAP;영향권 편입;;;;;;;;;;;;;
REMOVEFROMSPHERE_THEY_ACCEPT_MAP;영향권 이탈;;;;;;;;;;;;;
REMOVEFROMSPHERE_WE_ACCEPT_MAP;영향권 이탈;;;;;;;;;;;;;
INCREASERELATION_THEY_ACCEPT_MAP;관계 개선;;;;;;;;;;;;;
INCREASERELATION_WE_ACCEPT_MAP;관계 개선;;;;;;;;;;;;;
DECREASERELATION_THEY_ACCEPT_MAP;관계 악화;;;;;;;;;;;;;
DECREASERELATION_WE_ACCEPT_MAP;관계 악화;;;;;;;;;;;;;
WETARGET_DISCREDIT_MAP;발언력 실추!;;;;;;;;;;;;;
WETARGET_EXPELADVISORS_MAP;고문 추방!;;;;;;;;;;;;;
WETARGET_BANEMBASSY_MAP;대사 추방!;;;;;;;;;;;;;
WETARGET_DECREASEOPINION_MAP;발언력 감소!;;;;;;;;;;;;;
WETARGET_REMOVEFROMSPHERE_MAP;영향권 이탈!;;;;;;;;;;;;;
womens_suffrage_movement;여성참정권 운동;;;;;;;;;;;;;
WAR_GOOD_RELATION;좋은 관계([SUB_A7]Y$REL$[SUB_A7]W), 평균 의식도([SUB_A7]Y$CON$[SUB_A7]W): ;;;;;;;;;;;;;
make_slave;노예주 설립;;;;;;;;;;;;;
make_free;자유주 설립;;;;;;;;;;;;;
POP_OTHER_CULT;기타;;;;;;;;;;;;;
BLOCKADED_PEACE;봉쇄당함;;;;;;;;;;;;;
PRODUCTION_DESTROY_FACTORY_BECAUSE_TOOLTIP;해당 공장을 철거할 수 있습니다.\n이유:\n;;;;;;;;;;;;;
PRODUCTION_NOT_DESTROY_FACTORY_BECAUSE_TOOLTIP;해당 공장을 철거할 수 없습니다.\n이유:\n;;;;;;;;;;;;;
RULE_DESTROY_FACTORY;공장 철거;;;;;;;;;;;;;
INCREASE_RELATION_MAX;관계 개선 불가능: ;;;;;;;;;;;;;
DECREASE_RELATION_MAX;이미 관계가 최악입니다: ;;;;;;;;;;;;;
BANKRUPTCY_SETUP;우리나라가 파산했을 때;;;;;;;;;;;;;
BANKRUPTCY_HEADER;$MESSENGER$;;;;;;;;;;;;;
BANKRUPTCY_1;비보!;;;;;;;;;;;;;
BANKRUPTCY_2;파산을 선언할 수 밖에 없습니다.;;;;;;;;;;;;;
BANKRUPTCY_3;우리의 모든 채무는 사라지겠지만,;;;;;;;;;;;;;
BANKRUPTCY_4;국민들에게 큰 우려를 아기할 것이며;;;;;;;;;;;;;
BANKRUPTCY_5;우리의 위신 또한 크게 떨어질 것입니다.;;;;;;;;;;;;;
BANKRUPTCY_6;마지막으로 은행에서 돈을 빌리기도 어려워질 것입니다.;;;;;;;;;;;;;
BANKRUPTCY_LOG;우리나라가 파산했습니다.;;;;;;;;;;;;;
BANKRUPTCY_BTN1;이런...;;;;;;;;;;;;;
THEY_BANKRUPTCY_SETUP;다른 국가가 파산했을 때;;;;;;;;;;;;;
THEY_BANKRUPTCY_HEADER;$MESSENGER$;;;;;;;;;;;;;
THEY_BANKRUPTCY_1;파산!;;;;;;;;;;;;;
THEY_BANKRUPTCY_2;$COUNTRY$이(가);;;;;;;;;;;;;
THEY_BANKRUPTCY_3;파산을 선언했습니다.;;;;;;;;;;;;;
THEY_BANKRUPTCY_4;*;;;;;;;;;;;;;
THEY_BANKRUPTCY_5;*;;;;;;;;;;;;;
THEY_BANKRUPTCY_6;*;;;;;;;;;;;;;
THEY_BANKRUPTCY_LOG;$COUNTRY$이(가) 파산했습니다.;;;;;;;;;;;;;
THEY_BANKRUPTCY_BTN1;확인;;;;;;;;;;;;;
LIT_CHANGE;월간 변화;;;;;;;;;;;;;
precious_metal_desc;귀금속은 다른 상품과 달리 곧바로 국고로 환전됩니다.;;;;;;;;;;;;;
DIPLOMACY_CANNOT_SET_PRIO_BANNED;대사가 추방되어 영향력을 투사할 수 없습니다.;;;;;;;;;;;;;
PROV1723;발보아;;;;;;;;;;;;;;
PROV353;사레마;;;;;;;;;;;;;
MILITARY_MOBILIZE;동원령 선포;;;;;;;;;;;;;
MILITARY_MOBILIZE_DESC;전시에는 상비군과는 별도로 징병을 통해 추가적으로 병력을 투입할 수 있습니다. 일단 예비군들을 주요 도심에 집결시키고 전면전에 대한 대비를 시작합니다. 상당한 규모의 침략을 극복하는데는 필수적이겠지만, 동시에 국가 경제에 미치는 악영향을 항상 경계해야 합니다.;;;;;;;;;;;;;
MILITARY_DEMOBILIZE;동원령 해제;;;;;;;;;;;;;
MILITARY_DEMOBILIZE_DESC;예비군을 해산해 집으로 돌려보냅니다. 전쟁으로 황폐해진 나라들은 하루 빨리 전쟁을 끝내기를 갈망하지만, 그 전에 전쟁에서 승리하는 것이 우선입니다.;;;;;;;;;;;;;
BE_TECH;기술:;;;;;;;;;;;;;
BE_INVENT;발명:;;;;;;;;;;;;;
TOPBAR_DIPLOPOINTS_GAIN;월간 획득: [SUB_A7]Y$VALUE$[SUB_A7]W;;;;;;;;;;;;;
TOPBAR_DIPLOPOINTS_BASEGAIN;기본 획득: [SUB_A7]Y$VALUE$[SUB_A7]W;;;;;;;;;;;;;
MOBILISE;동원령 선포;;;;;;;;;;;;;
DEMOBILISE;동원령 해제;;;;;;;;;;;;;
BE_INVENT;발명:;;;;;;;;;;;;;
THE_WORLD_IN;$YEAR$년의 세계;;;;;;;;;;;;;
TECHNOLOGY_ACTIVATION_YEAR;활성화 연도:;;;;;;;;;;;;;
TECHNOLOGY_RESEARCH_POINTS;연구점:;;;;;;;;;;;;;
tut_8c_12;빅토리아2에서는 개전할 때 전쟁목표를 설정해야 합니다. 선전포고 창 오른쪽에서 보이는 전쟁 목표만 선택할 수 있습니다. 이러한 전쟁목표는 여러분이 평화롭게 요구할 유일한 것이라는 것을 명심하세요. \n전쟁목표를 확인하려면 전쟁을 클릭하세요.;;;;;;;;;;;;;
tut_6b_14;계속하려면 다음을 클릭하세요.;;;;;;;;;;;;;
tut_8a_7;영국과 동맹을 맺으려면 외교적 조치가 필요합니다. 외교적 행동은 동맹 요청에서 선전포고에 이르기까지 무엇이든 가능합니다. 외교적 행동을 취하려면 매달 축적되는 외교점이 필요합니다. 상단표시줄에서 외교를 보면, 우리는 연구점을 동맹 제안에 필요한 1점 이상 가지고 있음을 알 수 있습니다. 영국과의 동맹을 제안하려면 먼저 동맹 제안을 누른 다음 수락 버튼을 누르세요.;;;;;;;;;;;;;
TEMP_NEXT;다음;;;;;;;;;;;;;
BUDGET_EXPORTS;국가비축품 판매: [SUB_A7]Y$VAL$[SUB_A7]W[SUB_A4] ;;;;;;;;;;;;;
BUDGET_IMPORTS;국가비축품 매입: [SUB_A7]Y$VAL$[SUB_A7]W[SUB_A4] ;;;;;;;;;;;;;
bad_debter;나쁜 채무국;;;;;;;;;;;;;
bad_debter_desc;파산 전적으로 인해 은행들이 차관 도입에 더 높은 이자를 요구합니다.;;;;;;;;;;;;;
MUST_NEGOTIATE_WITH_WAR_LEADER;전쟁주도국이 아니므로 적 진영의 [SUB_A7]Y전쟁주도국[SUB_A7]W과 협상해야 합니다.;;;;;;;;;;;;;
BAD_ADJ;바덴령den;;;;;;;;;;;;;
WAR_LEADER;[SUB_A7]Y전쟁주도국[SUB_A7]W;;;;;;;;;;;;;
MUST_NEGOTIATE_WITH_WAR_LEADER_NO_LEFTOVER_WARGOALS;[SUB_A7]Y$COUNTRY$[SUB_A7]W과(와) 평화 협정을 맺은 후에는 적 진영의 [SUB_A7]Y전쟁주도국[SUB_A7]W과 협상해야 합니다.;;;;;;;;;;;;;
WARGOAL_DEMAND;[SUB_A7]Y$COUNTRY$[SUB_A7]W이(가) [SUB_A7]Y$ENEMY$[SUB_A7]W에게 해당 사항을 요구합니다.;;;;;;;;;;;;;
POP_DETAILS_PROMOTIONS;승격:;;;;;;;;;;;;;
POP_DETAILS_DEMOTIONS;강등:;;;;;;;;;;;;;
NO_WAR_SPHERE_LEADER;영향권 맹주에게는 전쟁을 선포할 수 없습니다.;;;;;;;;;;;;;
EVTNAME15310;지하대학;The Flying University;;;;;;;;;;;;;
GO_TO_DIPLOMACY;외교 참조;;;;;;;;;;;;;
PROVINCE_CONTROL_DAYS_LATER_THAN; ≠ 최근 [SUB_A7]Y$DAYS$[SUB_A7]W일 사이에 지역 통제국 변동\n;;;;;;;;;;;x
PROVINCE_CONTROL_DAYS; = 최근 [SUB_A7]Y$DAYS$[SUB_A7]W일 사이에 지역 통제국 변동\n;;;;;;;;;;;x
ENFORCE_DEMANDS_TRIGGER;반군 승리 조건:;;;;;;;;;;;;;
tut_1a_40;이동 화살표가 보이면 게임을 재개하세요.;;;;;;;;;;;;;
EVTNAME15060;첫번째 농민은행;First Farmer's Bank;;;;;;;;;;;;;
POLITICS_REFORMS;개혁;;;;;;;;;;;;;
POLITICS_RELEASE_NATIONS;해방;;;;;;;;;;;;;
MILITARY_LEADER_NAME_TOOLTIP;[SUB_A7]Y$NAME$[SUB_A7]W이(가) [SUB_A7]Y$LOCATION$[SUB_A7]W에서 [SUB_A7]Y$ARMY$[SUB_A7]W을(를) 지휘합니다.;;;;;;;;;;;;;
hms_government;입헌군주정;;;;;;;;;;;;;;
EVTNAME19310;천명;;;;;;;;;;;;;
EVTDESC19310;"천명"은 중국 철학에 존재하는 개념입니다. 그 내용은 서양의 왕권신수설의 개념과 유사한 것으로, 역사적으로 군주의 권력의 정당하는데 쓰여왔습니다. 최근 중국이 강대국으로 떠오르자 민중들은 정부가 천명을 다시 얻었는가를 따지기 시작했습니다.;;;;;;;;;;;;;
EVTOPTA19310;훌륭해!;;;;;;;;;;;;;
EVTNAME19320;해가 떠오르는 나라;;;;;;;;;;;;;
EVTDESC19320;일본은 해가 떠오르는 나라입니다. 서양인들이 흑선을 이끌고 연안에 나타난 이후, 일본은 수년 동안 강대한 서구의 뒤를 쫓았습니다. 최근 이 노력이 결실을 맺으면서 상황이 바뀌었습니다. 이제 강대국 일본의 신성한 영토를 침범하려는 무모한 서양 오랑캐들을 모두 격퇴하고 물리칠 신의 바람이 되어주세요!;;;;;;;;;;;;;
EVTOPTA19320;반자이!;;;;;;;;;;;;;
form_union_nation_title;$CULTURE_GROUP_UNION$ 결성;;;;;;;;;;;;;
form_union_nation_desc;동포 사이에서 우세한 지위를 가진다면 $CULTURE_GROUP_UNION$을(를) 결성할 수 있게 됩니다.;;;;;;;;;;;;;
BE_SECOND_RANK;지역강국;;;;;;;;;;;;;
COUNTRYALERT_HasUnemployedWorkers;실업자 목록:;;;;;;;;;;;;;
REMOVE_TOPBAR_POPULATION;우리나라의 성인 남성 인구는 $CURR$입니다. 지난 $DAYS$일 동안 $CHANGE$만큼 변했습니다.;;;;;;;;;;;;;
TOPBAR_POPULATION_VISUAL;총인구: $CURR$명;;;;;;;;;;;;;
BUILD_COLONIAL;비식민주;;;;;;;;;;;;;
EVTNAME60080;노예로의 길;;;;;;;;;;;;;
EVTDESC60080;최근 $COUNTRY$이(가) 침묵하고 있다는 섬뜩한 느낌이 들었습니다. 자유로운 의견 교환이 이뤄지던 거리 모퉁이, 버스 정류장, 술집, 대학 등에서 이제는 침묵의 소리만이 메아리를 울립니다. 점점 더 분명해지는 결론은 $COUNTRY$의 민주주의적 전통이 뒤집혔다는 것입니다. $COUNTRY$에서 인민을 위한, 인민이 하는, 인민의 정부는 사라졌습니다.;;;;;;;;;;;;;
EVTOPTA60080;우하하하하!;;;;;;;;;;;;;
EVTNAME14210_sub;그들 모두가 '평화의 기회를!"라고 외치고 있습니다;;;;;;;;;;;;;
EVTNAME14040;$STATE$에서의 사랑과 전쟁;;;;;;;;;;;;;
REL_SPHERE_OF_INFLUENCE;영향권;;;;;;;;;;;;;
status_quo_short;원상복구;;;;;;;;;;;;;
TOTAL_AMOUNT_OF_SHIPS; 보유 전함 = [SUB_A7]Y$COUNT$[SUB_A7]W척\n;;;;;;;;;;;;;
LESS_AMOUNT_OF_SHIPS; 보유 전함 < [SUB_A7]Y$COUNT$[SUB_A7]W척\n;;;;;;;;;;;;;
tut_3a_21b;차관 도입 버튼을 누르고 때까지 슬라이더를 당겨서 원하는만큼 대출금을 설정하고 확인을 누르세요.;;;;;;;;;;;;;
REVANCHISM_EXPLANATION;프랑스어로 '보복'을 뜻하는 'Revanchism'에서 유래한 보복주의는 타국에 빼앗긴 영토의 탈환을 염원하는 현상을 일컫습니다. 우리 민족은 사랑과 전쟁과 평화 속에서 성스러운 땅을 되찾기 위해 기꺼이 더 큰 희생을 치를 준비가 되어있습니다.;;;;;;;;;;;;;
EVTNAME14120_sub;지방 선거에서의 종교정책 논의;;;;;;;;;;;;;
tut_8c_10;하지만, 아직 늦지 않았습니다. 이 재앙을 피하는 한 가지 방법은 물론 전쟁입니다. 자신의 위신을 높이기 위한 전쟁, 아니면 다른 사람의 위신을 떨어뜨리기 위한 전쟁입니다. 전쟁에 대해 좀 이야기해보죠. 프랑스를 찾아 전쟁을 선포합시다. 선전포고, 전쟁 목표 선택, '확인'을 클릭하세요.;;;;;;;;;;;;;
BE_GREAT_POWER;강대국;;;;;;;;;;;;;
DIPLOMACY_GREATNATION_STATUS;강대국;;;;;;;;;;;;;
WE_NO_LONGER_GREAT_POWER_2;우리나라가 강대국의 대열에서 탈락하면서;;;;;;;;;;;;;
THEY_NO_LONGER_GREAT_POWER_3;강대국의 대열에서 탈락하면서;;;;;;;;;;;;;
WE_BECAME_GREAT_POWER_2;이제부터 우리나라도 강대국으로 간주됩니다!;;;;;;;;;;;;;
SERVER_LOST_DESC;서버와의 연결이 끊겼습니다. 게임을 저장하거나 계속을 선택하고 이 창을 닫을 수 있습니다. 게임을 계속하려면 기존 게임을 종료하고 다시 방을 열어야 합니다.;;;;;;;;;;;;;
MODIFIER_GLOBAL_POP_MILITANCY_MODIFIER;주민 불만도;;;;;;;;;;;;;
MODIFIER_GLOBAL_POP_CONSCIOUSNESS_MODIFIER;주민 의식도;;;;;;;;;;;;;
global_liberal_agitation;자유주의자들의 소요;;;;;;;;;;;;;
desc_global_liberal_agitation;선동가들이 자유주의 혁명의 대의명분을 주장하고 있습니다.;;;;;;;;;;;;;
EDU_DESC;교육비는 지식인에게 봉급을 주고 연구점을 획득하는 데 쓰입니다.;;;;;;;;;;;;;
ADM_DESC;행정비는 관료제를 건강하게 운영하고 유지하는 데 도움을 주는 동시에 세금 효율을 올리는데 쓰입니다.;;;;;;;;;;;;;
COMBATEND_INITIAL;총합;;;;;;;;;;;;;
COMBATEND_CASUALTIES;사상;;;;;;;;;;;;;
COMBATEND_SURVIVORS;생존;;;;;;;;;;;;;
cavours_diplomacy_title;카보우르의 외교;;;;;;;;;;;;;
cavours_diplomacy_desc;사르데냐 왕국의 수상인 카보우르 백작 카밀로 벤소는 이탈리아 통일운동의 주역입니다. 특히 외교력에 대해서는 제2차 이탈리아 독립전쟁에서 프랑스 나폴레옹 3세의 지지를 확보한 것이 유명합니다.;;;;;;;;;;;;;
EVTNAME36898;빅토리아 여왕의 대관식;;;;;;;;;;;;;
EVTDESC36898;알렉산드리나 빅토리아 공주가 영국과 아일랜드의 왕위에 올랐습니다. 계급과 종교를 막론하고 모든 이들이 즉위식을 보여 기뻐합니다. 영국인들은 조지 3세를 정말 그리워할 것입니다.;;;;;;;;;;;;;
EVTOPTA36898;빅토리아 여왕!;;;;;;;;;;;;;
RELEASE_VASSAL_EFFECT; [SUB_A7]Y$TARGET$[SUB_A7]W을(를) 해방합니다.\n;;;;;;;;;;;;;
EVTDESC15310;그녀는 $COUNTRY_ADJ$ 군인인 것처럼 그림자를 피하면서 거리를 서둘러 가고 있습니다. 그런 그녀를 노려보고있는 것 같은 교회의 시계탑은 조명에 비추어 병자의 노란 눈처럼 보입니다. 그녀는 이미 지각하고 했지만 수업은 계속되고 있습니다.\n\n$PROVINCENAME$에 지하 대학이 개강되었습니다. 여기에서는 교육에서 사용이 금지된 소수의 언어로 고등 교육을 받을 수 있습니다.;As she makes her way through the city, doding shadows as if they were $COUNTRY_ADJ$ soldiers, the illuminated clock-tower of the church seems to glare at her like a mean, infected yellow eye. She's already late, but class is still in session.\n\nAn underground university has formed in $PROVINCENAME$, providing higher education despite the ban on minority languages in academia.;;;;;;;;;;;;;
EVTNAME11100;$FROMCOUNTRY$ 회의;;;;;;;;;;;;;
EVTDESC11100;$CULTURE_GROUP_UNION$ 내에서의 거대한 자유주의적인 민족주의의 물결이 $FROMCOUNTRY$ 정부를 무너뜨렸습니다. $CULTURE_GROUP_UNION$의 대표들은 소집된 회의에서 국가가 하나의 깃발 아래 단결해야 할 때라고 판단했습니다. 회의는 이 $CULTURE_GROUP_UNION$의 왕관을 우리에게 제안했습니다. 이를 수락한다면 국제적인 경종을 울리게 할 것이고, 혁명가들은 정치적인 보상을 요구할 것입니다.;;;;;;;;;;;;;
EVTOPTA11100;만세!;;;;;;;;;;;;;
EVTOPTB11100;시궁창과 운명을 함께 할 생각은 없다.;;;;;;;;;;;;;
IS_IN_A_SPHERE; = 영향권 안;;;;;;;;;;;;;
EVTNAME16070;불을 먹는 자;;;;;;;;;;;;;
EVTDESC16070;"불을 먹는 자들이 우리 특유의 사회제도와 관계된 격렬한 논쟁거리인 문제를 진정시킬 것입니다."\n\n그의 말은 온화한 목소리로 나타납니다. 그러나 노예제도에 대한 위협으로 간주란 모든 사람, 모든 사물을 향해서는 정의와 분노의 불길을 내뿜습니다. 급진적 노예제 추진론자인 '불을 먹는자'들이 $PROVINCENAME$에 나타났습니다.;;;;;;;;;;;;;
EVTOPTA16070;모든 사람은 평등하게 태어났...;;;;;;;;;;;;;
EVTOPTB16070;옳은 말만 하는군!;;;;;;;;;;;;;
PROVINCEVIEW_SUPPLY_LIMIT;보급 한계:;;;;;;;;;;;;;
PRODUCTION_COST_REOPEN;가동비: [SUB_A7]Y$VAL$[SUB_A7]W[SUB_A4] ;;;;;;;;;;;;;
EVTNAME11102;$CULTURE_GROUP_UNION$을 위한 만세삼창!;;;;;;;;;;;;;
EVTDESC11102;$COUNTRY$ 전역에서 환호하는 군중들이 $COUNTRY$ 깃발 아래 $CULTURE_GROUP_UNION$을(를) 통일하겠다고 선언한 $CAPITAL$ 정부를 축하하기 위해 $CULTURE_GROUP_UNION$ 깃발을 흔들며 거리를 행진하고 있습니다.\n\n"우리는 너무 오랫동안 외세의 모략과 음모에 대해 앞날을 가로막혀왔습니다. 오늘 그리고 앞으로 우리는 고대부터 고향인 이곳에서 더욱 완벽하게 단결할 것입니다. $CULTURE_GROUP_UNION$ 만세!'\n\n;;;;;;;;;;;;;
EVTOPTA11102;만세!;;;;;;;;;;;;;
NAVALATTACKTHEM_HEADER;해군참모총장 보고서;;;;;;;;;;;;;
NAVALATTACKUS_HEADER;해군참모총장 보고서;;;;;;;;;;;;;
SIEGEUS_SETUP;적군이 우리 지역에서 점령전을 시작했을 때;;;;;;;;;;;;;
SIEGEUS_HEADER;$MESSENGER$;;;;;;;;;;;;;
SIEGEUS_1;점령전 개시;;;;;;;;;;;;;
SIEGEUS_2;$MONARCHTITLE$께 아뢰기를,;;;;;;;;;;;;;
SIEGEUS_3;적군이 $PROV$에서 점령전을 개시했습니다.;;;;;;;;;;;;;
SIEGEUS_4;하지만 두려워할 필요는 없습니다!;;;;;;;;;;;;;
SIEGEUS_5;필시 우리 군대가 패퇴시킬 겁니다.;;;;;;;;;;;;;
SIEGEUS_6;*;;;;;;;;;;;;;
SIEGEUS_LOG;$PROV$에서 점령전이 시작됐습니다.;;;;;;;;;;;;;
SIEGEUS_BTN1;확인;;;;;;;;;;;;;
SIEGEUS_BTN2;확인;;;;;;;;;;;;;
SIEGEUS_BTN3;참조;;;;;;;;;;;;;
SIEGEUS_MAP;*;;;;;;;;;;;;;
SIEGETHEM_SETUP;우리나라가 적군의 지역에서 점령전을 시작했을 때;;;;;;;;;;;;;
SIEGETHEM_HEADER;$MESSENGER$;;;;;;;;;;;;;
SIEGETHEM_1;점령전 개시;;;;;;;;;;;;;
SIEGETHEM_2;$MONARCHTITLE$께 아뢰기를, 우리 군대가;;;;;;;;;;;;;
SIEGETHEM_3;$PROV$에서 점령전을 시작했습니다.;;;;;;;;;;;;;
SIEGETHEM_4;$DEFENDER$의 손아귀에서 그곳을;;;;;;;;;;;;;
SIEGETHEM_5;비틀어 떼어내는데는 오랜 시간이 걸리지 않을 것으로 보입니다.;;;;;;;;;;;;;
SIEGETHEM_6;그곳 주민들도 우리 정부의 통치를 분명 고대하고 있을 겁니다.;;;;;;;;;;;;;
SIEGETHEM_LOG;우리나라가 $PROV$에서 점령전을 시작했습니다.;;;;;;;;;;;;;
SIEGETHEM_BTN1;확인;;;;;;;;;;;;;
SIEGETHEM_BTN2;확인;;;;;;;;;;;;;
SIEGETHEM_BTN3;참조;;;;;;;;;;;;;
SIEGETHEM_MAP;*;;;;;;;;;;;;;
chief_of_army;육군참모총장;;;;;;;;;;;;;
chief_of_navy;해군참모총장;;;;;;;;;;;;;
chief_of_staff;참모총장;;;;;;;;;;;;;
SPHERE_LEADER;영향권 맹주;;;;;;;;;;;;;
CONFIRM_INTERVENTION;개입!;;;;;;;;;;;;;
CONFIRM_INTERVENTION_DESC;$WAR$에 개입합니다.;;;;;;;;;;;;;
CHAT_NONE_TIP;대화 필터 지우기;;;;;;;;;;;;;
CHAT_ALLIES_TIP;동맹국과만 대화;;;;;;;;;;;;;
CHAT_ENEMIES_TIP;적국과만 대화;;;;;;;;;;;;;
CHAT_ALL_TIP;모두와 대화;;;;;;;;;;;;;
CHAT_FILTER;클릭해 유저의 대화 수신 여부를 변경합니다.;;;;;;;;;;;;;
UV_NO_MORALE;조직력이 형편없어 움직일 수 없습니다. 현재 조직력은 필요한 [SUB_A7]Y$NEED$[SUB_A7]W 중 [SUB_A7]Y$ORG$[SUB_A7]W 밖에 없습니다.;;;;;;;;;;;;;
UV_NO_STRENGHT;병력이 형편없어 움직일 수 없습니다. 현재 병력은 필요한 [SUB_A7]Y$NEED$[SUB_A7]W 중 [SUB_A7]Y$STR$[SUB_A7]W 밖에 없습니다.;;;;;;;;;;;;;
tut_7a_6b;아래는 자동화 확인란입니다.\n자동화는 자동으로 군대에게 필요한 품목을 구매하도록 주문을 설정할 것입니다.;;;;;;;;;;;;;
tut_1a_4;우리 국경으로 집단으로 몰려드는 네덜란드군을 격퇴해야 합니다. 가장 먼저 할 일은 부대를 선발하는 것입니다.\n 부대를 선택하려면 브뤼셀의 군대를 클릭하세요.;;;;;;;;;;;;;
CONT_AI;인공지능과 교대;;;;;;;;;;;;;
CONT_CONTINUE;계속(인공지능 아님);;;;;;;;;;;;;
ASKMILITARYACCESS_THEY_ACCEPT_6;이제 조약이 발효되는 동안은 우리 군이 그들 영토를 자유롭게 가로질러갈 수 있습니다.;;;;;;;;;;;;;
ASKMILITARYACCESS_THEY_DECLINE_6;어떻게 이런 어리석은 결정을 내렸는지 모르겠습니다.;;;;;;;;;;;;;
DISBAND_UNIT_DRO;부대를 해산하면 군사유지비가 감소합니다.;;;;;;;;;;;;;
residency_desc;핵심 문화에 속한 국민들에게만 투표를 허용합니다.;;;;;;;;;;;;;
limited_citizenship_desc;핵심/수용 문화에 속한 국민들에게만 투표를 허용합니다.;;;;;;;;;;;;;
small_arms_production_desc;후장식 소총, 기계화한 소총 사용법 훈련, 반자동화, 그리고 무기 설계 기술적 개선으로 인해 19세기 동안 소화기 생산량이 엄청나게 증가했습니다.;;;;;;;;;;;;;
ammunition_production_desc;19세기 동안 기본 군수품의 설계와 생산이 많이 향상됐습니다. 전장식 소총에서 후장식 소총으로, 반자동 소총에서 기관총까지의 여러 진보는 탄약의 설계와 생산도 이를 따라가야함을 의미했습니다.;;;;;;;;;;;;;
explosives_production_desc;빅토리아시대는 폭약 화력의 엄청난 발전을 목격했습니다. 단순한 화약보다 조금 나은 정도로 시작해 플라스틱 폭탄과 니트로글리세린의 출현을 확인할 것입니다.;;;;;;;;;;;;;
artillery_production_desc;19세기의 산업혁명은 사실상 인간의 모든 노력에 영향을 미쳤고, 중화기의 생산도 예외는 아니었습니다. 이전에 대포를 주조했던 긴 과정은 이제 없습니다.;;;;;;;;;;;;;
PO_PD_70;여러 전쟁목표를 요구할 수 있습니다.;;;;;;;;;;;;;
PO_PD_40;하나 이상의 전쟁목표의 이행을 요구할 수 있습니다.;;;;;;;;;;;;;
PO_PD_10;무조건 평화를 받아들일 가능성이 매우 높습니다. 그렇지 않더라도 제한적인 전쟁목표만을 원할 것입니다.;;;;;;;;;;;;;
PO_PD_NEG_25;적이 제한적으로라도 전쟁목표를 요구할 수 있습니다.;;;;;;;;;;;;;
PO_PD_NEG_60;적이 하나 이상의 전쟁목표의 이행을 요구할 수 있습니다.;;;;;;;;;;;;;
PO_PD_NEG_99;적이 여러 전쟁목표를 요구할 수 있습니다.;;;;;;;;;;;;;
TOPBAR_AT_WAR_WITH;교전국: [SUB_A7]Y$COUNTRY$[SUB_A7]W;;;;;;;;;;;;;
tut_7a_8a;아이콘 아래에 구매라고 적힌 아이콘 옆에 슬라이더가 있습니다. 즉, 슬라이더를 특정량만큼 끌어놓으면 게임이 그만큼을 비축할 때까지 무역품 구매를 시도합니다.;;;;;;;;;;;;;
EVTOPTA17000;지금 참정권을 줄 생각은 없다.;;;;;;;;;;;;;
EVTOPTB17000;이 생각을 사람들이 지지해주면...;;;;;;;;;;;;;
