DIPLOMACY_AI_ACCEPTANCE;쬨$COUNTRY$쬦의 응답: 쬨$ODDS$쬦;;;;;;;;;;;;;
TOO_SOON_FOR_REFORM;개혁은 한달에 한번만 가능합니다. 다음 개혁안은 쬨$DATE$쬦 이후에 가능합니다.;;;;;;;;;;;;;
SIEGE_EXTRA_ATTR;점령 저항으로 인한 소모율: 쬟+$VAL$%쬦;;;;;;;;;;;;;
NO_SEPARATE_PEACE_CRISIS;분쟁으로 인한 전쟁에서는 개별적으로 협상할 수 없습니다.;;;;;;;;;;;;;
CRISIS_RESOLUTION_EFFECTS;해당 중재안으로 분쟁을 해소하면 위신이 $VAL$ 증가합니다.;;;;;;;;;;;;;
CRISIS_RESOLUTION_RELATIONS;관계도 변동: ;;;;;;;;;;;;;
flintlock_rifle_armament;수발식 소총;;;;;;;;;;;;;
flintlock_rifle_armament_desc;17세기 초에 도입된 부싯돌은 이전의 화기 점화기들을 빠르게 대체했고, 19세기 중반에야 종이뇌관과 탄약통에 자리를 내줬습니다. 이미 대부분의 화기가 현대식으로 대체됐지만, 사격광들 사이에서는 여전히 부싯돌 화기가 지속적인 인기를 누리고 있습니다.;;;;;;;;;;;;;
post_napoleonic_army_doctrine;나폴레옹시대 이후의 교리;;;;;;;;;;;;;
post_napoleonic_army_doctrine_desc;프랑스 혁명과 나폴레옹 전쟁을 통해 대변혁을 맞은 군사전략의 영향은 미국 남북전쟁과 제1차 세계대전의 초반까지 이어졌습니다. 싸구려 소형무기의 출현과 징병된 시민병사의 부상과 함께 군대는 빠르게 대규모화됐습니다. 이로 인해 병력을 역할에 따라 잘게 쪼개기 시작했으며, 이와 함께 사단 포병, 사거리와 화력이 뛰어난 경량식/이동식 포병 등이 출현했습니다. 창병들과 총병들의 경직된 진형은 경보병들에게 자리를 내줬습니다.;;;;;;;;;;;;;
muzzle_loaded_rifle_armament;전장식 소총;;;;;;;;;;;;;
muzzle_loaded_rifle_armament_desc;전장식 소총은 후장식 소총과는 달리 발사체와 추진체가 총의 앞쪽 끝에 적재된 총입니다. 전장식 소총은 1740년대에 개발됐으며, 눈에 띄는 형태의 '전장총'은 펜실베니아에서 독일제 소총을 개량해 개발했습니다.;;;;;;;;;;;;;
breech_loaded_rifle_armament;후장식 소총;;;;;;;;;;;;;
breech_loaded_rifle_armament_desc;후장식 무기는 탄약통이나 포탄을 총열의 후면 부분에 통합된 약실에 삽입하거나 장전하는 화기입니다. 14세기 후반에 첫 후장식 무기가 개발됐지만, 19세기에는 정밀 공학과 기계 가공이 개선되면서 후장식 무미가 더욱 성공했습니다.;;;;;;;;;;;;;
bolt_action_rifle_armament;볼트액션 소총;;;;;;;;;;;;;
bolt_action_rifle_armament_desc;볼트액션은 작은 손잡이로 약실(총렬)을 개폐해 수동으로 무기의 노리쇠를 작동하는 소총의 한 종류입니다. 첫 볼트액션 소총은 1824년 브리치로드 소총에 대한 연구를 따라하던 요한 니콜라우스 폰 드레세가 발명했습니다. 유럽군은 19세기 후반까지 볼트액션 소총을 계속 개발했고, 제1차 세계대전은 볼트액션 소총의 사용의 절정을 보여주었습니다. 전쟁 현장에 있는 모든 나라들은 다양한 볼트액션으로 무장했습니다.;;;;;;;;;;;;;
machine_gun_armament;기관총;;;;;;;;;;;;;
machine_gun_armament_desc;1861년 리처드 조던 개틀링이 개발하고 특허를 받은 개틀링 기관총은 자동 장전으로 순차적인 화력을 내뿜는 최초의 총입니다. 처음에는 미국 남북전쟁에서 매우 제한적으로 쓰였으며, 이후 개선돼 프랑스-프로이센 전쟁과 남아프리카 반란에서 쓰였습니다. 19세기 후반부터 다른 국가에도 팔린 개틀링 기관총은 20세기 초까지 계속 쓰였습니다. 최초의 자력 기관총은 1885년 히람 맥심 경이 발명했습니다. '맥심포'는 이전에 발사한 총알의 반동력을 자동으로 재장전하는데 사용했으므로 노든펠트나 개틀링 기관총과 같은 초기작보다 훨씬 높은 화력을 보였습니다.;;;;;;;;;;;;;
cuirassier_activation;흉갑기병;;;;;;;;;;;;;;
cuirassier_activation_desc;흉갑기병은 15세기 후반에 나타난 갑옷과 화기를 갖춘 기병입니다. 첫 흉갑기병은 중기병, 창기병과 같은 중무장한 기병이었으나, 시대가 흐르면서 창을 버리고 권총을 주무기로 사용하기 시작했습니다. 나폴레옹 전쟁을 거치면서 그 중요성이 증대됐고, 약 100년이 지난 제1차 세계대전까지 투입됐습니다. 그 후에도 수많은 국가에서 의장대로서 존재했습니다.;;;;;;;;;;;;;;
dragoon_activation;용기병;;;;;;;;;;;;;;
dragoon_activation_desc;용기병이란 단어의 유래는 단지 승마술을 익힌 승마한 보병을 뜻했으나, 18세기를 지나면서는 기존의 경기병대를 부르는 말로 변했습니다. 17세기 후반부터 18세기 초반까지 대부분의 유럽국가가 용기병대를 창설했습니다. 나폴레옹 전쟁 동안 용기병은 중무장한 흉갑기병과 함께 경기병의 역할을 훌륭하게 해냈습니다.;;;;;;;;;;;;;
hussar_activation;경기병;;;;;;;;;;;;;;
hussar_activation_desc;15세기 헝가리에서 후사르가 등장한 이후 여러 유럽 국가들에서 후사르라는 칭호와 독특한 차림의 기사들을 널리 이용했고, 후사르는 곧 경기병을 뜻하게 됐습니다. 후사르들은 나폴레옹 전쟁에서도 중책을 맡았습니다. 이 빠른 말에 탄 경기병들은 소규모 전투나 정찰에서 탁월한 능력을 발휘했습니다.;;;;;;;;;;;;;
military_aviation;군용항공술;;;;;;;;;;;;;
military_aviation_desc;군용항공술은 전쟁을 수행하거나 수행가능하게 하기 위해 항공기와 다른 기타 비행기계들를 이용하는 것입니다. 공기보다 비중이 큰 항공기는 일찍부터 군사용으로 적합한 것으로 인정받았습니다. 1909년 미국 육군 처음으로 라이트 모델 A를 구입했고, 1911년 이탈리아는 이탈리아-터키 전쟁의 일환으로 정찰, 사진 재생, 폭격 역할에 다양한 항공기 유형을 사용했습니다. 제1차 세계대전은 군용항공술이 정찰병, 포병 감시병, 전투기, 폭격기와 같은 많은 전문화된 유형을 빠르게 수용하는 것을 보았습니다.;;;;;;;;;;;;;
SIEGE; 포위;;;;;;;;;;;;;
TRANSFER_SUB_ALL;쬒쉬프트 + 마우스 좌클릭쬦으로 같은 병종에 전속합니다.;;;;;;;;;;;;;
OBSOLETE_UNIT_TECH;쬨$TECH$쬦이(가) 등장하면서 쬨$UNIT$쬦은(는) 구식이 됐습니다.;;;;;;;;;;;;;
ARMY_RECON_TOOLTIP;정찰 효율: 쬨$VAL$쬦%;;;;;;;;;;;;;
ARMY_RECON_DELAYED_TOOLTIP;정찰 효율은 적군의 추가 침입을 줄이고 포위 효율을 높일 수 있는 정찰대의 능력입니다.\n\n 이 부대에 필요한 정찰대의 양은 정찰 효율을 쬨$VAL$쬦 제공하는 쬨$RECONMAXUNITS$쬦이며, 현재 배치된 양은 쬨$RECONUNITS$쬦입니다.;;;;;;;;;;;;;
ARMY_ENGINEER_TOOLTIP;포위 효율: 쬨$VAL$쬦%;;;;;;;;;;;;;
ARMY_ENGINEER_DELAYED_TOOLTIP;포위 효율은 공병대와 기병의 능력으로 공격 또는 포위 시 적 요새의 효율을 감소시킵니다.\n\n 이 부대에 필요한 공병대와 기갑부대의 양은 포위 효율을 쬨$VAL$쬦 제공하는 쬨$ENGINEERMAXUNITS$쬦이며, 현재 배치된 양은 쬨$ENGINEERUNITS$쬦입니다.;;;;;;;;;;;;;
TENSION_DECAY;기본 감소: 쬨$VAL$쬦;;;;;;;;;;;;;
TENSION_FROM_GP_WARS;강대국 교전국: 쬨$VAL$쬦;;;;;;;;;;;;;
TENSION_FROM_GP_DISARMED;강대국 군비제한: 쬨$VAL$쬦;;;;;;;;;;;;;
TENSION_FROM_GP_RANK;강대국 순위: 쬨$VAL$쬦;;;;;;;;;;;;;
HAS_NOT_CULTURAL_SPHERE; 같은 문화권에 속하는 문화 < 1;;;;;;;;;;;;;
HAS_CULTURAL_SPHERE; 같은 문화권에 속하는 문화 > 1;;;;;;;;;;;;;
UCA;중앙아메리카;;;;;;;;;;;;;
LOAD_SAVEGAME_FAIL;저장한 게임을 불러오지 못했습니다.;;;;;;;;;;;;;
NEWS_TOOLTIP_UNREAD;쬒$MAX$쬦부의 신문 중에 쬒$NUM$쬦부를 읽었습니다.;;;;;;;;;;;;;
NEWS_TOOLTIP_NO_NEW;읽을 신문이 없습니다.;;;;;;;;;;;;;
become_independent_desc;무력을 통해 종주국에게 독립을 선포합니다.;;;;;;;;;;;;;
CRISIS_DAYS_UNTIL_WAR;쬨$DAYS$쬦일 동안 외교적 중재안을 찾지 못하면 전쟁이 발발합니다.;;;;;;;;;;;;;
REMOVEFROMSPHERE_COST_NO_INFAMY;위신을 쬟$PRESTIGE$쬦 소모합니다.;;;;;;;;;;;;;
REMOVEFROMSPHERE_COST;위신이 쬟$PRESTIGE$쬦 감소하며 악명을 악명이 쬟$INFAMY$쬦 증가합니다.;;;;;;;;;;;;;
REMOVEFROMSPHERE_DESC;해당 국가를 쬨강대국쬦의 영향권에서 이탈시킵니다.;;;;;;;;;;;;;
CRISIS_INTEREST;관심도: 쬨$VAL$쬦;;;;;;;;;;;;;
CRISIS_MAKE_OFFER_INVALID;무언가를 제안해야 합니다!;;;;;;;;;;;;;
CRISIS_MAKE_OFFER_NOT_LEADER;분쟁의 주도국이어야 합니다.;;;;;;;;;;;;;
CRISIS_MAKE_OFFER;쬨$COUNTRY$쬦에게 원하는 것을 제안하고 세력에 합류시킵니다.;;;;;;;;;;;;;
CRISIS_AI_WANTS_TO_BACK_1;- 어느 세력을 후원할지 결정하지 않았습니다.;;;;;;;;;;;;;
CRISIS_AI_WANTS_TO_BACK_2;- 합류로 기울었습니다.:;;;;;;;;;;;;;
CRISIS_AI_WANTS_TO_BACK_3;- 합류로 강하게 기울었습니다.:;;;;;;;;;;;;;
CRISIS_AI_INTEREST;합류에 대한 관심 -;;;;;;;;;;;;;
unification_release_puppet_cb_setup;$RECIPIENT$이(가) 점유한 $THIRD$을(를) 해방하고 영향권에 편입합니다.;;;;;;;;;;;;;
unification_release_puppet_cb_desc;외세의 통제를 받는 동포를 해방하고 영향권에 편입합니다.;;;;;;;;;;;;;
unification_release_puppet_cb;동포 종속국 해방;;;;;;;;;;;;;
unification_release_puppet_cb_short;$THIRD$ 해방;;;;;;;;;;;;;
AIREASON_STRATEGIC_INTERESTS;전략적 이익;;;;;;;;;;;;;
AIREASON_BACKED_BY_ALLY;동맹에 의한 후원;;;;;;;;;;;;;
AIREASON_ALLY;동맹국;;;;;;;;;;;;;
AIREASON_TOO_EARLY_IN_CRISIS;분쟁 초기;;;;;;;;;;;;;
AIREASON_CRISIS_OFFER;$WARGOAL$:;;;;;;;;;;;;;
AIREASON_ATTACKING_ALLY;동맹국 공격 중;;;;;;;;;;;;;
AIREASON_ATTACKING_FRIENDS;우방국 공격 중;;;;;;;;;;;;;
AIREASON_ATTACKING_ENEMIES;적국 공격 중;;;;;;;;;;;;;
AIREASON_COMMON_FOE;공공의 적;;;;;;;;;;;;;
AIREASON_WAR_WITH_SPHERE_LEADER;영향권 맹주와 전쟁;;;;;;;;;;;;;
AIREASON_CONSTRUCTING_CB;전략적 이익;;;;;;;;;;;;;
AIREASON_HELD_CORES;영유권 보유 지역 점유;;;;;;;;;;;;;
AIREASON_NEGATIVE_RELATIONS;부정적 관계(100 필요);;;;;;;;;;;;;
AIREASON_THREATS;위협;;;;;;;;;;;;;
AIREASON_TOO_MANY_GP_ALLIES;너무 많은 동맹 강대국;;;;;;;;;;;;;
AIREASON_DESIRES_GP_ALLY;강대국과의 동맹 염원;;;;;;;;;;;;;
AIREASON_ALLY_OF_ALLY;동맹국의 동맹국;;;;;;;;;;;;;
AIREASON_TOO_MANY_ALLIANCES;너무 많은 동맹국;;;;;;;;;;;;;
AIREASON_RELATIVE_ARMY_STRENGTH;육군력;;;;;;;;;;;;;
AIREASON_RELATIVE_NAVY_STRENGTH;해군력;;;;;;;;;;;;;
AIREASON_CURRENT_WARS;현재 전쟁;;;;;;;;;;;;;
AIREASON_OUR_CASUS_BELLI;우리 세력의 전쟁명분;;;;;;;;;;;;;
AIREASON_YOUR_CASUS_BELLI;우리나라의 전쟁명분;;;;;;;;;;;;;
AIREASON_CIV_VS_UNCIV;문명 대 비문명;;;;;;;;;;;;;
AIREASON_DIPLOMATIC_GOALS;정치적 고려;;;;;;;;;;;;;
AIREASON_DISTANCE;거리;;;;;;;;;;;;;
AIREASON_DIFFERENT_GOVTYPES;서로 다른 체제;;;;;;;;;;;;;
AIREASON_OUR_SPHERE;우리 영향권;;;;;;;;;;;;;
AIREASON_OTHER_SPHERE_LEADER;다른 영향권 맹주;;;;;;;;;;;;;
AIREASON_OTHER_SPHERE;다른 영향권;;;;;;;;;;;;;
AIREASON_OVERLORD;종주국;;;;;;;;;;;;;
AIREASON_BADBOY;악명;;;;;;;;;;;;;
AIREASON_RELATIONS;관계;;;;;;;;;;;;;
AIREASON_GP_RELATIONS;발언력;;;;;;;;;;;;;
AIREASON_BASE_RELUCTANCE;기본 저항;;;;;;;;;;;;;
AI_DIPLOMATIC_VALUE;외교적 가치;;;;;;;;;;;;;
AI_DIPLO_NO;거절할 것입니다.;;;;;;;;;;;;;
AI_DIPLO_YES;수락할 것입니다.;;;;;;;;;;;;;
SHIP_BUILD_MIN_BASE_LEVEL_WARNING;쬟해당 군항에서는 편제할 수 없습니다. 쬨$LVL$쬟단계 이상이어야 합니다.쬦;;;;;;;;;;;;;
NAVAL_BASE_OVERSEAS_LIMIT;쬟주력함은 해외 지역에서 건조할 수 없습니다.쬦;;;;;;;;;;;;;
NAVAL_COMBAT_DAMAGE_DESC_TITLE;예상 화력은 쬒$POWER$쬦입니다:;;;;;;;;;;;;;
NAVAL_COMBAT_DAMAGE_DESC_BASE;쬨$UNIT$쬦 기본 공격력: 쬒$VAL$쬦;;;;;;;;;;;;;
NAVAL_COMBAT_DAMAGE_DESC_TORP;뇌격: 쬒$VAL$쬦;;;;;;;;;;;;;
NAVAL_COMBAT_DAMAGE_DESC_LUCK;행운과 결정: 쬨$VAL$%쬦;;;;;;;;;;;;;
NAVAL_COMBAT_DAMAGE_DESC_HULL;적군 선체(쬟$HULL$쬦)로 인한 감소량: 쬟$VAL$%쬦;;;;;;;;;;;;;
NAVAL_COMBAT_DAMAGE_DESC_EXP;적군 숙련도(쬟$EXP$%쬦)로 인한 감소량: 쬟$VAL$%쬦;;;;;;;;;;;;;
NAVAL_COMBAT_DAMAGE_DESC_NOORG;적군 조직력 고갈: 쬨$VAL$%쬦;;;;;;;;;;;;;
NAVAL_COMBAT_DAMAGE_DESC_STR;우리 내구도로 인한 감소량: 쬨$VAL$%쬦;;;;;;;;;;;;;
NAVAL_COMBAT_HIT_CHANCE_DESC;명중률: 쬨$VAL$%쬦;;;;;;;;;;;;;
NAVAL_COMBAT_HIT_CHANCE_DESC_EVA;(적군의 회피로 인한 감소량: 쬟$VAL$%쬦);;;;;;;;;;;;;
MOBILIZATION_PROGRESS_PAUSED;쬨$PROV$쬦에서의 동원을 곧 시작합니다.;;;;;;;;;;;;;
MOBILIZATION_PROGRESS_PENDING;동원령 진행률: 쬨$PROG$%쬦;;;;;;;;;;;;;
MOBILIZATION_PROGRESS_NOT_MOBILIZED;동원에 다소 시간이 걸리겠지만, 첨단 철도망이 그 속도를 가속화합니다.;;;;;;;;;;;;;
COLONY_ADD_INFLUENCE;식민지 영향력 투사;;;;;;;;;;;;;
EVTNAME20100;$STATE$ 긴장;;;;;;;;;;;;;;
EVTDESC20100;최근 국제사회에서 $STATE$의 억압받는 이들의 역경에 대한 이야기가 퍼지고 있습니다. 이 이야기들은 우리가 오랫동안 자신들을 억압했다고 주장합니다. 그리고 자신들이 현재의 자애로운 통치에서 벗어나야 한다고 지껄입니다. 물론 $STATE$ 통치에 대한 방해를 결코 용납하면 안됩니다.;;;;;;;;;;;;;
EVTOPTA20100;물론 안되지!;;;;;;;;;;;;;;
EVTOPTB20100;이 일에 대해 이야기해봐야 할 것 같군...;;;;;;;;;;;;;;
EVTNAME20101;$STATE$ 긴장;;;;;;;;;;;;;;
EVTDESC20101;최근 국제사회에서 $STATE$의 억압받는 이들의 역경에 대한 이야기가 퍼지고 있습니다. 이 이야기들은 우리가 타당한 근거없이 해당 지역을 불법으로 통치하고 있다고 주장합니다. 이윽고 인근의 강대국들이 이 주장에 관심을 가지기 시작했습니다.;;;;;;;;;;;;;
EVTOPTA20101;틀림없이 $STATE$은(는) 우리의 것이다!;;;;;;;;;;;;;;
EVTOPTB20101;그들의 입장을 이해하자.;;;;;;;;;;;;;;
EVTNAME20102;$CRISISAREA$ 분쟁;;;;;;;;;;;;;;
EVTDESC20102;$CRISISAREA$을(를) 둘러싼 갈등이 결국 국제적 분쟁을 초래했습니다. $CRISISTARGET$이(가) $CRISISTAKER$에겐 이 지역을 통치할 어떠한 근거도 없다고 부인하며, 당연히 자신들이 통치해야 할 지역이라 주장했습니다. 반면에 $CRISISTAKER$은(는) 당연하고 적법한 자신들의 영토라고 주장합니다. 한편 최근의 해당 분쟁에 관한 국제회의에서 우리 외교관의 무례하고 도발적인 언행이 다른 국가들의 심기를 건드렸습니다.\n그 외교관의 입장을 지지하거나, 그 경솔한 언행에 사과하고 그의 발언을 부정해야 합니다.;;;;;;;;;;;;;
EVTOPTA20102;그의 말이 옳다, 오직 전쟁만이 해결책이다!;;;;;;;;;;;;;;
EVTOPTB20102;그의 말을 귀기울여 듣지 마라!;;;;;;;;;;;;;;
EVTNAME20103;$CRISISTAKER$의 운명;;;;;;;;;;;;;;
EVTDESC20103;$CRISTAKER$ 사람들의 운명이 최근 국제적인 주요 분쟁거리로 떠올랐습니다. $CRISTARGET$이(가) 현재 이 지역을 지배하고 있지만, $CRISTAKER$ 반군과 애국자들은 $CRISTARGET$의 통치에서 벗어나기 위해 많은 노력을 기울이고 있습니다. 물론 강대국인 우리도 $CRISISTAKER$의 운명에 대해 논의하기 위해 대사를 파견했습니다. 불행히도 그 대사는 평소보다 더 취한 상태로 정상회담에 참석했고, 회담에서 다른 참가자들에게 우리를 따르지 않는 모든 이들을 박살내고 이 문제를 해결할 준비를 마쳤다고 선언했습니다. 당연히 이것은 상황을 악화했습니다. 그의 행동을 거절함으로써 한발 물러설 수는 있지만, 그렇게 한다면 우리나라는 세계의 놀림거리로 전락할 것입니다.;;;;;;;;;;;;;
EVTOPTA20103;칼을 뽑아라!;;;;;;;;;;;;;;
EVTOPTB20103;그 멍청한 놈을 해고해!;;;;;;;;;;;;;;
EVTNAME20104;$CRISISAREA$ 분쟁;;;;;;;;;;;;;;
EVTDESC20104;$CRISISAREA$을 둘러싼 갈등이 국제적 분쟁을 초래했습니다. 강대국들이 그 분쟁에 관해서 한쪽 편을 들어주는 경향이 강해졌습니다. 우리도 자신만의 주장을 강력하게 밀어붙이거나, 상황을 진정시키려 노력해야 합니다.;;;;;;;;;;;;;
EVTOPTA20104;그 지역은 우리 것이다!;;;;;;;;;;;;;;
EVTOPTB20104;협상할 준비가 됐다.;;;;;;;;;;;;;;
EVTNAME20105;$CRISISAREA$ 분쟁;;;;;;;;;;;;;;
EVTDESC20105;$CRISISTAKER$ 반군이 자유를 위해 우리에게 저항하고 있고, 그 뒤에서 $CRISISATTACKER$이(가) 그들을 지지하고 있습니다. $CRISISDEFENDER$의 군대가 우리를 지원해주기를 바랄 뿐입니다. 대사를 $CRISISDEFENDER$에 파견해 $CRISISATTACKER$과(와) 그 후원국들을 제압해달라고 요청할 수도 있고, 협상할 준비를 마쳤다고 넌지시 말해볼 수도 있습니다.;;;;;;;;;;;;;
EVTOPTA20105;그대로 밀어붙여!;;;;;;;;;;;;;;
EVTOPTB20105;이런 일로 싸우지 말자고.;;;;;;;;;;;;;;
COLONIZE_PHASE_INTEREST;관심사 설정;;;;;;;;;;;;;
COLONIZE_PHASE_INTEREST_DESC;식민력을 이용한 투자를 통해 경쟁합니다. $LEVELS$단계를 먼저 달성한 두 국가가 다음 단계로 넘어갑니다.;;;;;;;;;;;;;
COLONIZE_PHASE_INFLUENCE;식민지 경쟁;;;;;;;;;;;;;
COLONIZE_PHASE_INFLUENCE_DESC;두 국가가 한 쪽이 영향력을 미치지 못할 때까지 식민력을 갖고 싸웁니다. 투자가 이루어질 때마다 주에서 긴장이 고조되며, 긴장이 너무 뜨거워지면 분쟁으로 번집니다.;;;;;;;;;;;;;
COLONIZE_PHASE_COLONIZATION;식민화;;;;;;;;;;;;;
COLONIZE_PHASE_COLONIZATION_DESC;이전의 승리자가 $MONTHS$개월 안에 식민지를 설립하지 않으면 투자했던 것들이 사라집니다.;;;;;;;;;;;;;
TICKING_WARSCORE_DESC_GRACE;필요 전쟁점수: $VAL$ (쬨$DAY$쬦일 남음);;;;;;;;;;;;;
TICKING_WARSCORE_DESC_GRACE_EXPLAIN;영토적 전쟁목표가 쬒$MIN$%쬦 이상일 경우 청구국의 전쟁점수가 점차적으로 올라갑니다.\n쬨$DAYS$일쬦 안에 전쟁목표를 달성하지 못하면, 반대로 피청구국의 전쟁점수가 올라갑니다. 청구국이 점령했던 전쟁목표를 피청구국이 탈환하는 경우에는 전쟁점수가 점차적으로 쬨0쬦으로 되돌아갑니다.;;;;;;;;;;;;;
TICKING_WARSCORE_FULFILL_TERRITORY_WG;쬒전쟁목표 주에 속하는 지역의 $MIN$% 이상을 점령하면 충족합니다.쬦;;;;;;;;;;;;;
TICKING_WARSCORE_FULFILL_TERRITORY_ANY;쬒피청구국 영토의 $MIN$% 이상을 점령하면 충족합니다.쬦;;;;;;;;;;;;;
TICKING_WARSCORE_FULFILL_BATTLE;쬒$BAT$쬦번 이상의 전투를 벌이면 충족합니다.쬦;;;;;;;;;;;;;
CREATE_PROTECTORATE;보호령 설립;;;;;;;;;;;;;
JAN;얀마옌;;;;;;;;;;;;;
JAN_ADJ;얀마옌령;;;;;;;;;;;;;
JAN_liberal;자유당;;;;;;;;;;;;;
JAN_conservative;보수당;;;;;;;;;;;;;
JAN_socialist;사회당;;;;;;;;;;;;;
JAN_anarcho_liberal;급진당;;;;;;;;;;;;;;
JAN_communist;공산당;;;;;;;;;;;;;;
JAN_fascist;국가결집당;;;;;;;;;;;;;;
COUNTRYALERT_NO_Colonial;식민지가 평화롭습니다.;;;;;;;;;;;;;
COUNTRYALERT_NO_Crisis;분쟁이 없습니다.;;;;;;;;;;;;;
COUNTRYALERT_Crisis;분쟁 강도: 쬨$TEMPERATURE$쬦;;;;;;;;;;;;;
HAS_GOODS_IN_STATE; = $GOODS$ 생산;;;;;;;;;;;;;
HAS_NO_GOODS_IN_STATE; ≠ $GOODS$ 생산;;;;;;;;;;;;;
MILITARY_MOBILIZE_CRISIS_IMPACT;쬟분쟁 상황에서 동원령을 선포하면 분쟁 강도가 증가합니다!!쬦;;;;;;;;;;;;;
NORMAL_WAR_LIBERATE_NAME;$ORDER$$COUNTRY$ 해방전쟁;;;;;;;;;;;;;;
AGRESSION_WAR_LIBERATE_NAME;$ORDER$$COUNTRY$ 해방전쟁;;;;;;;;;;;;;;
CANT_COLONIZE;쬟식민화 불가능:쬦;;;;;;;;;;;;;
COLONIZE_LAST_INVESTMENT;이미 이 지방에 투자했습니다. 다음 투자는 쬨$DATE$쬦 이후에 가능합니다.;;;;;;;;;;;;;
COLONY_INVEST_COST;투자 비용: 쬨$COST$쬦 식민력;;;;;;;;;;;;;
COLONY_INVEST_COST_LACK;투자 비용: 쬨$COST$쬦 식민력;;;;;;;;;;;;;
COLONIAL_INVESTMENT;투자한 식민력: 쬟$VALUE$쬦;;;;;;;;;;;;;
COLONIAL_MAINTENANCE;유지에 필요한 식민력: 쬟$VALUE$쬦;;;;;;;;;;;;;
AVAILABLE_COLONIAL_POWER;사용 가능: 쬨$VALUE$쬦;;;;;;;;;;;;;
PW_PROTECTORATE;보호령;;;;;;;;;;;;;
D01;$REGION$ 왕국;;;;;;;;;;;;;
D01_ADJ;$REGION$령;;;;;;;;;;;;;
D02;$REGION$ 연합국;;;;;;;;;;;;;
D02_ADJ;$REGION$령;;;;;;;;;;;;;
D03;$REGION$ 연합;;;;;;;;;;;;;
D03_ADJ;$REGION$령;;;;;;;;;;;;;
D04;$REGION$ 공화국;;;;;;;;;;;;;
D04_ADJ;$REGION$령;;;;;;;;;;;;;
D05;$REGION$국;;;;;;;;;;;;;
D05_ADJ;$REGION$령;;;;;;;;;;;;;
D06;$REGION$ 인민공화국;;;;;;;;;;;;;
D06_ADJ;$REGION$령;;;;;;;;;;;;;
D07;$REGION$ 자유국;;;;;;;;;;;;;
D07_ADJ;$REGION$령;;;;;;;;;;;;;
D08;대$REGION$국;;;;;;;;;;;;;
D08_ADJ;$REGION$령;;;;;;;;;;;;;
D09;$REGION$국;;;;;;;;;;;;;
D09_ADJ;$REGION$령;;;;;;;;;;;;;
D10;$REGION$ 공국;;;;;;;;;;;;;
D10_ADJ;$REGION$령;;;;;;;;;;;;;
D11;$REGION$ 민주공화국;;;;;;;;;;;;;
D11_ADJ;$REGION$령;;;;;;;;;;;;;
D12;$REGION$ 연합;;;;;;;;;;;;;
D12_ADJ;$REGION$령;;;;;;;;;;;;;
D13;대$REGION$ 왕국;;;;;;;;;;;;;
D13_ADJ;$REGION$령;;;;;;;;;;;;;
D14;$REGION$ 자치령;;;;;;;;;;;;;
D14_ADJ;$REGION$령;;;;;;;;;;;;;
D15;$REGION$ 대공국;;;;;;;;;;;;;
D15_ADJ;$REGION$령;;;;;;;;;;;;;
D16;$REGION$ 국가;;;;;;;;;;;;;
D16_ADJ;$REGION$령;;;;;;;;;;;;;
D17;$REGION$ 공화국 연방;;;;;;;;;;;;;
D17_ADJ;$REGION$령;;;;;;;;;;;;;
D18;$REGION$ 합중국;;;;;;;;;;;;;
D18_ADJ;$REGION$령;;;;;;;;;;;;;
D19;$REGION$ 민주합중국;;;;;;;;;;;;;
D19_ADJ;$REGION$령;;;;;;;;;;;;;
D20;$REGION$ 공작령;;;;;;;;;;;;;
D20_ADJ;$REGION$령;;;;;;;;;;;;;
D21;$REGION$ 연합;;;;;;;;;;;;;
D21_ADJ;$REGION$령;;;;;;;;;;;;;
D22;$REGION$ 민주주의인민공화국;;;;;;;;;;;;;
D22_ADJ;$REGION$령;;;;;;;;;;;;;
D23;$REGION$ 지역;;;;;;;;;;;;;
D23_ADJ;$REGION$령;;;;;;;;;;;;;
D24;영광스러운 $REGION$ 연합;;;;;;;;;;;;;
D24_ADJ;$REGION$령;;;;;;;;;;;;;
D25;웅장한 $REGION;;;;;;;;;;;;;
D25_ADJ;$REGION$령;;;;;;;;;;;;;
D26;$REGION$ 자유국;;;;;;;;;;;;;
D26_ADJ;$REGION$령;;;;;;;;;;;;;
D27;$REGION$ 국가연합;;;;;;;;;;;;;
D27_ADJ;$REGION$령;;;;;;;;;;;;;
D28;$REGION$ 연합국;;;;;;;;;;;;;
D28_ADJ;$REGION$령;;;;;;;;;;;;;
D29;$REGION$ 자유인민국;;;;;;;;;;;;;
D29_ADJ;$REGION$령;;;;;;;;;;;;;
D30;$REGION$ 공화국;;;;;;;;;;;;;
D30_ADJ;$REGION$령;;;;;;;;;;;;;
D31;$REGION$ 신성동맹;;;;;;;;;;;;;
D31_ADJ;$REGION$령;;;;;;;;;;;;;
D32;$REGION$ 인민동맹;;;;;;;;;;;;;
D32_ADJ;$REGION$령;;;;;;;;;;;;;
D33;$REGION$ 연방국;;;;;;;;;;;;;
D33_ADJ;$REGION$령;;;;;;;;;;;;;
D34;$REGION$ 연방국;;;;;;;;;;;;;
D34_ADJ;$REGION$령;;;;;;;;;;;;;
D35;$REGION$ 연합국령;;;;;;;;;;;;;
D35_ADJ;$REGION$령;;;;;;;;;;;;;
D36;$REGION$ 연방;;;;;;;;;;;;;
D36_ADJ;$REGION$령;;;;;;;;;;;;;
D37;경건한 $REGION$국;;;;;;;;;;;;;
D37_ADJ;$REGION$령;;;;;;;;;;;;;
D38;$REGION$ 지방;;;;;;;;;;;;;
D38_ADJ;$REGION$령;;;;;;;;;;;;;
D39;가장 고귀한 $REGION$ 공화국;;;;;;;;;;;;;
D39_ADJ;$REGION$령;;;;;;;;;;;;;
D40;$REGION$ 비밀왕국;;;;;;;;;;;;;
D40_ADJ;$REGION$령;;;;;;;;;;;;;
D41;$REGION$ 코뮌;;;;;;;;;;;;;
D41_ADJ;$REGION$령;;;;;;;;;;;;;
D42;$REGION$ 코뮌;;;;;;;;;;;;;
D42_ADJ;$REGION$령;;;;;;;;;;;;;
D43;$REGION$ 노동자연합;;;;;;;;;;;;;
D43_ADJ;$REGION$령;;;;;;;;;;;;;
D44;$REGION$ 방백국;;;;;;;;;;;;;
D44_ADJ;$REGION$령;;;;;;;;;;;;;
D45;$REGION$ 국가;;;;;;;;;;;;;
D45_ADJ;$REGION$령;;;;;;;;;;;;;
D46;신성$REGION$;;;;;;;;;;;;;
D46_ADJ;$REGION$령;;;;;;;;;;;;;
D47;$REGION$ 자치령;;;;;;;;;;;;;
D47_ADJ;$REGION$령;;;;;;;;;;;;;
D48;$REGION$ 인민국;;;;;;;;;;;;;
D48_ADJ;$REGION$령;;;;;;;;;;;;;
D49;$REGION$ 상급왕국;;;;;;;;;;;;;
D49_ADJ;$REGION$령;;;;;;;;;;;;;
D50;$REGION$ 소공국;;;;;;;;;;;;;
D50_ADJ;$REGION$령;;;;;;;;;;;;;
dominion_conservative;보수당;;;;;;;;;;;;;
dominion_reactionary;반동당;;;;;;;;;;;;;
dominion_liberal;자유당;;;;;;;;;;;;;
dominion_anarcho_liberal;급진당;;;;;;;;;;;;;
dominion_socialist;사회당;;;;;;;;;;;;;
dominion_communist;공산당;;;;;;;;;;;;;
dominion_fascist;파쇼당;;;;;;;;;;;;;
PW_UPGRADE_TO_COLONY;클릭해 식민지로 승격합니다. 식민력이 쬨$VALUE$쬦 필요합니다.;;;;;;;;;;;;;
PW_CANT_UPGRADE_TO_COLONY;식민력을 쬟$VALUE$쬦 소모해 식민지를 확장하고 있습니다.;;;;;;;;;;;;;
PW_CANT_UPGRADE_TO_STATE;식민력을 쬟$VALUE$쬦 소모해 통합하고 있습니다.;;;;;;;;;;;;;
CREATE_DOMINION;자치령 해방;;;;;;;;;;;;;
CANT_CREATE_PROTECTORATE_COST;보호령을 설립하려면 식민력이 쬟$VALUE$쬦 필요합니다.;;;;;;;;;;;;;
torpedo_attacks_desc;어뢰는 폭발성 탄두를 탑재한 자주포로 수면 위나 아래로 발사해 목표물을 향해 수중으로 추진하며 목표물과 접촉하거나 근접해 폭발하도록 설계됐습니다. 작은 배에서 발사돼, 가장 큰 군함에도 치명적일 수 있습니다.;;;;;;;;;;;;;
