MULTI_SEL_DESC;[SUB_A7]G쉬프트+마우스 좌클릭[SUB_A7]W으로 여러 부대를 선택합니다;;;;;;;;;;;;;
SM_DETAILS;세부사항;;;;;;;;;;;;;
DISBAND_ALL;선택 부대 해산;;;;;;;;;;;;;
DISBAND_ALL_TITLE;전체 부대 해산;;;;;;;;;;;;;
DISBAND_ALL_DESC;[SUB_A7]Y$NUM$[SUB_A7]W개 부대를 [SUB_A7]R해산[SUB_A7]W합니다.;;;;;;;;;;;;;
DATE_DIFF_A;$Y$년 $M$개월 $D$일;;;;;;;;;;;;;
DATE_DIFF_B;$M$개월 $D$일;;;;;;;;;;;;;
DATE_DIFF_C;$D$일;;;;;;;;;;;;;
torpedo_attacks;어뢰 공격;;;;;;;;;;;;;
TORPEDO_ATTACK;뇌격;;;;;;;;;;;;;
TORPEDO_ATTACK_DESC;뇌격은 더 큰 전함에게 추가 피해를 입힙니다.;;;;;;;;;;;;;
NAVAL_COMBAT_STACK_PENALTY_DESC;함대의 통신 불량으로 인한 불이익: [SUB_A7]R$PEN$%[SUB_A7]Y\n목표물을 찾기가 더욱 어려워집니다. 전함의 수와 잠재적 목표물의 영향을 받습니다.;;;;;;;;;;;;;
BP_TAB_CURRENT;현재 전투계획;;;;;;;;;;;;;
BP_TAB_HISTORICAL;역사적 전투계획;;;;;;;;;;;;;
BP_TOOL_COLOR_RED;빨간색;;;;;;;;;;;;;
BP_TOOL_COLOR_GREEN;초록색;;;;;;;;;;;;;
BP_TOOL_COLOR_BLUE;파란색;;;;;;;;;;;;;
BP_TOOL_COLOR_YELLOW;노란색;;;;;;;;;;;;;
BP_TOOL_ARROW_SLIM;얇은 화살표;;;;;;;;;;;;;
BP_TOOL_ARROW_MEDIUM_1;중간 화살표 1;;;;;;;;;;;;;
BP_TOOL_ARROW_MEDIUM_2;중간 화살표 2;;;;;;;;;;;;;
BP_TOOL_ARROW_MEDIUM_3;중간 화살표 3;;;;;;;;;;;;;
BP_TOOL_ARROW_THICK;굵은 화살표;;;;;;;;;;;;;
BP_TOOL_BORDER_1;테두리 1;;;;;;;;;;;;;
BP_TOOL_BORDER_2;테두리 2;;;;;;;;;;;;;
BP_TOOL_BORDER_3;테두리 3;;;;;;;;;;;;;
BP_TOOL_BORDER_4;테두리 4;;;;;;;;;;;;;
BP_TOOL_BORDER_5;테두리 5;;;;;;;;;;;;;
BP_TOOL_ICON_AIRPLANE;전투기;;;;;;;;;;;;;
BP_TOOL_ICON_TANK;전차;;;;;;;;;;;;;
BP_TOOL_ICON_BOMB_1;소형폭탄;;;;;;;;;;;;;
BP_TOOL_ICON_BOMB_2;대형폭탄;;;;;;;;;;;;;
BP_SAVE_PLAN_CONFIRM;저장;;;;;;;;;;;;;
BP_SAVE_PLAN_CANCEL;취소;;;;;;;;;;;;;
BP_SAVE_PLAN_PROMPT;전투계획이 이미 존재합니다!\n기존 파일에 덮어씁니다.;;;;;;;;;;;;;
BP_DELETE_SAVED_PLAN_PROMPT;저장한 전투계획을 지웁니다.;;;;;;;;;;;;;
BP_DELETE_CURRENT_PLAN_PROMPT;현재 전투계획을 지웁니다.;;;;;;;;;;;;;
BP_SHARED_WITH;공유:;;;;;;;;;;;;;
BP_NEW_PLAN;새 전투계획;;;;;;;;;;;;;
BP_TOOLTIP_TAB_CURRENT;현재 전투계획 목록;;;;;;;;;;;;;
BP_TOOLTIP_TAB_HISTORICAL;역사적 전투계획 목록\n[SUB_A7]Y불러오기[SUB_A7]W를 클릭해 선택한 계획을 현재 계획에 추가할 수 있습니다.;;;;;;;;;;;;;
BP_TOOLTIP_TAB_SAVED;저장한 전투계획 목록\n[SUB_A7]Y불러오기[SUB_A7]W를 클릭해 선택한 계획을 현재 계획에 추가할 수 있습니다.;;;;;;;;;;;;;
BP_TOOLTIP_NEW_PLAN;새 계획을 만듭니다.;;;;;;;;;;;;;
BP_TOOLTIP_REMOVE_PLAN;선택한 전투계획을 지웁니다.;;;;;;;;;;;;;
BP_TOOLTIP_SHARE_PLAN;선택한 전투계획의 [SUB_A7]Y동맹국[SUB_A7]W과의 [SUB_A7]Y공유[SUB_A7]W를 전환합니다.;;;;;;;;;;;;;
BP_TOOLTIP_SAVE_PLAN;선택한 전투계획을 파일로 저장합니다.;;;;;;;;;;;;;
BP_TOOLTIP_RENAME_PLAN;선택한 전투계획의 이름을 변경합니다.;;;;;;;;;;;;;
BP_TOOLTIP_IMPORT_PLAN;선택한 전투계획을 현재 계획에 추가합니다.;;;;;;;;;;;;;
BP_TOOLTIP_TOOL_SELECT;개체를 클릭해 선택합니다.;;;;;;;;;;;;;
BP_TOOLTIP_TOOL_ARROW;화살표 유형을 선택하고 [SUB_A7]Y마우스 좌클릭[SUB_A7]W으로 지도에 그립니다.\n[SUB_A7]Y쉬프트[SUB_A7]W + [SUB_A7]Y마우스 좌클릭[SUB_A7]W으로 화살을 다른 화살에 맞출 수 있습니다.;;;;;;;;;;;;;
BP_TOOLTIP_TOOL_BORDER;테두리 유형을 선택하고 [SUB_A7]Y마우스 좌클릭[SUB_A7]W으로 지도에 그립니다.;;;;;;;;;;;;;
BP_TOOLTIP_TOOL_ICON;아이콘 유형을 선택하고 [SUB_A7]Y마우스 좌클릭[SUB_A7]W으로 지도에 그립니다.\n[SUB_A7]Y쉬프트[SUB_A7]W + [SUB_A7]Y마우스 휠[SUB_A7]W로 회전시킬 수 있습니다.;;;;;;;;;;;;;
BP_TOOLTIP_TOOL_COLOR;화살표와 아이콘의 색 유형을 선택합니다.\n현재 선택한 화살표와 아이콘에도 적용됩니다.;;;;;;;;;;;;;
BP_TOOLTIP_TOOL_TEXT;지도에 글자를 씁니다.\n아무것도 선택하지 않으면 새 글을 만듭니다.\n 화살표를 선택하면 화살표에 글씨를 씁니다.\n글씨가 선택된 경우 - 글씨를 편집합니다.\n[SUB_A7]Y쉬트프[SUB_A7]W + [SUB_A7]Y마우스 휠[SUB_A7]W로 회전시킬 수 있습니다.\n[SUB_A7]Y컨트롤[SUB_A7]W + [SUB_A7]Y마우스 휠[SUB_A7]W로 크기를 조정할 수 있습니다.;;;;;;;;;;;;;
BP_TOOLTIP_TOOL_ERASE;선택한 개체를 삭제합니다.;;;;;;;;;;;;;
BP_TOOLTIP_VISIBILITY;지도에서 전투계획의 표시를 전환합니다.;;;;;;;;;;;;;
MILITARY_SPENDINGS_LAND;[SUB_A7]Y육군비[SUB_A7]W;;;;;;;;;;;;;
MILITARY_SPENDINGS_NAVAL;[SUB_A7]Y해군비[SUB_A7]W;;;;;;;;;;;;;
MILITARY_SPENDINGS_PROJECTS;[SUB_A7]Y건설비[SUB_A7]W;;;;;;;;;;;;;
STOCKPILE_COST_ESTIMATED;육군, 해군, 건설비, 해외 지역 유지비 등에 쓰입니다.\n내일 [SUB_A7]Y예상[SUB_A7]! 비축비:;;;;;;;;;;;;;
STOCKPILE_COST_ACTUAL;오늘 [SUB_A7]Y실제[SUB_A7]W 비축비:;;;;;;;;;;;;;
NAVAL_COMBAT_DETAILS_APPROACH;[SUB_A7]Y$WHO$[SUB_A7]W에게 접근하고 있습니다. 현재 거리: [SUB_A7]Y$DIST$[SUB_A7]W;;;;;;;;;;;;;
NAVAL_COMBAT_DETAILS_DESTROYED;[SUB_A7]Y$WHO$[SUB_A7]W부대가 [SUB_A7]R파괴[SUB_A7]W함;;;;;;;;;;;;;
NAVAL_COMBAT_DETAILS_DISENGAGED;전투에서 철수했으므로 이제 전투에 참여할 수 없습니다.;;;;;;;;;;;;;
NAVAL_COMBAT_DETAILS_RETREAT;퇴각하고 있습니다.;;;;;;;;;;;;;
NAVAL_COMBAT_DETAILS_SEEKING;최고의 목표물을 찾고 있습니다.;;;;;;;;;;;;;
NAVAL_COMBAT_DETAILS_SHOOTING;포격 목표: [SUB_A7]Y$WHO$[SUB_A7]W.\n- 조직력 피해: [SUB_A7]G$ORG$[SUB_A7]W\n- 내구도 피해: [SUB_A7]Y$STR$[SUB_A7]W;;;;;;;;;;;;;
NAVAL_COMBAT_DETAILS_FILTERING;[SUB_A7]G마우스 좌클릭[SUB_A7]W으로 해당 전함을 목표물로 하는 모든 전함을 표시합니다.;;;;;;;;;;;;;
MAPMODE_NAVAL_TOOLTIP_LEVEL;군항 수준: [SUB_A7]G$LVL$[SUB_A7]W단계;;;;;;;;;;;;;
MAPMODE_NAVAL_TOOLTIP_NO_BASE;군항이 없습니다.;;;;;;;;;;;;;
MAPMODE_NAVAL_TOOLTIP_CAP;해군 보급 처리량: [SUB_A7]G$CAP$[SUB_A7]W/[SUB_A7]G$TOT$[SUB_A7]W;;;;;;;;;;;;;
MAPMODE_NAVAL_TOOLTIP_IN_OTHER;이미 같은 주에 속하는 [SUB_A7]Y$PROV$[SUB_A7]W에 군항이 있습니다.;;;;;;;;;;;;;
MAPMODE_NAVAL_TOOLTIP_UNDER_CON;이미 군항을 건설하고 있습니다.;;;;;;;;;;;;;
NAVAL_SUPPLY_PENALTY_DESC;[SUB_A7]Y해군 보급 처리량[SUB_A7]W으로 인해 영향을 [SUB_A7]R$PEN$%[SUB_A7]W 받습니다.;;;;;;;;;;;;;
COMBAT_LEADER_MOD_ATTACK;지휘관 공격력;;;;;;;;;;;;;
COMBAT_LEADER_MOD_DEFENSE;지휘관 방어력;;;;;;;;;;;;;
OCCUPATION_SCORE_ATTACKER;공격측 점령;;;;;;;;;;;;;
OCCUPATION_SCORE_DEFENDER;방어측 점령;;;;;;;;;;;;;
BLOCKADE_SCORE_ATTACKER;공격측 봉쇄: ;;;;;;;;;;;;;
BLOCKADE_SCORE_DEFENDER;방어측 봉쇄: ;;;;;;;;;;;;;
TICKING_WARSCORE_HEAD;[SUB_A7]Y$VAL$[SUB_A7]W일 경과에 따른 [SUB_A7]Y추가 점수[SUB_A7]W:;;;;;;;;;;;;;
TICKING_WARSCORE_DESC_SCORE;현재 전쟁점수: $VAL$ (일일 변동: $CHANGE$).;;;;;;;;;;;;;
TICKING_WARSCORE_DESC_SCORE_MAX;현재 전쟁점수: $VAL$ (최대);;;;;;;;;;;;;
TICKING_WARSCORE_DESC_SCORE_SHORT;현재 전쟁점수: $VAL$ (일일 변동: $CHANGE$).;;;;;;;;;;;;;
TICKING_WARSCORE_DESC_SCORE_MAX_SHORT;현재 전쟁점수: $VAL$ (최대);;;;;;;;;;;;;
CB_DESTROY_FORTS;요새 철거;;;;;;;;;;;;;
CB_DESTROY_NAVAL_BASES;군항 철거;;;;;;;;;;;;;
po_destroy_forts;$STATE$ 내 모든 요새를 파괴합니다.;;;;;;;;;;;;;
po_destroy_naval_bases;$STATE$ 내 모든 군항을 파괴합니다.;;;;;;;;;;;;;
ALL_CORE_PROVINCES;영유권 보유 지역이 속한 주 전체;;;;;;;;;;;;;
ALL_SATES; 주 전체;;;;;;;;;;;;;
dismantle_forts_desc;적국에 속한 주의 요새와 군항을 철거합니다.;;;;;;;;;;;;;
dismantle_forts;요새 철거;;;;;;;;;;;;;
dismantle_forts_short;$STATE$ 요새 철거;;;;;;;;;;;;;
dismantle_forts_setup;$STATE$의 요새와 해군지기를 철거합니다.;;;;;;;;;;;;;
liberate_country_desc;적국에 종속된 [SUB_A7]Y국가[SUB_A7]W를 해방합니다.;;;;;;;;;;;;;
liberate_country;국가 해방;;;;;;;;;;;;;
liberate_country_short;$THIRD$ $STATE$ 인수;;;;;;;;;;;;;
liberate_country_setup;$RECIPIENT$이 점유한 $STATE$ 지방을 $THIRD$에게 반환합니다.;;;;;;;;;;;;;
FIRE_RANGE;사거리;;;;;;;;;;;;;
EVASION;회피;;;;;;;;;;;;;
SORT_BY;정렬:;;;;;;;;;;;;;
STANCE;태세;;;;;;;;;;;;;;
STR_ORG;병력/조직력;;;;;;;;;;;;;
SORT_BY_TYPE_DESC;[SUB_A7]Y함종[SUB_A7]W 순서대로 정렬합니다.;;;;;;;;;;;;;
SORT_BY_STANCE_DESC;전함의 [SUB_A7]Y현재 태세[SUB_A7]W 순서대로 정렬합니다.;;;;;;;;;;;;;
SORT_BY_STR_ORG_DESC;전함의 [SUB_A7]Y평균 병력과 조직력[SUB_A7]W 순서대로 정렬합니다.;;;;;;;;;;;;;
TARGETED_BY;목표로 지정됨:;;;;;;;;;;;;;
MAY_NOT_RETREAT_NAVAL;현재 상태를 완벽하게 이해하기 전에는 퇴각할 수 없습니다.;;;;;;;;;;;;;
REMAINING_NAVAL_RETREAT;자진해서 퇴각하기 전에, 그 가능성을 알아내려면 [SUB_A7]Y$OPT$[SUB_A7]W에 더 가까워야 합니다.;;;;;;;;;;;;;
NAVAL_COMBAT_STATUS_APPROACH;접근;;;;;;;;;;;;;
NAVAL_COMBAT_STATUS_SEEKING;목표물 탐색;;;;;;;;;;;;;
NAVAL_COMBAT_STATUS_FIRING;피해: [SUB_A7]G$ORG$[SUB_A7]W/[SUB_A7]R$STR$[SUB_A7]W;;;;;;;;;;;;;
NAVAL_COMBAT_STATUS_RETREAT;퇴각;;;;;;;;;;;;;
NAVAL_COMBAT_STATUS_DISENGAGED;철수;;;;;;;;;;;;;
SUPPLY_LOAD;보급량;;;;;;;;;;;;;
SUPPLY_LOAD_STATUS_DESC_BASIC;[SUB_A7]Y군항[SUB_A7]W의 총 [SUB_A7]Y보급 처리량[SUB_A7]W: $TOT$\n전함 필요량: $REQ$척;;;;;;;;;;;;;
SUPPLY_LOAD_STATUS_DESC_PENALTY;이들을 보급함으로 인한 다른 전함들의 피해량: $PEN$;;;;;;;;;;;;;
SUPPLY_LOAD_STATUS_DESC_HINT;군항을 건설하거나 전함 일부를 해산해야 합니다.;;;;;;;;;;;;;
SUPPLY_LOAD_STATUS_DESC_UPCOMING_PENALTY;새 전함을 건조하고 있으며, 해당 전함이 건조되면 보급 한도를 $EXC$ 초과하게 됩니다.;;;;;;;;;;;;;
SUPPLY_LOAD_STATUS_DESC_DETAILED_LIST;보급 처리량 수요에 대한 보고서:;;;;;;;;;;;;;
SHIP_BUILD_MIN_BASE_LEVEL;[SUB_A7]Y$LVL$[SUB_A7]W단계 이상의 군항이 필요합니다.;;;;;;;;;;;;;
SHIP_BUILD_LIMIT_PER_BASE;각 항구가 지원할 수 있는 전함은 [SUB_A7]Y$LIM$[SUB_A7]W척입니다.;;;;;;;;;;;;;
SHIP_BUILD_LIMIT_PER_BASE_HINT;[SUB_A7]R[SUB_A7]G$LVL$[SUB_A7]R단계 이상의 군항을 건설하는 게 좋습니다.[SUB_A7]W;;;;;;;;;;;;;
SHIP_BUILD_LIMIT_MAX;[SUB_A7]Y(한계: $LIM$)[SUB_A7]W;;;;;;;;;;;;;
BUILDING_ONE_PER_STATE;각 주당 하나;;;;;;;;;;;;;
DIPLOMACY_CRISIS_INFO;분쟁;;;;;;;;;;;;;
CRISIS_CANT_DECLARE_WAR;분쟁에 참가하고 있으면 전쟁을 선포할(또는 선포당할) 수 없습니다.;;;;;;;;;;;;;
HAS_FLASHPOINT; 화약고 > 1;;;;;;;;;;;;;
HAS_NO_FLASHPOINT; 화약고 < 1;;;;;;;;;;;;;
TENSION_LESS_THAN; 화약고 긴장도 < ;;;;;;;;;;;;;
TENSION_MORE_THAN; 화약고 긴장도 > ;;;;;;;;;;;;;
CRISIS_TEMPERATURE_LESS_THAN; 분쟁 강도 < ;;;;;;;;;;;;;
CRISIS_TEMPERATURE_MORE_THAN; 분쟁 강도 > ;;;;;;;;;;;;;
FLASHPOINT_TENSION_EFFECT; 화약고 긴장도: $DIRECTION$ $VALUE$\n;;;;;;;;;;;;;
diplomatic_focus;외교;;;;;;;;;;;;;
increase_tension;긴장 고조;;;;;;;;;;;;;
increase_tension_focus_desc;매달마다 화약고의 긴장도가 [SUB_A7]Y$VAL$[SUB_A7]W% 증가합니다.;;;;;;;;;;;;;
NOT_A_FLASHPOINT;[SUB_A7]R화약고 아님[SUB_A7]W;;;;;;;;;;;;;
MAPMODE_21;분쟁;;;;;;;;;;;;;
MAPMODE_22;군항;;;;;;;;;;;;;
FLASHPOINT_TENSION; 화약고 긴장도: [SUB_A7]Y$VALUE$[SUB_A7]W%;;;;;;;;;;;;;
EXECUTING_HISTORY;Executing History;;;;;;;;;;;;;
CRISIS_TEMPERATURE;분쟁 강도: [SUB_A7]R$VALUE$%[SUB_A7]W;;;;;;;;;;;;;
HAS_CRISIS; = 분쟁 지역;;;;;;;;;;;;;
HAS_NO_CRISIS; ≠ 분쟁 지역;;;;;;;;;;;;;
CRISIS_TEMPERATURE_EFFECT; 분쟁 강도: $DIRECTION$ $VALUE$\n;;;;;;;;;;;;;
TRIGGER_STATE; 분쟁 주;;;;;;;;;;;;;
BACKERS_LABEL;후원국:;;;;;;;;;;;;;
SUPPORT_SIDE;세력 합류;;;;;;;;;;;;;
ON_THE_FENCE_LABEL;관망국:;;;;;;;;;;;;;
vacuum_tube;진공관;;;;;;;;;;;;;
vacuum_tube_desc;진공관은 진공을 통해 전류의 흐름을 활용하는 장치입니다. 진공관에서 전자는 열전극 방출(에디슨 효과)을 통해 진공을 통과해 열전극(음극)으로 이동합니다. 이후 양극과 음극 사이에 추가 전극이 삽입돼 증폭 및 신호 전환이 가능해지는 원리입니다. 진공관은 라디오, 전화, TV, 전파탐지기, 초기 컴퓨터의 생산과 상업화에 필수적으로 쓰였습니다.;;;;;;;;;;;;;
tulls_seed_drill;튤의 파종기;;;;;;;;;;;;;
tulls_seed_drill_desc;이전 시대까지만 해도 농민들은 씨앗을 가방에 담아 밭을 오르내리며 씨앗을 던지거나 놓는 방식으로 파종했습니다. 제스로 툴은 말 뒤에 다는 파종기를 발명했습니다. 그의 파종기는 곡물로 가득찬 상자가 든 바퀴달린 차량으로 구성됐습니다. 파종기가 밭을 가로질러 당겨지면서 씨를 골고루 뿌리는 원리입니다.;;;;;;;;;;;;;
rotherham_plough;로더럼 쟁기;;;;;;;;;;;;;
rotherham_plough_desc;디즈니 스터니포스와 조셉 폴잠베가 발명한 로더럼 또는 요크셔 쟁기는 전통적인 쟁기의 개선판입니다. 기존 쟁기와 같은 나무로 만들어졌지만, 부속품과 날은 철로 만들어졌으며, 판과 쟁기날은 철판으로 덮여 있었습니다. 전통적인 쟁기보다 가벼웠고 말 한 쌍으로도 쉽게 작업할 수 있었습니다.;;;;;;;;;;;;;
telephone_switchboard;전화교환대;;;;;;;;;;;;;
telephone_switchboard_desc;전화교환대는 전화통화를 연결하는 구성요소입니다. 최초의 전화교환기는 1877년 토마스 에디슨 밑에서 일하던 헝가리인 티바다르 푸스크가 만들었습니다. 1881년까지 교환전화는 미국 동부와 서유럽으로 확대됐습니다. 교환전화는 수백 개의 '교환대'에서 직원이 전화를 수동으로 '교환'해 연결해줬습니다. 1891년 알몬 브라운 스트로거라는 사람이 계전기라는 특허를 내면서 교환전화가 자동화됐습니다.;;;;;;;;;;;;;
BRZ_2446;미나스제라이스;;;;;;;;;;;;;;
CLM_2259;카우카;;;;;;;;;;;;;;
ANN_1371;박키;;;;;;;;;;;;;;
ANN_1374;중키;;;;;;;;;;;;;;
ANN_1383;남키;;;;;;;;;;;;;;
LUA_1356;라오스;;;;;;;;;;;;;;
SIA_1392;방콕;;;;;;;;;;;;;;
SIA_1355;치앙마이;;;;;;;;;;;;;;
SIA_1358;나콘랏차시마;;;;;;;;;;;;;;
ENG_1384;말라야;;;;;;;;;;;;;;
ENG_1343;테나세림;;;;;;;;;;;;;;
BUR_1339;카친;;;;;;;;;;;;;;
BUR_1334;샨;;;;;;;;;;;;;;
BUR_1330;페구;;;;;;;;;;;;;;
NEP_1327;히말라야;;;;;;;;;;;;;;
TIB_1591;티베트;;;;;;;;;;;;;;
ENG_1247;비하르;;;;;;;;;;;;;;
ENG_1261;오리사;;;;;;;;;;;;;;
ENG_1236;연합주;;;;;;;;;;;;;;
PAN_1227;펀자브;;;;;;;;;;;;;;
PAN_1224;카슈미르;;;;;;;;;;;;;;
KAL_1221;발루치스탄;;;;;;;;;;;;;;
SIN_1288;신드;;;;;;;;;;;;;;
ENG_1291;구자라트;;;;;;;;;;;;;;
ENG_1264;라즈푸타나;;;;;;;;;;;;;;
ENG_1275;중부 인도;;;;;;;;;;;;;;
NAG_1277;나그푸르;;;;;;;;;;;;;;
ENG_1305;시르카르스;;;;;;;;;;;;;;
HYD_1283;하이데라바드;;;;;;;;;;;;;;
ENG_1297;봄베이;;;;;;;;;;;;;;
ENG_1304;마드라스;;;;;;;;;;;;;;
MYS_1314;마이소르;;;;;;;;;;;;;;
ENG_1317;트레번코르;;;;;;;;;;;;;;
ATJ_1405;아체;;;;;;;;;;;;;;
NET_1398;수마트라;;;;;;;;;;;;;;
NET_1423;보르네오;;;;;;;;;;;;;;
NET_1449;몰루카 제도;;;;;;;;;;;;;;
NET_1451;서뉴기니;;;;;;;;;;;;;;
BAL_1438;순다;;;;;;;;;;;;;;
BRU_1394;북부 보르네오;;;;;;;;;;;;;;
PER_1141;라레스탄-시스탄;;;;;;;;;;;;;;
PER_1148;호라산;;;;;;;;;;;;;;
PER_1138;후제스탄;;;;;;;;;;;;;;
PER_1135;파르스-케르만;;;;;;;;;;;;;;
PER_1127;이스파한;;;;;;;;;;;;;;
PER_1116;길란-마잔다란;;;;;;;;;;;;;;
PER_1121;이라카제미;;;;;;;;;;;;;;
PER_1112;타브리즈;;;;;;;;;;;;;;
PER_1122;루리스탄;;;;;;;;;;;;;;
AFG_1214;서부 아프가니스탄;;;;;;;;;;;;;;
AFG_1217;동부 아프가니스탄;;;;;;;;;;;;;;
RUS_1196;투르크메니아;;;;;;;;;;;;;;
KHI_1191;우즈베키아;;;;;;;;;;;;;;
BUK_1207;타지키아;;;;;;;;;;;;;;
KOK_1190;키르기지아;;;;;;;;;;;;;;
RUS_1182;우랄스크;;;;;;;;;;;;;;
RUS_1184;아크몰린스크;;;;;;;;;;;;;;
RUS_1185;세미레체;;;;;;;;;;;;;;
CHI_1532;내몽골;;;;;;;;;;;;;;
CHI_1578;사천;;;;;;;;;;;;;;
CHI_1581;중경;;;;;;;;;;;;;;
CHI_1494;소주;;;;;;;;;;;;;;
CHI_1550;강서;;;;;;;;;;;;;;
CHI_1487;복건;;;;;;;;;;;;;;
CHI_1611;절강;;;;;;;;;;;;;;
CHI_1473;남안휘;;;;;;;;;;;;;;
CHI_1516;동호북;;;;;;;;;;;;;;
CHI_1523;서호북;;;;;;;;;;;;;;
CHI_1513;하남;;;;;;;;;;;;;;
CHI_1472;북안휘;;;;;;;;;;;;;;
CHI_1476;강소;;;;;;;;;;;;;;
CHI_1539;소주;;;;;;;;;;;;;;
CHI_1563;산동;;;;;;;;;;;;;;
CHI_1614;남직예;;;;;;;;;;;;;;
CHI_1618;북직예;;;;;;;;;;;;;;
CHI_1553;만주;;;;;;;;;;;;;;
CHI_1082;외만주;;;;;;;;;;;;;;
CHI_1086;사할린;;;;;;;;;;;;;;
KOR_1624;경기-충청-강원;;;;;;;;;;;;;;
KOR_1635;전라-경상;;;;;;;;;;;;;;
KOR_1627;황해;;;;;;;;;;;;;;
KOR_1619;평안-함경;;;;;;;;;;;;;;
JAP_1660;큐슈;;;;;;;;;;;;;;
JAP_1640;주고쿠-시코쿠;;;;;;;;;;;;;;
JAP_1655;간사이;;;;;;;;;;;;;;
JAP_1675;주부;;;;;;;;;;;;;;
JAP_1649;간토;;;;;;;;;;;;;;
JAP_1654;오가사와라;;;;;;;;;;;;;;
JAP_1672;도호쿠;;;;;;;;;;;;;;
JAP_1088;홋카이도;;;;;;;;;;;;;;
RUS_2685;우랄;;;;;;;;;;;;;;
RUS_1065;오브;;;;;;;;;;;;;;
RUS_1064;토볼스크;;;;;;;;;;;;;;
RUS_1469;톰스크;;;;;;;;;;;;;;
RUS_2615;하부 예니세이스크;;;;;;;;;;;;;;
RUS_1070;상부 예니세이스크;;;;;;;;;;;;;;
RUS_1075;이르쿠츠크;;;;;;;;;;;;;;
RUS_1079;트란스바이칼;;;;;;;;;;;;;;
RUS_2694;중부 시베리아;;;;;;;;;;;;;;
RUS_1069;서부 야쿠츠크;;;;;;;;;;;;;;
RUS_2653;북부 시베리아;;;;;;;;;;;;;;
RUS_1071;야쿠츠크;;;;;;;;;;;;;;
RUS_1072;오호츠크;;;;;;;;;;;;;;
RUS_2668;북부 야쿠츠크;;;;;;;;;;;;;;
RUS_2618;상부 오호츠크;;;;;;;;;;;;;;
RUS_2621;내륙 추코트카;;;;;;;;;;;;;;
RUS_1074;캄차카;;;;;;;;;;;;;;
RUS_2590;연안 추코트카;;;;;;;;;;;;;;
TUR_885;카르스;;;;;;;;;;;;;;
TUR_884;트라브존;;;;;;;;;;;;;;
TUR_889;디야르바키르-반;;;;;;;;;;;;;;
TUR_876;앙카라-아다나;;;;;;;;;;;;;;
TUR_873;콘야;;;;;;;;;;;;;;
TUR_881;카스타모누;;;;;;;;;;;;;;
TUR_869;아이든;;;;;;;;;;;;;;
TUR_863;휘다벤디가르;;;;;;;;;;;;;;
TUR_923;모술;;;;;;;;;;;;;;
TUR_931;바그다드;;;;;;;;;;;;;;
TUR_935;바스라;;;;;;;;;;;;;;
EGY_897;알레포;;;;;;;;;;;;;;
EGY_910;트란스요르단;;;;;;;;;;;;;;
EGY_903;시리아;;;;;;;;;;;;;;
NEJ_1156;하일;;;;;;;;;;;;;;
NEJ_1157;네지드;;;;;;;;;;;;;;
EGY_1746;시나이;;;;;;;;;;;;;;
EGY_1750;하부 이집트;;;;;;;;;;;;;;
EGY_1762;중부 이집트;;;;;;;;;;;;;;
EGY_1771;상부 이집트;;;;;;;;;;;;;;
EGY_1753;마트루흐;;;;;;;;;;;;;;
EGY_1758;이집트사막;;;;;;;;;;;;;;
EGY_1834;동골라;;;;;;;;;;;;;;
EGY_1827;수단;;;;;;;;;;;;;;
ENG_1843;에콰토리아;;;;;;;;;;;;;;
ENG_1848;에리트레아;;;;;;;;;;;;;;
ETH_1854;곤다르-티그레이;;;;;;;;;;;;;;
ETH_1864;암하라;;;;;;;;;;;;;;
ETH_1867;오로미아;;;;;;;;;;;;;;
ALD_1708;콩스탕틴;;;;;;;;;;;;;;
FRA_1700;알제;;;;;;;;;;;;;;
ALD_1704;틀렘센;;;;;;;;;;;;;;
MOR_1688;알리프;;;;;;;;;;;;;;
MOR_1686;페즈;;;;;;;;;;;;;;
MOR_1693;모로코;;;;;;;;;;;;;;
FRA_1803;팀북투;;;;;;;;;;;;;;
FRA_1798;동부 말리;;;;;;;;;;;;;;
FRA_1801;서부 말리;;;;;;;;;;;;;;
FRA_1901;볼타;;;;;;;;;;;;;;
FRA_1808;외하우살란드;;;;;;;;;;;;;;
FRA_1923;요루바;;;;;;;;;;;;;;
FRA_1927;하우살란드;;;;;;;;;;;;;;
FRA_1939;동부 하우살란드;;;;;;;;;;;;;;
FRA_1930;베냉;;;;;;;;;;;;;;
FRA_1931;니제르 삼각주;;;;;;;;;;;;;;
FRA_1937;나이지리아;;;;;;;;;;;;;;
FRA_1816;보르누;;;;;;;;;;;;;;
ENG_1825;차드;;;;;;;;;;;;;;
ENG_1818;와다이;;;;;;;;;;;;;;
FRA_1965;우방기샤리;;;;;;;;;;;;;;
ENG_2029;잔지바르;;;;;;;;;;;;;;
ENG_2034;탕카니카;;;;;;;;;;;;;;
ENG_2039;린디;;;;;;;;;;;;;;
ENG_2016;카젬베;;;;;;;;;;;;;;
POR_2053;잠베지아;;;;;;;;;;;;;;
POR_2049;로렌수-마르케스;;;;;;;;;;;;;;
ZUL_2113;나탈-줄루랜드;;;;;;;;;;;;;;
ENG_2078;헤레로란트;;;;;;;;;;;;;;
ENG_2132;남부대서양제도;;;;;;;;;;;;;;
ENG_2125;인도양지역;;;;;;;;;;;;;;
MAD_2117;남부 마다가스카르;;;;;;;;;;;;;;
MAD_2121;북부 마다가스카르;;;;;;;;;;;;;;
sioux_nation_title;다코타 부족연합;;;;;;;;;;;;;
sioux_nation_name;다코타 부족연합;;;;;;;;;;;;;
sioux_nation_desc;다코타족은 미국 정착민들과 군인들의 침략에게서 조상들의 땅을 지키려 합니다. 이들은 워싱턴과의 약속이 깨졌다는 사실에 분노하며, 서방의 식민화를 저지하기 위해 격렬하게 싸울 것입니다.;;;;;;;;;;;;;
sioux_nation_army;다코타 매파;;;;;;;;;;;;;
apache_title;아파치;;;;;;;;;;;;;
apache_name;아파치;;;;;;;;;;;;;
apache_desc;아파치족은 미국 정착민들과 군인들의 침략에게서 조상들의 땅을 지키려 합니다. 이들은 워싱턴과의 약속이 깨졌다는 사실에 분노하며, 서방의 식민화를 저지하기 위해 격렬하게 싸울 것입니다.;;;;;;;;;;;;;
apache_army;아파치 매파;;;;;;;;;;;;;
EVTNAME160001;태평천국의 난;;;;;;;;;;;;;
EVTDESC160001;천하를 뒤흔들 대반란이 일어났습니다! 자신이 예수 그리스도의 동생이라는 환영을 보았다고 주장하는 홍수전이 만주족이 지배하는 청에게서 반란을 일으켜 남중국에 태평천국을 세웠습니다.;;;;;;;;;;;;;;
EVTOPTA160001;박살내라!;;;;;;;;;;;;;;
EVTOPTB160001;멸만흥한;;;;;;;;;;;;;;
EVTNAME160502;반만주족 정서;;;;;;;;;;;;;;
EVTDESC160502;성상, 불만이 고조되는 가운데 심지어는 우리 만주족 왕조를 향해 적대감을 표출하는 이들도 있음을 관료들이 감지했습니다. 도시와 항구들에 있는 수치스런 양이 악마들이 이러한 정서를 격앙시킬 것입니다. 어떤 행동을 취하는 게 좋을까요?;;;;;;;;;;;;;;
EVTOPTA160502;군사력을 과시하라.;;;;;;;;;;;;;;
EVTOPTB160502;말 같지도 않은 소리로 내 시간을 뺏지 마라!;;;;;;;;;;;;;;
EVTNAME90902;중국의 붕괴;;;;;;;;;;;;;;
EVTDESC90902;중국이 분열했습니다;;;;;;;;;;;;;;
EVTOPTA90902;해방이다!;;;;;;;;;;;;;;
EVTNAME90040;세포이 반란;;;;;;;;;;;;;;
EVTDESC90040;인도인들이 반란을 일으켰습니다!;;;;;;;;;;;;;;
EVTOPTA90040;문제가 생겼군;.;;;;;;;;;;;;;
CRISIS_DESCRIPTION_LIBERATION;$COUNTRY$의 해방을 둘러싼 분쟁입니다.;;;;;;;;;;;;;
CRISIS_DESCRIPTION_RECLAIM;$COUNTRY$의 영토 반환을 둘러싼 분쟁입니다.;;;;;;;;;;;;;
CRISIS_ALREADY_TAKEN_SIDE;이미 한 세력에 합류했습니다.;;;;;;;;;;;;;
CRISIS_WAITING_ON_BACKER;후원국 물색 중;;;;;;;;;;;;;
MUST_BE_CRISIS_SIDE_LEADER;분쟁에서 한 세력의 주도국이어야 합니다.;;;;;;;;;;;;;
CRISIS_ALREADY_TAKEN_SIDE;이미 한 세력에 합류했습니다.;;;;;;;;;;;;;
CRISIS_OFFERTITLE;거래 제안;;;;;;;;;;;;;
CRISIS_OFFER_OFFER;$ACTOR$이 [SUB_A7]Y$WARGOAL$[SUB_A7]W 전쟁명분을 대가로 분쟁 참여를 제안했습니다.;;;;;;;;;;;;;
CRISIS_OFFER_WE_ACCEPT_SETUP;우리나라가 분쟁 참여 제안을 수락했을 때;;;;;;;;;;;;;
CRISIS_OFFER_WE_ACCEPT_HEADER;외무부 장관 보고서;;;;;;;;;;;;;
CRISIS_OFFER_WE_ACCEPT_1;$MONARCHTITLE$;;;;;;;;;;;;;
CRISIS_OFFER_WE_ACCEPT_2;$ACTOR$의 솔깃한 분쟁 참여 제안을 수락했습니다.;;;;;;;;;;;;;
CRISIS_OFFER_WE_ACCEPT_3;제안: $WARGOAL$;;;;;;;;;;;;;
CRISIS_OFFER_WE_ACCEPT_4;*;;;;;;;;;;;;;
CRISIS_OFFER_WE_ACCEPT_5;*;;;;;;;;;;;;;
CRISIS_OFFER_WE_ACCEPT_6;*;;;;;;;;;;;;;
CRISIS_OFFER_WE_ACCEPT_BTN1;확인;;;;;;;;;;;;;
CRISIS_OFFER_WE_ACCEPT_BTN2;확인;;;;;;;;;;;;;
CRISIS_OFFER_WE_ACCEPT_BTN3;참조;;;;;;;;;;;;;
CRISIS_OFFER_WE_ACCEPT_LOG;우리나라가 분쟁 참여 제안을 수락했습니다.;;;;;;;;;;;;;
CRISIS_OFFER_THEY_ACCEPT_SETUP;한 국가가 우리나라의 분쟁 참여 제안을 수락했을 때;;;;;;;;;;;;;
CRISIS_OFFER_THEY_ACCEPT_HEADER;외무부 장관 보고서;;;;;;;;;;;;;
CRISIS_OFFER_THEY_ACCEPT_1;$MONARCHTITLE$;;;;;;;;;;;;;
CRISIS_OFFER_THEY_ACCEPT_2;$RECIPIENT$이 우리나라의 솔깃한 분쟁 참여 제안을 수락했습니다.;;;;;;;;;;;;;
CRISIS_OFFER_THEY_ACCEPT_3;제안: $WARGOAL$;;;;;;;;;;;;;
CRISIS_OFFER_THEY_ACCEPT_4;*;;;;;;;;;;;;;
CRISIS_OFFER_THEY_ACCEPT_5;*;;;;;;;;;;;;;
CRISIS_OFFER_THEY_ACCEPT_6;*;;;;;;;;;;;;;
CRISIS_OFFER_THEY_ACCEPT_BTN1;확인;;;;;;;;;;;;;
CRISIS_OFFER_THEY_ACCEPT_BTN2;확인;;;;;;;;;;;;;
CRISIS_OFFER_THEY_ACCEPT_BTN3;참조;;;;;;;;;;;;;
CRISIS_OFFER_THEY_ACCEPT_LOG;$RECIPIENT$이 우리나라의 분쟁 참여 제안을 수락했습니다.;;;;;;;;;;;;;
CRISIS_OFFER_OTHER_ACCEPT_SETUP;한 국가가 분쟁 참여 제안을 수락했을 때;;;;;;;;;;;;;
CRISIS_OFFER_OTHER_ACCEPT_HEADER;외무 장관 보고서;;;;;;;;;;;;;
CRISIS_OFFER_OTHER_ACCEPT_1;$MONARCHTITLE$;;;;;;;;;;;;;
CRISIS_OFFER_OTHER_ACCEPT_2;$RECIPIENT$이;;;;;;;;;;;;;
CRISIS_OFFER_OTHER_ACCEPT_3;$ACTOR$의;;;;;;;;;;;;;
CRISIS_OFFER_OTHER_ACCEPT_4;세력 합류 제안을;;;;;;;;;;;;;
CRISIS_OFFER_OTHER_ACCEPT_5;수락했다고 합니다.;;;;;;;;;;;;;
CRISIS_OFFER_OTHER_ACCEPT_6;*;;;;;;;;;;;;;
CRISIS_OFFER_OTHER_ACCEPT_BTN1;확인;;;;;;;;;;;;;
CRISIS_OFFER_OTHER_ACCEPT_BTN2;확인;;;;;;;;;;;;;
CRISIS_OFFER_OTHER_ACCEPT_BTN3;참조;;;;;;;;;;;;;
CRISIS_OFFER_OTHER_ACCEPT_LOG;$RECIPIENT$이 분쟁 참여 제안을 수락했습니다.;;;;;;;;;;;;;
CRISIS_OFFER_WE_DECLINE_SETUP;우리나라가 분쟁 참여 제안을 거부했을 때;;;;;;;;;;;;;
CRISIS_OFFER_WE_DECLINE_HEADER;외무부 장관 보고서;;;;;;;;;;;;;
CRISIS_OFFER_WE_DECLINE_1;$MONARCHTITLE$;;;;;;;;;;;;;
CRISIS_OFFER_WE_DECLINE_2;$ACTOR$의 분쟁 참여 제안을 거부했습니다.;;;;;;;;;;;;;
CRISIS_OFFER_WE_DECLINE_3;*;;;;;;;;;;;;;
CRISIS_OFFER_WE_DECLINE_4;*;;;;;;;;;;;;;
CRISIS_OFFER_WE_DECLINE_5;*;;;;;;;;;;;;;
CRISIS_OFFER_WE_DECLINE_6;*;;;;;;;;;;;;;
CRISIS_OFFER_WE_DECLINE_BTN1;확인;;;;;;;;;;;;;
CRISIS_OFFER_WE_DECLINE_BTN2;확인;;;;;;;;;;;;;
CRISIS_OFFER_WE_DECLINE_BTN3;참조;;;;;;;;;;;;;
CRISIS_OFFER_WE_DECLINE_LOG;우리나라가 분쟁 참여 제안을 거부했습니다.;;;;;;;;;;;;;
CRISIS_OFFER_THEY_DECLINE_SETUP;한 국가가 우리나라의 분쟁 참여 제안을 거부했을 때;;;;;;;;;;;;;
CRISIS_OFFER_THEY_DECLINE_HEADER;외무부 장관 보고서;;;;;;;;;;;;;
CRISIS_OFFER_THEY_DECLINE_1;$MONARCHTITLE$;;;;;;;;;;;;;
CRISIS_OFFER_THEY_DECLINE_2;괘씸하게도 $RECIPIENT$이 우리의 솔깃한 분쟁 참여 제안을 거부했습니다.;;;;;;;;;;;;;
CRISIS_OFFER_THEY_DECLINE_3;*;;;;;;;;;;;;;
CRISIS_OFFER_THEY_DECLINE_4;*;;;;;;;;;;;;;
CRISIS_OFFER_THEY_DECLINE_5;*;;;;;;;;;;;;;
CRISIS_OFFER_THEY_DECLINE_6;*;;;;;;;;;;;;;
CRISIS_OFFER_THEY_DECLINE_BTN1;확인;;;;;;;;;;;;;
CRISIS_OFFER_THEY_DECLINE_BTN2;확인;;;;;;;;;;;;;
CRISIS_OFFER_THEY_DECLINE_BTN3;참조;;;;;;;;;;;;;
CRISIS_OFFER_THEY_DECLINE_LOG;$RECIPIENT$이 우리나라의 분쟁 참여 제안을 거부했습니다.;;;;;;;;;;;;;
CRISIS_OFFER_OTHER_DECLINE_SETUP;한 국가가 분쟁 참여 제안을 거부했을 때;;;;;;;;;;;;;
CRISIS_OFFER_OTHER_DECLINE_HEADER;외무부 장관 보고서;;;;;;;;;;;;;
CRISIS_OFFER_OTHER_DECLINE_1;$MONARCHTITLE$;;;;;;;;;;;;;
CRISIS_OFFER_OTHER_DECLINE_2;계산하지 못했던 일이 일어났습니다.;;;;;;;;;;;;;
CRISIS_OFFER_OTHER_DECLINE_3;$RECIPIENT$이;;;;;;;;;;;;;
CRISIS_OFFER_OTHER_DECLINE_4;$ACTOR$의 분쟁 참여 제안을;;;;;;;;;;;;;
CRISIS_OFFER_OTHER_DECLINE_5;거부했다고 합니다.;;;;;;;;;;;;;
CRISIS_OFFER_OTHER_DECLINE_6;*;;;;;;;;;;;;;
CRISIS_OFFER_OTHER_DECLINE_BTN1;확인;;;;;;;;;;;;;
CRISIS_OFFER_OTHER_DECLINE_BTN2;확인;;;;;;;;;;;;;
CRISIS_OFFER_OTHER_DECLINE_BTN3;참조;;;;;;;;;;;;;
CRISIS_OFFER_OTHER_DECLINE_LOG;$RECIPIENT$이 분쟁 참여 제안을 거부했습니다.;;;;;;;;;;;;;
BACK_CRISISTITLE;분쟁 후원;;;;;;;;;;;;;
BACK_CRISIS_OFFER;$ACTOR$이 분쟁 후원을 요청합니다.;;;;;;;;;;;;;
BACK_CRISIS_WE_ACCEPT_SETUP;우리나라가 세력 합류 요청을 수락했을 때;;;;;;;;;;;;;
BACK_CRISIS_WE_ACCEPT_HEADER;외무부 장관 보고서;;;;;;;;;;;;;
BACK_CRISIS_WE_ACCEPT_1;$MONARCHTITLE$;;;;;;;;;;;;;
BACK_CRISIS_WE_ACCEPT_2;$ACTOR$ 세력의 합류 요청을 수락했습니다.;;;;;;;;;;;;;
BACK_CRISIS_WE_ACCEPT_3;*;;;;;;;;;;;;;
BACK_CRISIS_WE_ACCEPT_4;*;;;;;;;;;;;;;
BACK_CRISIS_WE_ACCEPT_5;*;;;;;;;;;;;;;
BACK_CRISIS_WE_ACCEPT_6;*;;;;;;;;;;;;;
BACK_CRISIS_WE_ACCEPT_BTN1;확인;;;;;;;;;;;;;
BACK_CRISIS_WE_ACCEPT_BTN2;확인;;;;;;;;;;;;;
BACK_CRISIS_WE_ACCEPT_BTN3;참조;;;;;;;;;;;;;
BACK_CRISIS_WE_ACCEPT_LOG;우리나라가 $ACTOR$ 세력의 합류 요청을 수락했습니다.;;;;;;;;;;;;;
BACK_CRISIS_THEY_ACCEPT_SETUP;한 국가가 분쟁에서 우리 세력의 합류 요청을 수락했을 때;;;;;;;;;;;;;
BACK_CRISIS_THEY_ACCEPT_HEADER;외무부 장관 보고서;;;;;;;;;;;;;
BACK_CRISIS_THEY_ACCEPT_1;$MONARCHTITLE$;;;;;;;;;;;;;
BACK_CRISIS_THEY_ACCEPT_2;$RECIPIENT$이 우리 세력의 합류 요청을 수락했습니다.;;;;;;;;;;;;;
BACK_CRISIS_THEY_ACCEPT_3;*;;;;;;;;;;;;;
BACK_CRISIS_THEY_ACCEPT_4;*;;;;;;;;;;;;;
BACK_CRISIS_THEY_ACCEPT_5;*;;;;;;;;;;;;;
BACK_CRISIS_THEY_ACCEPT_6;*;;;;;;;;;;;;;
BACK_CRISIS_THEY_ACCEPT_BTN1;확인;;;;;;;;;;;;;
BACK_CRISIS_THEY_ACCEPT_BTN2;확인;;;;;;;;;;;;;
BACK_CRISIS_THEY_ACCEPT_BTN3;참조;;;;;;;;;;;;;
BACK_CRISIS_THEY_ACCEPT_LOG;$RECIPIENT$이 분쟁에서 우리 세력의 합류 요청을 수락했습니다.;;;;;;;;;;;;;
BACK_CRISIS_OTHER_ACCEPT_SETUP;한 국가가 분쟁에서 상대 세력의 합류 요청을 수락했을 때;;;;;;;;;;;;;
BACK_CRISIS_OTHER_ACCEPT_HEADER;외무부 장관 보고서;;;;;;;;;;;;;
BACK_CRISIS_OTHER_ACCEPT_1;$MONARCHTITLE$;;;;;;;;;;;;;
BACK_CRISIS_OTHER_ACCEPT_2;문제가 생겼습니다.;;;;;;;;;;;;;
BACK_CRISIS_OTHER_ACCEPT_3;$RECIPIENT$이;;;;;;;;;;;;;
BACK_CRISIS_OTHER_ACCEPT_4;$ACTOR$ 세력의 합류 요청을 수락했습니다.;;;;;;;;;;;;;
BACK_CRISIS_OTHER_ACCEPT_5;*;;;;;;;;;;;;;
BACK_CRISIS_OTHER_ACCEPT_6;*;;;;;;;;;;;;;
BACK_CRISIS_OTHER_ACCEPT_BTN1;확인;;;;;;;;;;;;;
BACK_CRISIS_OTHER_ACCEPT_BTN2;확인;;;;;;;;;;;;;
BACK_CRISIS_OTHER_ACCEPT_BTN3;참조;;;;;;;;;;;;;
BACK_CRISIS_OTHER_ACCEPT_LOG;$RECIPIENT$이 분쟁에서 $ACTOR$ 세력의 합류 요청을 수락했습니다.;;;;;;;;;;;;;
BACK_CRISIS_WE_DECLINE_SETUP;우리나라가 세력 합류 요청을 거부했을 때;;;;;;;;;;;;;
BACK_CRISIS_WE_DECLINE_HEADER;외무부 장관 보고서;;;;;;;;;;;;;
BACK_CRISIS_WE_DECLINE_1;$MONARCHTITLE$;;;;;;;;;;;;;
BACK_CRISIS_WE_DECLINE_2;$ACTOR$ 세력의 합류 요청을 거부했습니다.;;;;;;;;;;;;;
BACK_CRISIS_WE_DECLINE_3;*;;;;;;;;;;;;;
BACK_CRISIS_WE_DECLINE_4;*;;;;;;;;;;;;;
BACK_CRISIS_WE_DECLINE_5;*;;;;;;;;;;;;;
BACK_CRISIS_WE_DECLINE_6;*;;;;;;;;;;;;;
BACK_CRISIS_WE_DECLINE_BTN1;확인;;;;;;;;;;;;;
BACK_CRISIS_WE_DECLINE_BTN2;확인;;;;;;;;;;;;;
BACK_CRISIS_WE_DECLINE_BTN3;참조;;;;;;;;;;;;;
BACK_CRISIS_WE_DECLINE_LOG;우리나라가 $ACTOR$ 세력의 합류 요청을 거부했습니다.;;;;;;;;;;;;;
BACK_CRISIS_THEY_DECLINE_SETUP;한 국가가 분쟁에서 우리 세력의 합류 요청을 거부했을 때;;;;;;;;;;;;;
BACK_CRISIS_THEY_DECLINE_HEADER;외무부 장관 보고서;;;;;;;;;;;;;
BACK_CRISIS_THEY_DECLINE_1;$MONARCHTITLE$;;;;;;;;;;;;;
BACK_CRISIS_THEY_DECLINE_2;$RECIPIENT$이 우리 세력의 합류 요청을 거부했습니다.;;;;;;;;;;;;;
BACK_CRISIS_THEY_DECLINE_3;*;;;;;;;;;;;;;
BACK_CRISIS_THEY_DECLINE_4;*;;;;;;;;;;;;;
BACK_CRISIS_THEY_DECLINE_5;*;;;;;;;;;;;;;
BACK_CRISIS_THEY_DECLINE_6;*;;;;;;;;;;;;;
BACK_CRISIS_THEY_DECLINE_BTN1;확인;;;;;;;;;;;;;
BACK_CRISIS_THEY_DECLINE_BTN2;확인;;;;;;;;;;;;;
BACK_CRISIS_THEY_DECLINE_BTN3;참조;;;;;;;;;;;;;
BACK_CRISIS_THEY_DECLINE_LOG;$RECIPIENT$이 분쟁에서 우리 세력의 합류 요청을 거부했습니다;;;;;;;;;;;;;
BACK_CRISIS_OTHER_DECLINE_SETUP;한 국가가 분쟁에서 상대 세력의 합류 요청을 거부했을 때;;;;;;;;;;;;;
BACK_CRISIS_OTHER_DECLINE_HEADER;외무부 장관 보고서;;;;;;;;;;;;;
BACK_CRISIS_OTHER_DECLINE_1;$MONARCHTITLE$;;;;;;;;;;;;;
BACK_CRISIS_OTHER_DECLINE_2;상황이 아주 나쁘지만은 않은 것 같습니다.;;;;;;;;;;;;;
BACK_CRISIS_OTHER_DECLINE_3;$RECIPIENT$이;;;;;;;;;;;;;
BACK_CRISIS_OTHER_DECLINE_4;$ACTOR$ 세력의 합류 요청을 거부했습니다.;;;;;;;;;;;;;
BACK_CRISIS_OTHER_DECLINE_5;*;;;;;;;;;;;;;
BACK_CRISIS_OTHER_DECLINE_6;*;;;;;;;;;;;;;
BACK_CRISIS_OTHER_DECLINE_BTN1;확인;;;;;;;;;;;;;
BACK_CRISIS_OTHER_DECLINE_BTN2;확인;;;;;;;;;;;;;
BACK_CRISIS_OTHER_DECLINE_BTN3;참조;;;;;;;;;;;;;
BACK_CRISIS_OTHER_DECLINE_LOG;$RECIPIENT$이 분쟁에서 $ACTOR$ 세력의 합류 요청을 거부했습니다.;;;;;;;;;;;;;
CRISIS_PROGRESS_DESC;해당 막대가 최대치에 도달하면 철의 대화를 시작합니다.;;;;;;;;;;;;;
CRISIS_WAITING_DESC;하나 이상의 강대국이 후원해야 합니다.;;;;;;;;;;;;;
EFFECT_CRISIS_INTEREST; [SUB_A7]Y$COUNTRY$[SUB_A7]W이 분쟁에 관심을 표명합니다.\n;;;;;;;;;;;;;
EVTNAME20000;국제 분쟁 조짐!;;;;;;;;;;;;;;
EVTDESC20000;강대국으로서 입장을 명확히 밝혀야 합니다.;;;;;;;;;;;;;;
EVTOPTA20000;분쟁에 관심이 있다.;;;;;;;;;;;;;;
EVTOPTB20000;관계없는 일이다.;;;;;;;;;;;;;;
CRISIS_BACK_DOWN;중재안 제안;;;;;;;;;;;;;
CRISISOFFERDESC;$COUNTRY$이 우리에게 유리하게 해결할 것을 제안합니다. 중재안:;;;;;;;;;;;;;
CRISISDEMANDDESC;$COUNTRY$이 자신들에게 유리하게 해결할 것을 요구합니다. 중재안:;;;;;;;;;;;;;
crisis_free_peoples;인민 해방;;;;;;;;;;;;;
crisis_free_peoples_short;$THIRD$ $STATE$ 인수;;;;;;;;;;;;;
crisis_free_peoples_setup;$RECIPIENT$이 점유한 $STATE$ 지방을 $THIRD$에게 반환합니다.;;;;;;;;;;;;;
CRISIS_BACK_DOWN_WE_ACCEPT_SETUP;우리나라가 다른 국가의 분쟁 중재안을 수락했을 때;;;;;;;;;;;;;
CRISIS_BACK_DOWN_WE_ACCEPT_HEADER;$MESSENGER$;;;;;;;;;;;;;
CRISIS_BACK_DOWN_WE_ACCEPT_1;$ACTOR$;;;;;;;;;;;;;
CRISIS_BACK_DOWN_WE_ACCEPT_2;관대함을 베풀어;;;;;;;;;;;;;
CRISIS_BACK_DOWN_WE_ACCEPT_3;$ACTOR$의 분쟁 중재안을;;;;;;;;;;;;;
CRISIS_BACK_DOWN_WE_ACCEPT_4;수락했습니다.;;;;;;;;;;;;;
CRISIS_BACK_DOWN_WE_ACCEPT_5;중재안: $TERMS$;;;;;;;;;;;;;
CRISIS_BACK_DOWN_WE_ACCEPT_6;*;;;;;;;;;;;;;
CRISIS_BACK_DOWN_WE_ACCEPT_LOG;우리나라가 $ACTOR$의 분쟁 중재안을 수락했습니다.;;;;;;;;;;;;;
CRISIS_BACK_DOWN_WE_ACCEPT_BTN1;좋아!;;;;;;;;;;;;;
CRISIS_BACK_DOWN_WE_ACCEPT_BTN2;좋아!;;;;;;;;;;;;;
CRISIS_BACK_DOWN_WE_ACCEPT_BTN3;참조;;;;;;;;;;;;;
CRISIS_BACK_DOWN_WE_ACCEPT_MAP;평화!;;;;;;;;;;;;;
CRISIS_BACK_DOWN_THEY_ACCEPT_SETUP;한 국가가 우리나라의 분쟁 중재안을 수락했을 때;;;;;;;;;;;;;
CRISIS_BACK_DOWN_THEY_ACCEPT_HEADER;$MESSENGER$;;;;;;;;;;;;;
CRISIS_BACK_DOWN_THEY_ACCEPT_1;$RECIPIENT$;;;;;;;;;;;;;
CRISIS_BACK_DOWN_THEY_ACCEPT_2;$RECIPIENT$이;;;;;;;;;;;;;
CRISIS_BACK_DOWN_THEY_ACCEPT_3;우리나라의 분쟁 중재안을 수락했습니다.;;;;;;;;;;;;;
CRISIS_BACK_DOWN_THEY_ACCEPT_4;*;;;;;;;;;;;;;
CRISIS_BACK_DOWN_THEY_ACCEPT_5;*;;;;;;;;;;;;;
CRISIS_BACK_DOWN_THEY_ACCEPT_6;중재안: $TERMS$;;;;;;;;;;;;;
CRISIS_BACK_DOWN_THEY_ACCEPT_LOG;$RECIPIENT$이 우리나라의 분쟁 중재안을 수락했습니다.;;;;;;;;;;;;;
CRISIS_BACK_DOWN_THEY_ACCEPT_BTN1;좋아!;;;;;;;;;;;;;
CRISIS_BACK_DOWN_THEY_ACCEPT_BTN2;좋아!;;;;;;;;;;;;;
CRISIS_BACK_DOWN_THEY_ACCEPT_BTN3;참조;;;;;;;;;;;;;
CRISIS_BACK_DOWN_THEY_ACCEPT_MAP;*;;;;;;;;;;;;;
CRISIS_BACK_DOWN_OTHER_ACCEPT_SETUP;한 국가가 다른 국가의 분쟁 중재안을 수락했을 때;;;;;;;;;;;;;
CRISIS_BACK_DOWN_OTHER_ACCEPT_HEADER;$MESSENGER$;;;;;;;;;;;;;
CRISIS_BACK_DOWN_OTHER_ACCEPT_1;$RECIPIENT$;;;;;;;;;;;;;
CRISIS_BACK_DOWN_OTHER_ACCEPT_2;$RECIPIENT$이;;;;;;;;;;;;;
CRISIS_BACK_DOWN_OTHER_ACCEPT_3;$ACTOR$의 분쟁 중재안을;;;;;;;;;;;;;
CRISIS_BACK_DOWN_OTHER_ACCEPT_4;수락했습니다.;;;;;;;;;;;;;
CRISIS_BACK_DOWN_OTHER_ACCEPT_5;*;;;;;;;;;;;;;
CRISIS_BACK_DOWN_OTHER_ACCEPT_6;중재안: $TERMS$;;;;;;;;;;;;;
CRISIS_BACK_DOWN_OTHER_ACCEPT_LOG;$RECIPIENT$이 $ACTOR$의 분쟁 중재안을 수락했습니다.;;;;;;;;;;;;;
CRISIS_BACK_DOWN_OTHER_ACCEPT_BTN1;좋아!;;;;;;;;;;;;;
CRISIS_BACK_DOWN_OTHER_ACCEPT_BTN2;좋아!;;;;;;;;;;;;;
CRISIS_BACK_DOWN_OTHER_ACCEPT_BTN3;참조;;;;;;;;;;;;;
CRISIS_BACK_DOWN_OTHER_ACCEPT_MAP;*;;;;;;;;;;;;;
CRISIS_BACK_DOWN_WE_DECLINE_SETUP;우리나라가 다른 국가의 분쟁 중재안을 거부했을 때;;;;;;;;;;;;;
CRISIS_BACK_DOWN_WE_DECLINE_HEADER;$MESSENGER$;;;;;;;;;;;;;
CRISIS_BACK_DOWN_WE_DECLINE_1;$ACTOR$;;;;;;;;;;;;;
CRISIS_BACK_DOWN_WE_DECLINE_2;$ACTOR$의 무례한;;;;;;;;;;;;;
CRISIS_BACK_DOWN_WE_DECLINE_3;분쟁 중재안을;;;;;;;;;;;;;
CRISIS_BACK_DOWN_WE_DECLINE_4;거부했습니다.;;;;;;;;;;;;;
CRISIS_BACK_DOWN_WE_DECLINE_5;*;;;;;;;;;;;;;
CRISIS_BACK_DOWN_WE_DECLINE_6;*;;;;;;;;;;;;;
CRISIS_BACK_DOWN_WE_DECLINE_LOG;우리나라가 $ACTOR$의 분쟁 중재안을 거부했습니다.;;;;;;;;;;;;;
CRISIS_BACK_DOWN_WE_DECLINE_BTN1;좋아!;;;;;;;;;;;;;
CRISIS_BACK_DOWN_WE_DECLINE_BTN2;좋아!;;;;;;;;;;;;;
CRISIS_BACK_DOWN_WE_DECLINE_BTN3;참조;;;;;;;;;;;;;
CRISIS_BACK_DOWN_WE_DECLINE_MAP;*;;;;;;;;;;;;;
CRISIS_BACK_DOWN_THEY_DECLINE_SETUP;한 국가가 우리나라의 분쟁 중재안을 거부했을 때;;;;;;;;;;;;;
CRISIS_BACK_DOWN_THEY_DECLINE_HEADER;$MESSENGER$;;;;;;;;;;;;;
CRISIS_BACK_DOWN_THEY_DECLINE_1;$RECIPIENT$;;;;;;;;;;;;;
CRISIS_BACK_DOWN_THEY_DECLINE_2;$RECIPIENT$이;;;;;;;;;;;;;
CRISIS_BACK_DOWN_THEY_DECLINE_3;우리나라의 분쟁 중재안을 거부했습니다.;;;;;;;;;;;;;
CRISIS_BACK_DOWN_THEY_DECLINE_4;*;;;;;;;;;;;;;
CRISIS_BACK_DOWN_THEY_DECLINE_5;*;;;;;;;;;;;;;
CRISIS_BACK_DOWN_THEY_DECLINE_6;*;;;;;;;;;;;;;
CRISIS_BACK_DOWN_THEY_DECLINE_LOG;$RECIPIENT$이 우리나라의 분쟁 중재안을 거부했습니다.;;;;;;;;;;;;;
CRISIS_BACK_DOWN_THEY_DECLINE_BTN1;좋아!;;;;;;;;;;;;;
CRISIS_BACK_DOWN_THEY_DECLINE_BTN2;좋아!;;;;;;;;;;;;;
CRISIS_BACK_DOWN_THEY_DECLINE_BTN3;참조;;;;;;;;;;;;;
CRISIS_BACK_DOWN_THEY_DECLINE_MAP;*;;;;;;;;;;;;;
CRISIS_BACK_DOWN_OTHER_DECLINE_SETUP;한 국가가 다른 국가의 분쟁 중재안을 거부했을 때;;;;;;;;;;;;;
CRISIS_BACK_DOWN_OTHER_DECLINE_HEADER;$MESSENGER$;;;;;;;;;;;;;
CRISIS_BACK_DOWN_OTHER_DECLINE_1;$RECIPIENT$;;;;;;;;;;;;;
CRISIS_BACK_DOWN_OTHER_DECLINE_2;$RECIPIENT$이;;;;;;;;;;;;;
CRISIS_BACK_DOWN_OTHER_DECLINE_3;$ACTOR$의 분쟁 중재안을;;;;;;;;;;;;;
CRISIS_BACK_DOWN_OTHER_DECLINE_4;거부했습니다;;;;;;;;;;;;;
CRISIS_BACK_DOWN_OTHER_DECLINE_5;*;;;;;;;;;;;;;
CRISIS_BACK_DOWN_OTHER_DECLINE_6;*;;;;;;;;;;;;;
CRISIS_BACK_DOWN_OTHER_DECLINE_LOG;$RECIPIENT$이 $ACTOR$의 분쟁 중재안을 거부했습니다.;;;;;;;;;;;;;
CRISIS_BACK_DOWN_OTHER_DECLINE_BTN1;좋아!;;;;;;;;;;;;;
CRISIS_BACK_DOWN_OTHER_DECLINE_BTN2;좋아!;;;;;;;;;;;;;
CRISIS_BACK_DOWN_OTHER_DECLINE_BTN3;참조;;;;;;;;;;;;;
CRISIS_BACK_DOWN_OTHER_DECLINE_MAP;*;;;;;;;;;;;;;
CRISIS_BACK_DOWN_DI;분쟁 중재안 제안;;;;;;;;;;;;;
CRISIS_OFFER_DI;분쟁 참여 권유;;;;;;;;;;;;;
CRISIS_BACK_DOWNTITLE;분쟁;;;;;;;;;;;;;
OFFER_CRISIS_PEACE;양보안 제안;;;;;;;;;;;;;
DEMAND_CRISIS_PEACE;양보안 요구;;;;;;;;;;;;;
COLONIAL_POINTS;식민력;;;;;;;;;;;;;
COLONIAL_POINTS_TECH;식민력 점수;;;;;;;;;;;;;
CRISIS_TITLE_COUNTRY;$COUNTRY$ 분쟁;;;;;;;;;;;;;
CRISIS_DESCRIPTION_INFLUENCE;$COUNTRY$의 통제권을 둘러싼 분쟁입니다.;;;;;;;;;;;;;
NAVAL_SORT_LABEL;정렬:;;;;;;;;;;;;;
NAVAL_SORT_TYPE;함종;;;;;;;;;;;;;
NAVAL_SORT_STANCE;태세;;;;;;;;;;;;;
NAVAL_SORT_STR_ORG;병력/조직력;;;;;;;;;;;;;
battleship;전함;;;;;;;;;;;;;
UNCOLONIZED_WITHDRAW;철수;;;;;;;;;;;;;
UNCOLONIZED_INVEST_LVL1;탐험대;;;;;;;;;;;;;
UNCOLONIZED_INVEST_LVL2;개척대;;;;;;;;;;;;;
UNCOLONIZED_INVEST_LVL3;전초기지;;;;;;;;;;;;;
UNCOLONIZED_INVEST_LVL4;정착촌;;;;;;;;;;;;;
UNCOLONIZED_INVEST_LVL5;감시초소;;;;;;;;;;;;;
UNCOLONIZED_DO_INVEST_LVL1;탐험대 파견;;;;;;;;;;;;;
UNCOLONIZED_DO_INVEST_LVL2;개척대 파견;;;;;;;;;;;;;
UNCOLONIZED_DO_INVEST_LVL3;전초기지 건설;;;;;;;;;;;;;
UNCOLONIZED_DO_INVEST_LVL4;정착촌 건설;;;;;;;;;;;;;
UNCOLONIZED_DO_INVEST_LVL5;감시초소 강화;;;;;;;;;;;;;
TENSION_DECAY;기본 감소: [SUB_A7]Y$VAL$[SUB_A7]W;;;;;;;;;;;;;
CB_TENSION;전쟁명분: [SUB_A7]Y$VAL$[SUB_A7]W;;;;;;;;;;;;;
TENSION_FROM_ACTIVE_CRISIS;분쟁 발생: [SUB_A7]Y$VAL$[SUB_A7]W;;;;;;;;;;;;;
AT_WAR_TENSION_DECAY;$COUNTRY$ 전시 상황: [SUB_A7]Y$VAL$[SUB_A7];;;;;;;;;;;;;
TRIGGER_FLASHPOINT_TAG; 화약고 발화국;;;;;;;;;;;;;
CRISIS_NO_SIDE_PICKED_SETUP;우리나라가 분쟁이 끝나기 전까지 피후원국을 결정하지 못했을 때;;;;;;;;;;;;;
CRISIS_NO_SIDE_PICKED_HEADER;*;;;;;;;;;;;;;
CRISIS_NO_SIDE_PICKED_1;외교적 우유부단;;;;;;;;;;;;;
CRISIS_NO_SIDE_PICKED_2;우유부단한 행동으로 인한 실패 때문에;;;;;;;;;;;;;
CRISIS_NO_SIDE_PICKED_3;위신이 [SUB_A7]R$PENALTY$[SUB_A7]W 감소했습니다.;;;;;;;;;;;;;
CRISIS_NO_SIDE_PICKED_4;앞으로는 국제 정치에서 무시당할 위험을 감수하거나 맞서야 합니다.;;;;;;;;;;;;;
CRISIS_NO_SIDE_PICKED_5;*;;;;;;;;;;;;;
CRISIS_NO_SIDE_PICKED_6;*;;;;;;;;;;;;;
CRISIS_NO_SIDE_PICKED_LOG;우리나라가 분쟁이 끝나기 전까지 피후원국을 결정하지 못했습니다.;;;;;;;;;;;;;
CRISIS_NO_SIDE_PICKED_BTN1;확인;;;;;;;;;;;;;
CRISIS_STARTED_SETUP;분쟁이 발생했을 때;;;;;;;;;;;;;
CRISIS_STARTED_HEADER;$MESSENGER$;;;;;;;;;;;;;
CRISIS_STARTED_1;국제 분쟁;;;;;;;;;;;;;
CRISIS_STARTED_2;$CRISISTARGET$에서의 국제적 분쟁이;;;;;;;;;;;;;
CRISIS_STARTED_3;외교적 긴장을 불러일으켰습니다.;;;;;;;;;;;;;
CRISIS_STARTED_4;하지만 염려할 필요는 없습니다. 신사적 방법으로 해소할 수 있습니다.;;;;;;;;;;;;;
CRISIS_STARTED_5;*;;;;;;;;;;;;;
CRISIS_STARTED_6;*;;;;;;;;;;;;;
CRISIS_STARTED_LOG;분쟁이 발생했습니다.;;;;;;;;;;;;;
CRISIS_STARTED_BTN1;확인;;;;;;;;;;;;;
CRISIS_BECAME_WAR_SETUP;분쟁이 전쟁으로 확대됐을 때;;;;;;;;;;;;;
CRISIS_BECAME_WAR_HEADER;$MESSENGER$;;;;;;;;;;;;;
CRISIS_BECAME_WAR_1;국제 분쟁;;;;;;;;;;;;;
CRISIS_BECAME_WAR_2;분쟁을 해결하려던 외교적 협상이 실패했습니다.;;;;;;;;;;;;;
CRISIS_BECAME_WAR_3;누가 옳은지를 전장에서 확인하려는 것 같습니다.;;;;;;;;;;;;;
CRISIS_BECAME_WAR_4;*;;;;;;;;;;;;;
CRISIS_BECAME_WAR_5;*;;;;;;;;;;;;;
CRISIS_BECAME_WAR_6;*;;;;;;;;;;;;;
CRISIS_BECAME_WAR_LOG;분쟁이 전쟁으로 확대됐습니다.;;;;;;;;;;;;;
CRISIS_BECAME_WAR_BTN1;확인;;;;;;;;;;;;;
IS_IN_CRISIS; = 분쟁 참여국;;;;;;;;;;;;;
IS_NOT_IN_CRISIS; ≠ 분쟁 참여국;;;;;;;;;;;;;
BACK_CRISIS_DI;후원 제안;;;;;;;;;;;;;
CRISIS_NOBODY_BACKED_SETUP;어떤 국가도 분쟁을 후원하지 않았을 때;;;;;;;;;;;;;
CRISIS_NOBODY_BACKED_HEADER;$MESSENGER$;;;;;;;;;;;;;
CRISIS_NOBODY_BACKED_1;분쟁 소멸;;;;;;;;;;;;;
CRISIS_NOBODY_BACKED_2;[SUB_A7]Y$CRISISTARGET$[SUB_A7]W에서의;;;;;;;;;;;;;
CRISIS_NOBODY_BACKED_3;분쟁이;;;;;;;;;;;;;
CRISIS_NOBODY_BACKED_4;국제적 관심을 받지 못했습니다.;;;;;;;;;;;;;
CRISIS_NOBODY_BACKED_5;*;;;;;;;;;;;;;
CRISIS_NOBODY_BACKED_6;*;;;;;;;;;;;;;
RISIS_NOBODY_BACKED_LOG;어떤 국가도 분쟁을 후원하지 않았습니다.;;;;;;;;;;;;;
CRISIS_NOBODY_BACKED_BTN1;확인;;;;;;;;;;;;;
BP_TOOL_ICON_INFANTRY;보병;;;;;;;;;;;;;
BP_TOOL_ICON_COMBAT;전투;;;;;;;;;;;;;
BP_TOOL_ICON_CAVALRY;기병;;;;;;;;;;;;;
BP_TOOL_ICON_ARTILLERY;포병;;;;;;;;;;;;;
BP_TOOL_ICON_NAVAL;군항;;;;;;;;;;;;;
BP_TOOL_ICON_INVASION;침공;;;;;;;;;;;;;
BP_TOOL_ICON_WOODEN_SHIP;전함;;;;;;;;;;;;;
BP_TOOL_ICON_IRONCLAD;철갑함;;;;;;;;;;;;;
BP_TOOL_ICON_INDUSTRY;산업;;;;;;;;;;;;;
BP_TOOL_ICON_COLONY;식민지부대;;;;;;;;;;;;;
BP_TOOL_ICON_WARGOAL_1;전쟁목표 1;;;;;;;;;;;;;
BP_TOOL_ICON_WARGOAL_2;전쟁목표 2;;;;;;;;;;;;;
TAKE_SIDE_PENALTY;어느 세력에도 합류하지 않을 경우 위신 불이익: [SUB_A7]R$VAL$[SUB_A7]W;;;;;;;;;;;;;
NO_CALL_ALLY_CRISIS;세계대전이 활성화되기 전에는 분쟁으로 인한 전쟁에 동맹국을 참전시킬 수 없습니다.;;;;;;;;;;;;;
PRODUCTION_BONUS;추가 생산량($BON$):;;;;;;;;;;;;;
