EVTDESC13000_NEWS_LONG;일단 서구문명의 바람이 동쪽으로 불어오면, 동쪽의 모든 풀잎과 나무들은 서풍을 따릅니다. 최근 연안에서는 이양선이 모습을 드러내기 시작했습니다. 그 배는 신의 얼굴을 만질 수 있지 않을까 생각 정도로 무척 컸습니다. 처음에는 좀처럼 목격되지 않았지만, 현재은 점점 드물지 않게 목격할 수 있습니다. 보고받은 이양선의 외양은 이상하지만, 그 선원들의 문화 풍습은 더 이상합니다. 그러나 "유럽"이라는 미지의 세계에서 온 그들과 어떻게 마주해야할지, 정책을 결정할 시기에 접어든 것은 틀림없습니다.;;;;;;;;;;;;;
EVTDESC13000_NEWS_MEDIUM;최근 연안에서 이양선이 모습을 드러내기 시작했습니다. 보고받은 이양선의 외양은 이상하지만, 그 선원들의 문화 풍습은 더 이상합니다. 그러나 이제 "유럽"에서 온 그들과 어떻게 마주해야할지, 정책을 결정할 시기입니다.;;;;;;;;;;;;;
EVTDESC13000_NEWS_SHORT;최근 연안에서 등장하는 이양선의 외양은 이상하거니와, 그 선원들의 문화 풍습은 더 이상합니다. 그러나 이제 "유럽"에서 온 그들과 어떻게 마주해야할지, 정책을 결정할 시기입니다.;;;;;;;;;;;;;
EVTDESC13100_NEWS_LONG;$COUNTRY$: "서양 오랑캐들의 행위는 분명 지나치다! 선교사 패거리들은 우리나라에 사교(사악한 가르침)을 전파하고 민중과 국가의 단결을 끊었으며, 문화와 풍습을 단절시키려 한다. 또한 아편을 사용해 마음까지 더럽히려 한다." 외세배격운동이 한창인 $PROVINCENAME$에서 외국인에 대한 평가를 주민에게 물을 경우 십중팔구 들을 수 있는 대답입니다. 해로운 영향을 없애기 위해 $PROVINCENAME$의 외국 교역소를 철거할 것이며, 서양 오랑캐들은 더이상 백성들에게 거짓말과 독을 퍼뜨리지 못할 것입니다.;;;;;;;;;;;;;
EVTDESC13100_NEWS_MEDIUM;$COUNTRY$: "서양 오랑캐들의 행위는 분명 지나치다! 선교사 패거리들은 우리나라에 사교(사악한 가르침)을 전파하고 민중과 국가의 단결을 끊었으며, 문화와 풍습을 단절시키려 한다. 또한 아편을 사용해 마음까지 더럽히려 한다." $PROVINCENAME$의 반외세 정서가 크게 상승했습니다.;;;;;;;;;;;;;
EVTDESC13100_NEWS_SHORT;"서양 오랑캐들의 행위는 분명 지나치다! 문화와 풍습을 단절시키려 하며 아편을 사용해 마음까지 더럽히려 한다. $PROVINCENAME$의 반외세 정서가 크게 상승했습니다.;;;;;;;;;;;;;
EVTDESC13120_NEWS_LONG;새로 고용한 궁정 가정교사가 일을 꽤 잘 해내고 있는 것 같으면서도 주변에 다소 이상한 생각들을 소개하고 있습니다. 예를 들어 '모든 인류는 평등하게 태어났다'던지 '예부터 이어져온 노예제를 폐지해야 한다' 같은 위험한 사상을 퍼트려왔습니다. 수세기 동안 노예제도에 익숙했던 지역 주민들에게는 위험하게 들릴지도 모릅니다...;;;;;;;;;;;;;
EVTDESC13120_NEWS_MEDIUM;새로 고용한 궁정 가정교사가 일을 꽤 잘 해내고 있는 것 같으면서도 주변에 다소 이상한 생각들을 소개하고 있습니다. 예를 들어 '모든 인류는 평등하게 태어났다'는 말을 퍼트려왔습니다.;;;;;;;;;;;;;
EVTDESC13120_NEWS_SHORT;새로 고용한 궁정 가정교사가 일을 꽤 잘 해내고 있는 것 같으면서도 주변에 다소 이상한 생각들을 소개하고 있습니다.;;;;;;;;;;;;;
EVTDESC13230_NEWS_LONG;$COUNTRY$: 외국인 대사가 $PROVINCENAME$ 거리를 혼자 배회하는 행위가 얼마나 위험한 행동인지는 공사관 거주지에 주재하는 각국 대사들이야말로 공감하는 사실입니다. 공사관 거주지의 경비대가 새벽 오전 4시 외국 대사의 시신을 발견했다고 보고해왔습니다. 현장의 모습을 보아 아무래도 강도에게 습격당한 것 같았습니다. 이에 대해 각국 외교관들은 우리나라가 보호의무를 충분히 수행하지 않았다고 항의했습니다. 지도부는 공식 사과를 하더라도 이 문제를 가라앉히지 못하지는 않을까 두려워했습니다. 무엇보다 사과 이상의 무언가를 보여줘야 할 경우나, 혹은 더 확실한 무언가를 해야 할 경우에는...;;;;;;;;;;;;;
EVTDESC13230_NEWS_MEDIUM;$COUNTRY$: 혼자 $PROVINCENAME$ 거리를 배회하는 행위의 위험성은 공사관 거주지에 주재하는 각국 대사들이야말로 공감하는 사실입니다. 공사관 거주지의 경비대가 새벽 오전 4시 외국 대사의 시신을 발견했다고 보고해왔습니다.;;;;;;;;;;;;;
EVTDESC13230_NEWS_SHORT;$COUNTRY$: 혼자 $PROVINCENAME$ 거리를 배회하는 행위는 위험합니다. 아니나다를까 공사관 거주지의 경비대가 새벽 오전 4시 외국 대사의 시신을 발견했다고 보고해왔습니다.;;;;;;;;;;;;;
EVTDESC13270_NEWS_LONG;18세기 후반부터 $FROMCOUNTRY$과(와) 강대국 간의 무역마찰 문제가 계속 피어오르고 있었습니다. $YEAR$년 $MONTH$월, 아편 판매금지 철폐를 포함해 완전한 자유무역을 추구했던 $COUNTRY$의 요청을 $FROMCOUNTRY$ 정부가 거부함으로써 그 긴장이 마침내 정점에 도달했습니다. 이미 대립정책을 공고히 한 $COUNTRY$ 정부에게는 선전포고 이외의 선택지가 없었습니다. 이렇게 $COUNTRY$ - $FROMCOUNTRY$ 아편전쟁이 발발했습니다.;;;;;;;;;;;;;
EVTDESC13270_NEWS_MEDIUM;$FROMCOUNTRY$과(와) 강대국 간의 무역마찰 문제가 계속 피어오르고 있었습니다. 대립정책을 공고히 한 $COUNTRY$ 정부에게는 선전포고 이외의 선택지가 없었습니다. 이렇게 $COUNTRY$ - $FROMCOUNTRY$ 아편전쟁이 발발했습니다.;;;;;;;;;;;;;
EVTDESC13270_NEWS_SHORT;$FROMCOUNTRY$과(와) 강대국 간의 무역마찰 문제가 $YEAR$년 $MONTH$월 정점을 찍었습니다. 이렇게 $COUNTRY$ - $FROMCOUNTRY$ 아편전쟁이 발발했습니다.;;;;;;;;;;;;;
EVTDESC13355_NEWS_LONG;원명원은 중국 베이징 북서쪽에 있는 복합정원입니다. 18-19세기 초에 걸쳐 지어진 이 정원은 청 황제의 거주지 역할을 했습니다. 이 궁전이야말로 중국 문화의 정점을 나타내는 금자탑이라 말할 수 있습니다. 그런데 오늘 베이징을 점령한 $FROMCOUNTRY$ 병사가 궁전에 불을 질러 전소시켰다는 소식이 도착했습니다. 이 문화유산에 대한 만행에 관한 소식은 신물을 통해 세계 곳곳에서 전해졌고, 소식을 들은 모든 나라가 한결같이 그 손실을 한탄했습니다.;;;;;;;;;;;;;
EVTDESC13355_NEWS_MEDIUM;베이징을 점령한 $FROMCOUNTRY$ 병사가 원명원에 불을 질러 전소시켰다는 소식이 도착했습니다. 이 문화유산에 대한 만행에 관한 소식은 신물을 통해 세계 곳곳에서 전해졌고, 소식을 들은 모든 나라가 한결같이 그 손실을 한탄했습니다.;;;;;;;;;;;;;
EVTDESC13355_NEWS_SHORT;베이징을 점령한 $FROMCOUNTRY$ 병사가 원명원에 불을 질러 전소시켰다는 소식이 도착했습니다.;;;;;;;;;;;;;
EVTDESC13356_NEWS_LONG;의화단은 유럽 강대국들의 아시아를 향한 세력 팽창이 중국의 독립을 위협한다고 여기는 중국의 비밀결사입니다. 이들은 중국의 독립을 회복한다는 구실로 중국에서 활동하던 유럽인 선교사와 상인들을 학살했습니다. 또한 자신들과 조우한 유럽인뿐만 아니라 기독교로 개종한 중국인까지도 무자비하게 학살했습니다. 청국 정부가 이처럼 극악무도한 단체와 무관하다고는 주장하나, 일부에서는 청국 정부가 뒤에서 지원한다는 소문이 흐르고 있습니다.;;;;;;;;;;;;;
EVTDESC13356_NEWS_MEDIUM;의화단이 중국 내의 유럽인 선교사와 상인들에 더해 기독교로 개종한 중국인까지 무자비하게 학살했습니다.;;;;;;;;;;;;;
EVTDESC13356_NEWS_SHORT;의화단이 유럽인 선교사, 상인, 중국인 기독교도들을 무자비하게 학살했습니다.;;;;;;;;;;;;;
EVTDESC13358_NEWS_LONG;'실권원리'는 영국의 인도 번국에 관한 영국의 정책으로, 통치자가 후계자가 없이 죽거나 '무능력자'로 판명될 경우 즉시 영국 동인도회사가 합병할 수 있음을 명시했습니다. 이 원리는 1858년 영국이 인도를 직접통치하기 시작하면서 폐지했습니다. 동인도회사는 오늘 $FROMCOUNTRY$에 만연한 비극적인 상황을 이유로 들어 그 나라의 독립이 무효라 선언했습니다.;;;;;;;;;;;;;
EVTDESC13358_NEWS_MEDIUM;'실권원리'는 문제가 생긴 인도 번국을 영국 동인도회사가 합병할 수 있음을 명시한 정책입니다. 동인도회사는 오늘 $FROMCOUNTRY$에 만연한 비극적인 상황을 이유로 들어 그 나라의 독립이 무효라 선언했습니다.;;;;;;;;;;;;;
EVTDESC13358_NEWS_SHORT;동인도회사가 오늘 $FROMCOUNTRY$에 만연한 비극적인 상황을 이유로 들어 그 나라의 독립이 무효라 선언했습니다.;;;;;;;;;;;;;
westernize_nation_desc_NEWS_LONG;$COUNTRY$이(가) 근대성과 서구세계의 지적 공격을 받고 있습니다. 선진 기술, 산업, 군사 이론의 분야에서, 오래된 전통과 제도는 더 이상 예전처럼 우리를 섬기지 않습니다. 우리가 돌아다니는 곳마다 서구의 영향력이 국가와 주민들의 영혼에 들불처럼 퍼집니다. 만약 우리가 항상 존재했던 그대로 남고 완전히 다른 것이 되지 않으려면, 지금이 바로 우리 자신의 운명을 지배할 때입니다. 우리의 지식인 지도자들은 서구의 리바이어던에게 대세를 역전시킬 유일한 방법은 손자가 말한 바와 같이 함께 수영하는 것이라는 것이 명백해졌습니다. 바람 앞에 굽이치는 갈대도 일종의 저항력을 제공합니다.;;;;;;;;;;;;;
westernize_nation_desc_NEWS_MEDIUM;$COUNTRY$이(가) 근대성과 서구세계의 지적 공격을 받고 있습니다. 오래된 전통과 제도는 더 이상 예전처럼 우리를 섬기지 않습니다. 서구의 리바이어던에게 대세를 역전시킬 유일한 방법은 그들과 함께 수영하는 것이라는 것이 명백해졌습니다.;;;;;;;;;;;;;
westernize_nation_desc_NEWS_SHORT;$COUNTRY$이(가) 근대성과 서구세계의 지적 공격을 받고 있습니다. 서구의 리바이어던에게 대세를 역전시킬 유일한 방법은 그들과 함께 수영하는 것이라는 것이 명백해졌습니다.;;;;;;;;;;;;;
EVTDESC19500_NEWS_LONG;며칠 전 우리 정찰대가 부시먼강 근처에서 연기가 피어오르는 마차의 잔해를 발견했습니다. 잔해의 모습은 분명히 마차가 공격을 받았음을 암시하는 듯 했습니다. 또한 현장에는 여러명의 보어인 남녀와 아이들의 시체도 함께 있었습니다. 현장에 떨어진 창의 끝을 보니 도깨비같은 줄루족의 짓이 분명합니다. 보어인 개척자들을 위한 대응으로써 줄루족에 대한 군사적 개입이 필요할 수도 있습니다.;;;;;;;;;;;;;
EVTDESC19500_NEWS_MEDIUM;며칠 전 우리 정찰대가 부시먼강 근처에서 연기가 피어오르는 마차의 잔해를 발견했습니다. 또한 현장에는 여러명의 보어인 남녀와 아이들의 시체도 함께 있었습니다. 현장에 떨어진 창의 끝을 보니 도깨비같은 줄루족의 짓이 분명합니다.;;;;;;;;;;;;;
EVTDESC19500_NEWS_SHORT;우리 정찰대가 부시먼강 근처에서 연기가 피어오르는 마차의 잔해를 발견했습니다. 현장에 떨어진 창의 끝을 보니 도깨비같은 줄루족의 짓이 분명합니다.;;;;;;;;;;;;;
EVTDESC19501_NEWS_LONG;많은 이민자가 케이프 식민지를 통해 위트워터스랜드산맥 기슭에 탄생한 새로운 도시 "요하네스버그"로 이주하려 합니다. 요하네스버그에서 금광을 발견했다는 소식이 든 이후 골드러시가 일어났습니다. 그러나 이 지역에 다수의 외국인 이민자가 유입되는 바람에 국경 분쟁이 일어나기 시작했습니다. 이 분쟁을 이용하면 귀찮은 변방의 독립을 끝내버릴 절호의 기회를 얻을지도 모릅니다.;;;;;;;;;;;;;
EVTDESC19501_NEWS_MEDIUM;대규모 골드러시가 벌어진 위트워터스랜드산맥 기슭에 탄생한 새로운 도시 "요하네스버그"로 많은 이주민이 몰려들었습니다. 이 지역에 다수의 외국인 이민자가 유입되는 바람에 국경 분쟁이 일어나기 시작했습니다.;;;;;;;;;;;;;
EVTDESC19501_NEWS_SHORT;대규모 골드러시가 벌어진 위트워터스랜드산맥 기슭에 탄생한 새로운 도시 "요하네스버그"로 많은 이주민이 몰려들었습니다.;;;;;;;;;;;;;
EVTDESC22500_NEWS_LONG;오늘 $CAPITAL$ 금융지구 투기 거품이 꺼지면서 충격에 흔들렸습니다. 오래전부터 일부 분석가들이 소비를 초과하는 인플레이션의 영향으로 인해 가격이 비정상적으로 높아질 것이라 경고해왔지만 투자자들은 애써 무시해왔고, 이는 부동산 가격 폭등 등의 부메랑으로 되돌아왔습니다. 정부에서는 은행에서 통화 규제늘 늘리라거나, 이 '탐욕적 자본주의의 실패'를 종식해야 한다고 주장하는 이들이 등장했습니다.;;;;;;;;;;;;;
EVTDESC22500_NEWS_MEDIUM;오늘 $CAPITAL$ 금융지구 투기 거품이 꺼지면서 충격에 흔들렸습니다. 정부에서는 은행에서 통화 규제를 확대하라거나, 이 '탐욕적 자본주의의 실패'를 종식해야 한다고 주장하는 이들이 등장했습니다.;;;;;;;;;;;;;
EVTDESC22500_NEWS_SHORT;오늘 $CAPITAL$ 금융지구 투기 거품이 꺼지면서 충격에 흔들렸습니다. 정부에서는 은행에서 통화 규제를 확대하라는 요구가 이어지고 있습니다.;;;;;;;;;;;;;
EVTDESC22510_NEWS_LONG;$CAPITAL$ 주식시장의 주가 대폭락은 엄청난 영향을 끼쳤습니다. 저축자의 금융의 신용 하락에 기인한 대규모 소요가 일어났습니다. 시민들은 앞다퉈 생존을 위해 저금을 확보하려 했지만, 많은 은행과 금융기관은 이를 저지했습니다. 이는 도미노처럼 $COUNTRY$ 금융부문 전체에 악영향을 초래했습니다. 폭락의 파장은 민간기업들을 넘어 다른 업종에도 영향을 줬습니다. 대출금이나 체납됐던 대출들은 표면상 흔적도 없이 사라졌습니다. 업종을 가리지 않고 수많은 기업이 도산하면서 하루아침에 길거리가 실업자로 가득 찼습니다. 서방국가의 경제상호관계로 인해 공황은 다른 국가에도 재빠르게 퍼졌고, 급락의 영향이 마침내 전세계에 퍼졌습니다. 후세에는 '$YEAR$년 대공황'이라 알려질 것입니다.;;;;;;;;;;;;;
EVTDESC22510_NEWS_MEDIUM;은행업계에 대한 저축자의 신용 하락에 기인한 대규모 소요에 이어 주식시장이 큰 폭의 폭락을 겪자 훨씬 대심각한 상황에 치달았습니다. 하룻방 사이에 거의 모든 산업이 피해를 입었고, 이로 인해 엄청난 수의 실업자가 거리를 채웠습니다.;;;;;;;;;;;;;
EVTDESC22510_NEWS_SHORT;은행업계에 대한 저축자의 신용 하락에 기인한 대규모 소요에 이어 주식시장이 큰 폭의 폭락을 겪자 훨씬 대심각한 상황에 치달았습니다.;;;;;;;;;;;;;
EVTDESC23203_NEWS_LONG;$COUNTRY$ 탐험대가 나일강의 원류를 지도에 옮기는데 성공했으며, 이로써 위대한 우리나라에 영광과 명성을 가져다주었습니다! 혹독한 기후에 더해 지역 부족들과도 싸워야 했으며 병과 탈진에 고통받았음에도 강둑을 따라 지칠 줄 모르고 앞으로 나아간 그들은 마침내 전설적인 강의 원천에 도달했습니다. 그들의 여행기가 출판되면서 탐험대를 조직한 우리나라에도 큰 영예를 안겨주었습니다.;;;;;;;;;;;;;
EVTDESC23203_NEWS_MEDIUM;$COUNTRY$ 탐험대가 나일강의 원류를 지도화했으며, 이로써 위대한 우리나라에 영광과 명성을 가져다주었습니다! 그들의 여행기가 출판되면서 탐험대를 조직한 우리나라에도 큰 영예를 안겨주었습니다.;;;;;;;;;;;;;
EVTDESC23203_NEWS_SHORT;$COUNTRY$ 탐험대가 나일강의 원류를 지도화하고 자신들의 여행기를 출판하면서 탐험대를 조직한 우리나라에도 큰 영예를 안겨주었습니다.;;;;;;;;;;;;;
EVTDESC23207_NEWS_LONG;$COUNTRY$ 탐험대가 북극에 최초로 도달해 국기를 게양함으로써 위대한 우리나라에 영광과 명성을 가져다주었습니다! 현지 이누이트인인 오오타, 시글로, 에깅와, 오오카의 인도를 받은 탐험대는 목표물에 성공적으로 도달했습니다. 그들의 항해에 대한 상세한 설명은 필요없습니다. 그저 과학계에 경외감을 남긴 최초의 서양인이라는 것 뿐입니다. 이 놀라운 탐험을 조직한 우리나라에게도 국제사회에서 최고의 존경을 표합니다.;;;;;;;;;;;;;
EVTDESC23207_NEWS_MEDIUM;$COUNTRY$ 탐험대가 북극에 최초로 도달해 국기를 게양함으로써 위대한 우리나라에 영광과 명성을 가져다주었습니다! 그들의 항해에 대한 상세한 설명은 필요없습니다. 그저 과학계에 경외감을 남긴 최초의 서양인이라는 것 뿐입니다.;;;;;;;;;;;;;
EVTDESC23207_NEWS_SHORT;$COUNTRY$ 탐험대가 이누이트 주민의 도움을 받아 북극에 최초로 도달해 국기를 게양함으로써 위대한 우리나라에 영광과 명성을 가져다주었습니다!;;;;;;;;;;;;;
EVTDESC23211_NEWS_LONG;$COUNTRY$ 탐험대가 남극에 최초로 도달해 국기를 게양함으로써 위대한 우리나라에 영광과 명성을 가져다주었습니다! 그들의 여행기는 어떻게 봄을 기다렸고 네대의 썰매와 52마리의 개를 데리고 목적지로 출발했는지를 이야기합니다. 위험과 피로로 가득 찬 두사람은 몇 달 후에 남극에 도착했고, 미래에 남극을 찾은 탐험가들도 그들이 처음으로 남극에 도달했다는 사실을 의심하지 않았습니다. 경쟁 원정대도 있었지만, 연락이 두절된 것을 보니 같은 목적지에 도달하려고 하다가 실종된 것으로 여겨집니다.;;;;;;;;;;;;;
EVTDESC23211_NEWS_MEDIUM;$COUNTRY$ 탐험대가 남극에 최초로 도달해 국기를 게양함으로써 위대한 우리나라에 영광과 명성을 가져다주었습니다! 기지에서 출발한 둘은 몇 달 후에서야 위험과 피로로 가득찬채 남극에 도착했고, 미래에 남극을 찾을 탐험가들을 위해 표식을 남겼습니다.;;;;;;;;;;;;;
EVTDESC23211_NEWS_SHORT;$COUNTRY$ 탐험대가 남극에 최초로 도달해 국기를 게양함으로써 위대한 우리나라에 영광과 명성을 가져다주었습니다! 이들은 두달간의 고군분투 끝에 목적지에 도착했습니다.;;;;;;;;;;;;;
EVTDESC23213_NEWS_LONG;$COUNTRY$ 남극 탐험대가 끔찍한 것을 깨웠습니다. 탐험대원들은 광활한 폐허에서 식물이나 동물로는 보이지 않는 존재들을 발견했습니다. 고대에는 지구를 지배했던, 말못할 정도로 굶주린 생물들입니다. 우리 시대 사람들의 호기심 때문에 세상에 종말이 올지도 모릅니다. 이 충격적인 발견에서 우리는 손대거나 방문하지 말아야 하는 것도 있음을 귀중한 교훈으로 배웠습니다.;;;;;;;;;;;;;
EVTDESC23213_NEWS_MEDIUM;$COUNTRY$ 남극 탐험대가 끔찍한 것을 깨웠습니다. 탐험대원들은 광활한 폐허에서 식물이나 동물로는 보이지 않는 존재들을 발견했습니다. 고대에는 지구를 지배했던, 말못할 정도로 굶주린 생물들입니다.;;;;;;;;;;;;;
EVTDESC23213_NEWS_SHORT;$COUNTRY$ 남극 탐험대가 끔찍한 것을 깨웠습니다. 탐험대원들은 광활한 폐허에서 식물이나 동물로는 보이지 않는 존재들을 발견했습니다.;;;;;;;;;;;;;
EVTDESC1140_NEWS_LONG;조지 암스트롱 커스터 중령이 블랙힐즈 다코타 지역에서 상당한 양의 금을 발견했다고 발표했습니다. 광부들과 자신의 운을 시험해보려는 사람들이 이 지역으로 몰려들면서 이 지역은 주 내에서 가장 인구가 많은 지역으로 발돋움했습니다. 이전에는 황량했던 지역에 새로 건설된 마을과 야영지로 사람을 실어나를 철도도 건설되고 있습니다. 하지만 밤에 언덕에서 이상한 울부짖음과 울음소리가 들린다는 보고도 함께 들어왔습니다. 어떤 사람들은 이를 원주민인 수족이 전쟁터에 나가면서 낸 것이라고 말합니다...;;;;;;;;;;;;;
EVTDESC1140_NEWS_MEDIUM;커스터 중령이 블랙힐즈에서 돌아와 막대한 황금을 다코타 지역에서 발견했다고 보고했습니다. 광부들과 운을 시험해보려는 사람들이 몰려들고 있지만, 밤만 되면 언덕에서 들려오는 이상한 소음과 울부짖는 소리 대문에 고역을 치뤘다는 보고도 들려오고 있습니다. 어떤 사람들은 수족이 전쟁을 준비하는 것이라고들 합니다.;;;;;;;;;;;;;
EVTDESC1140_NEWS_SHORT;커스터 중령이 블랙힐즈에서 돌아와 막대한 황금을 다코타 지역에서 발견했다고 보고했습니다. 그러나 일각에서는 수족이 전쟁을 준비하고 있다고 전합니다.;;;;;;;;;;;;;
EVTDESC1000_NEWS_LONG;$COUNTRY$: 카를 마르크스와 프리드리히 엥겔스는 사회의 역사와 여러 나라의 계급투쟁을 논하는 <공산당 선언>을 출판했는데, 이 출판물은 $COUNTRY$의 노동자들이 선언 안에 마련된 의제를 진전시킬 정당을 찾도록 이끌었습니다. 이들은 스스로를 사회주의자라고 부르며 노동자들이 생산수단을 통제하는 지배자인 국가를 꿈꿉니다. 평등, 정의, 연대, 민주주의는 사회주의 이념의 또 다른 중요한 요소입니다.;;;;;;;;;;;;;
EVTDESC1000_NEWS_MEDIUM;$COUNTRY$: 스스로를 사회주의자라고 자칭하는 이들은 노동자들이 생산수단을 통제하는 지배자인 국가를 꿈꿉니다. 평등, 정의, 연대, 민주주의는 사회주의 이념의 또 다른 중요한 요소입니다.;;;;;;;;;;;;;
EVTDESC1000_NEWS_SHORT;$COUNTRY$: 스스로를 사회주의자라 자칭하는 이들은 노동자들이 생산수단을 통제하는 국가를 꿈꿉니다. 평등, 정의, 연대, 민주주의는 사회주의 이념의 핵심입니다.;;;;;;;;;;;;;
EVTDESC1001_NEWS_LONG;$COUNTRY$: 우리는 자유로운 사회를 원합... 아니, '필요'로 합니다. 누구도 우월하지 않고, 누구도 뒤쳐지지 않으며, 억압과 결핍에서 자유로운 그런 사회가 필요합니다. 정부가 없고, 계급 구분이 없으며, 노동자들이 생산 수단을 통제하는 사회가 필요합니다. 분열과 소외가 없는 사회, 돈과 사유재산이 없는 사회는 사회주의 이념에 따라 조직된 세계를 약속합니다. 분배는 필요에 근거해야 하며, 인간관계는 완전히 자유로워야 합니다.;;;;;;;;;;;;;
EVTDESC1001_NEWS_MEDIUM;$COUNTRY$: 우리는 자유로운 사회를 원합... 아니, '필요'로 합니다. 누구도 우월하지 않고, 누구도 뒤쳐지지 않으며, 억압과 결핍에서 자유로운 그런 사회가 필요합니다. 정부가 없고, 계급 구분이 없으며, 노동자들이 생산 수단을 통제하는 사회가 필요합니다.;;;;;;;;;;;;;
EVTDESC1001_NEWS_SHORT;$COUNTRY$: 우리는 자유로운 사회를 원합... 아니, '필요'로 합니다. 누구도 우월하지 않고, 누구도 뒤쳐지지 않으며, 억압과 결핍에서 자유로운 그런 사회가 필요합니다.;;;;;;;;;;;;;
EVTDESC1002_NEWS_LONG;경제적 자유의 부족과 의회 개혁의 속도에 불만을 품은 자유주의자들이 $COUNTRY$ 정치계에서 새로운 당파를 형성했습니다. 아나르코자본주의(무정부자유주의)자들은 자유주의적 이념의 혁명적인 전위대이며, 자유무역과 그를 둘러싼 자신들의 사상을 국내외에서 실현하려 필요한 모든 수단을 사용하려 합니다.;;;;;;;;;;;;;
EVTDESC1002_NEWS_MEDIUM;경제적 자유의 부족과 의회 개혁의 속도에 불만을 품은 자유주의자들이 $COUNTRY$ 정치계에서 새로운 당파를 형성했습니다. 아나르코자본주의(무정부자유주의)자들은 자유주의적 이념의 혁명적인 전위대입니다.;;;;;;;;;;;;;
EVTDESC1002_NEWS_SHORT;경제적 자유의 부족과 의회 개혁의 속도에 불만을 품은 자유주의자들이 $COUNTRY$ 정치계에서 아나르코자본주의파를 형성했습니다.;;;;;;;;;;;;;
EVTDESC1003_NEWS_LONG;$COUNTRY$: '단결을 통한 힘! 정부는 약해졌습니다. 서로를 단결시키고, 강한 국가 정체성을 주고, 자본주의의 달콤하지만 독한 목소리에 속지 않을 정당이 필요합니다.' 제3의 길, 혹은 파쇼라고 불리는 이들이 상원에 자리잡으려 합니다. 파쇼들은 국가의 자급자족과 경제적 독립을 보장하려면 국가의 통제를 필수산업으로까지 확대해야 한다고 주장합니다. 다른 모든 이념에 강하게 반대하는 한편 자신들의 힘을 키우기 위해 폭력 사용도 주저하지 않습니다.;;;;;;;;;;;;;
EVTDESC1003_NEWS_MEDIUM;$COUNTRY$: '단결을 통한 힘! 정부는 약해졌습니다. 서로를 단결시키고, 강한 국가 정체성을 주고, 자본주의의 달콤하지만 독한 목소리에 속지 않을 정당이 필요합니다.' 제3의 길, 혹은 파쇼라고 불리는 이들이 상원에 자리잡으려 합니다.;;;;;;;;;;;;;
EVTDESC1003_NEWS_SHORT;$COUNTRY$: 제3의 길, 혹은 파쇼라고 불리는 이들이 상원에 자리잡으려 합니다. 다른 이념을 강하게 배척하는 한편 힘을 키우기 위해서라면 폭력 사용도 주저하지 않습니다.;;;;;;;;;;;;;
EVTDESC14600_NEWS_LONG;아마도 올해에 무슨 일이 있었는지는 확실하지 않습니다. 어떤 사람들은 단지 불행한 우연의 일치라고 주장했지만, 원인이 어떻든 간에 $YEAR$년의 불안한 파도가 마른 덤불을 통해 산불처럼 $COUNTRY_ADJ$ 식민지로 번지는 것을 보았습니다. $COUNTRY_ADJ$ 식민지를 뒤흔든 불안한 파도를 어떻게 처리할지 결정해야 합니다. 토착민들과의 합의는 국제적인 위신을 심각하게 떨어뜨릴 것이지만, 그들에게 양보하지 않고 이 위기를 극복할 수 있을까요?;;;;;;;;;;;;;
EVTDESC14600_NEWS_MEDIUM;아마도 올해에 무슨 일이 있었는지는 확실하지 않습니다. $YEAR$년의 불안한 파도가 마른 덤불을 통해 산불처럼 $COUNTRY_ADJ$ 식민지로 번지는 것을 보았습니다.;;;;;;;;;;;;;
EVTDESC14600_NEWS_SHORT;$COUNTRY_ADJ$ 식민지를 뒤흔든 불안한 파도를 어떻게 처리할지 결정해야 합니다. 토착민들과의 합의는 국제적인 위신을 심각하게 떨어뜨릴 것이지만, 그들에게 양보하지 않고 이 위기를 극복할 수 있을까요?;;;;;;;;;;;;;
EVTDESC14670_NEWS_LONG;유럽의 한 주요 신문사가 오늘 콩고 식민지의 상태에 대한 보고서를 발표하면서 $COUNTRY$ 전역이 충격에 빠졌습니다. 식민지 당국은 토착민들에 대한 광범위한 학대, 체벌, 그리고 반복적인 신체훼손 사례들을 질서 유지 수단으로 사용해왔습니다. 그들은 뇌물과 부정부패를 통해 식민지 총독부의 영향권 밖에서 공공연하게 비밀을 유지해왔습니다.;;;;;;;;;;;;;
EVTDESC14670_NEWS_MEDIUM;유럽의 한 주요 신문사가 오늘 콩고 식민지의 상태에 대한 보고서를 발표하면서 $COUNTRY$ 전역이 충격에 빠졌습니다. 식민지 당국은 토착민들에 대한 광범위한 학대, 체벌, 그리고 반복적인 신체훼손 사례들을 질서 유지 수단으로 사용해왔습니다.;;;;;;;;;;;;;
EVTDESC14670_NEWS_SHORT;유럽의 한 주요 신문사가 오늘 콩고 식민지의 상태에 대한 보고서를 발표하면서 $COUNTRY$ 전역이 충격에 빠졌습니다.;;;;;;;;;;;;;
EVTDESC14740_NEWS_LONG;유럽 국가들이 아프리카와 세계의 식민지에 대해 끊임없이 경쟁해온 결과, $COUNTRY$도 번영의 시기를 맞았습니다. 수년 동안 훌륭한 경영을 보여준 한 $COUNTRY_ADJ$ 식민지가 유럽 식민지의 모범으로서 국제적인 인정을 받기도 했습니다. 그리고 이 식민지에 성공을 가져온 우리만의 식민정책에 대해 유럽 각국의 의회와 궁정이 보인 관심은 우리의 연구 및 국제적인 위상에 대한 훌륭한 이익을 가져왔습니다.;;;;;;;;;;;;;
EVTDESC14740_NEWS_MEDIUM;수년 동안 훌륭한 경영을 보여준 한 $COUNTRY_ADJ$ 식민지가 유럽 식민지의 모범으로서 국제적인 인정을 받기도 했습니다. 그리고 우리만의 식민정책이 받은 관심은 우리의 연구 및 국제적인 위상에 훌륭한 이익을 가져왔습니다.;;;;;;;;;;;;;
EVTDESC14740_NEWS_SHORT;수년 동안 훌륭한 경영을 보여준 한 $COUNTRY_ADJ$ 식민지가 유럽 식민지의 모범으로서 국제적인 인정을 받았습니다.;;;;;;;;;;;;;
EVTDESC22010_NEWS_LONG;공공의 안전을 위협하는 범법자와 위반자들을 사회에서 격리하겠다는 발상은 태고적부터 존재해왔습니다. 많은 고대국가의 사법체계는 심각한 범죄자를 위한 최후의 수단으로 유배나 국외추방을 사용해왔습니다. 그리고 그러한 형벌을 사형에 버금가는 중벌로 여졌습니다. 18세기와 19세기 동안 유럽 식민제국이 성장하면서 이러한 발상들이 유배 식민지의 형태로 되살아났습니다. $COUNTRY$도 현재 이러한 유배 식민지 설립을 고려하고 있습니다.;;;;;;;;;;;;;
EVTDESC22010_NEWS_MEDIUM;18세기와 19세기 동안 유럽 식민제국이 성장하면서 이러한 발상들이 형벌 식민지의 형태로 되살아났습니다. $COUNTRY$도 현재 이러한 유배 식민지 설립을 고려하고 있습니다.;;;;;;;;;;;;;
EVTDESC22010_NEWS_SHORT;공공의 안전을 위협하는 범법자와 위반자들을 사회에서 격리하겠다는 발상은 태고적부터 존재해왔습니다. $COUNTRY$도 현재 이러한 유배 식민지 설립을 고려하고 있습니다.;;;;;;;;;;;;;
EVTDESC2510_NEWS_LONG;$COUNTRY$: 어제 외국의 항구에 기항해있던 소형 군용선 $CAPITAL$함이 선체 중앙부 우현에서 일어난 원인불명의 대폭발로 인해 침몰했습니다. 군 정보부는 보일러 과열을 폭발의 원인으로 추정했습니다. 그러나 대다수의 신문사는 외국의 파괴공작 및 공격이 폭발의 원인이라 써댔습니다. 신문보도를 보고 분노한 국민들은 $CAPITAL$ 거리에 모여 보복을 요구하고 있습니다.;;;;;;;;;;;;;
EVTDESC2510_NEWS_MEDIUM;$COUNTRY$: 어제 외국의 항구에 기항해있던 소형 군용선 $CAPITAL$함이 선체 중앙부 우현에서 일어난 원인불명의 대폭발로 인해 침몰했습니다. 대다수의 신문사는 외국의 파괴공작 및 공격이 폭발의 원인이라 주장합니다.;;;;;;;;;;;;;
EVTDESC2510_NEWS_SHORT;$COUNTRY$: 어제 외국의 항구에 기항해있던 소형 군용선 $CAPITAL$함이 선체 중앙부 우현에서 일어난 원인불명의 대폭발로 인해 침몰했습니다.;;;;;;;;;;;;;
EVTDESC23300_NEWS_LONG;작년 한해 동안 상선 여러척이 바다에서 사라졌는데, 많은 사람들은 이를 거대하고 아직 발견하지 못한 고래의 소행이라 짐작합니다. 프랑스의 전설적인 해양생물학 교수인 피에르 아로낙스가 세계 바다를 떠도는 이 괴상망측한 짐승을 조사하는 과학 탐험에 참여하겠다고 제안했습니다. 또 소문에 따르면 여러 국가들이 이 기괴한 생명체의 정체를 규명하기 위해 독자적으로 조사대 파견을 계획하는 것 같습니다.;;;;;;;;;;;;;
EVTDESC23300_NEWS_MEDIUM;프랑스의 전설적인 해양생물학 교수인 피에르 아로낙스가 세계 바다를 떠도는 괴상망측한 짐승을 조사하는 과학 탐험에 참여하겠다고 제안했습니다. 또 소문에 따르면 여러 국가들이 이 기괴한 생명체의 정체를 규명하기 위해 독자적으로 조사대 파견을 계획한다고 합니다.;;;;;;;;;;;;;
EVTDESC23300_NEWS_SHORT;프랑스의 전설적인 해양생물학 교수인 피에르 아로낙스가 세계 바다를 떠도는 괴상망측한 짐승을 조사하는 과학 탐험에 참여하겠다고 제안했습니다.;;;;;;;;;;;;;
EVTDESC23302_NEWS_LONG;유명한 프랑스인 해양생물학자 피에르 아로낙스를 오늘 $COUNTRY$의 어느 해변에서 포착했다고 합니다. 교수는 배를 침몰시킨다는 소문이 돌던 괴상한 고래의 정체를 밝히기 위해 조사대에 참가했으나, 도중에 괴물의 공격을 수차례 받고 사라졌었습니다. 아로낙스의 말에 따르면, 조사대의 배가 괴생물과 조우할 때마다 멀리 떨어진 곳에 배가 있었다며 일련의 소동을 일으킨 괴생물의 정체가 사람이 만든 배일 가능성이 있다고 주장했습니다. 또 그는 괴생물이 배를 타고 세계의 바다를 누비는 자유를 사랑하는 이의 발명품이라고도 주장했습니다.;;;;;;;;;;;;;
EVTDESC23302_NEWS_MEDIUM;$COUNTRY$: 유명한 프랑스인 해양생물학자 피에르 아로낙스는 자신이 괴생물과 조우할 때마다 멀리 떨어진 곳에 배가 있었다며 일련의 소동을 일으킨 괴생물의 정체가 자유를 사랑하는 이가 만든 배일 가능성이 있다고 주장했습니다.;;;;;;;;;;;;;
EVTDESC23302_NEWS_SHORT;$COUNTRY$: 유명한 프랑스인 해양생물학자 피에르 아로낙스는 소동을 일으킨 괴생물의 정체가 자유를 사랑하는 이가 만든 배일 가능성이 있다고 주장했습니다.;;;;;;;;;;;;;
EVTDESC21500_NEWS_LONG;과학자들은 1908년 일어난 퉁구스카 폭발로 인해 시베리아에 파괴적인 불덩어리가 생겨나 숲을 파괴하고 전세계적인 여진을 일으켰다고 추측합니다. 사건이 일어난 위치에서 수십마일 떨어진 곳에 있던 목격자들은 하늘이 둘로 갈라지고 이후 자신들의 몸이 견디지 못할 정도로 높은 열을 전달하는 불이 그 자리를 채우는 광경을 보았으며, 뒤이어 여러 개의 바위가 땅에 부딪치는 요란한 쿵쾅거리는 소리가 반복됐다고 말합니다. 사나운 바람이 길을 따라 지상의 길을 태워버렸고, 폭발은 너무 밝아서 제2의 태양처럼 보였습니다.;;;;;;;;;;;;;
EVTDESC21500_NEWS_MEDIUM;과학자들은 1908년 시베리아에 파괴적인 불덩어리를 만들어 숲을 파괴하고 전세계적인 여진을 일으킨 퉁구스카 폭발을 소행성 또는 운석의 소행으로 추측합니다. 폭발은 너무 밝아서 제2의 태양처럼 보였습니다.;;;;;;;;;;;;;
EVTDESC21500_NEWS_SHORT;과학자들은 1908년 시베리아에 파괴적인 불덩어리를 만들어 숲을 파괴하고 전세계적인 여진을 일으킨 퉁구스카 폭발을 소행성 또는 운석의 소행으로 추측합니다.;;;;;;;;;;;;;
EVTDESC21510_NEWS_LONG;크라카타우화산 폭발과 이로 인한 해일에 네덜란드령 동인도에서 36,500명 이상이 목숨을 잃었습니다. 또 분화시의 폭발음은 4,776km 떨어진 인도양의 로드리게스섬에서도 들었다는 기록이 남을 정도입니다. 화산에서 방출한 분출물은 수년에 걸쳐 전세계에 영향을 미쳤습니다. 하늘이 어두워지거나 비정상적으로 노을이 붉어지는 등의 광학적 효과를 일으켰으며 북반구 전역의 평균 기온을 섭씨 0.5 - 0.8도 정도 낮췄습니다. 전세계의 기압기록계는 5일 동안 폭발로 인한 압력을 기록했습니다.;;;;;;;;;;;;;
EVTDESC21510_NEWS_MEDIUM;크라카타우화산 폭발과 이로 인한 해일에 네덜란드령 동인도에서 36,500명 이상이 목숨을 잃었습니다. 또 분화시의 폭발음은 4,776km 떨어진 인도양의 로드리게스섬에서도 들었다는 기록이 남을 정도입니다. 이 폭발은 수년에 걸쳐 전세계에 영향을 미쳤습니다.;;;;;;;;;;;;;
EVTDESC21510_NEWS_SHORT;크라카타우화산 폭발과 이로 인한 지진 해일에 네덜란드령 동인도에서 36,500명 이상이 목숨을 잃었습니다. 또 분화시의 폭발음은 4,776km 떨어진 인도양의 로드리게스섬에서도 들었다는 기록이 남을 정도입니다.;;;;;;;;;;;;;
EVTDESC21520_NEWS_LONG;캘리포니아주 샌프란시스코에서 대지진이 발생해 수천 명이 목숨을 잃는 등 광범위한 참사가 발생했습니다. 네바다주처럼 멀리 떨어진 내륙에서도 진동을 보고해왔으며, 지진으로 인해 발생한 화재는 도심을 다소 평탄하게 만들어버렸습니다. 군부대는 생존자들에게 보급품을 배급에 열심히 임하고 있습니다. 목격자들은 이번 지진이 수세대에 걸쳐 대중의 기억에 남을 것임을 확신합니다.;;;;;;;;;;;;;
EVTDESC21520_NEWS_MEDIUM;캘리포니아주 샌프란시스코에서 대지진이 발생해 수천 명이 목숨을 잃는 등 광범위한 참사가 발생했습니다. 네바다주처럼 멀리 떨어진 내륙에서도 진동을 보고해왔으며, 지진으로 인해 발생한 화재는 도심을 다소 평탄하게 만들어버렸습니다.;;;;;;;;;;;;;
EVTDESC21520_NEWS_SHORT;캘리포니아주 샌프란시스코에서 대지진이 발생해 수천 명이 목숨을 잃는 등 광범위한 참사가 발생했습니다. 진으로 인해 발생한 화재는 도심을 다소 평탄하게 만들어버렸습니다.;;;;;;;;;;;;;
EVTDESC23450_NEWS_LONG;스웨덴의 발명가이자 사업가인 알프레드 노벨이 사망 전 마지막 의지로 물리학, 화학, 심리학, 약학 등의 발전에 크게 기여한 과학자들과 세계평화를 위해 노력하는 작가 및 활동가에게 상을 수여하는 재단을 설립하고 그 재단에 전 재산을 기부했습니다. 평화주의자로 널리 알려진 노벨은 350개의 국제특허를 발행하고 90개의 무기 공장을 운영함으로써 일가족의 부를 크게 늘렸습니다.;;;;;;;;;;;;;
EVTDESC23450_NEWS_MEDIUM;스웨덴의 발명가이자 사업가인 알프레드 노벨이 사망 전 마지막 의지로 물리학, 화학, 심리학, 약학 등의 발전에 크게 기여한 과학자들과 세계평화를 위해 노력하는 작가 및 활동가에게 상을 수여하는 재단을 설립하고 그 재단에 전 재산을 기부했습니다.;;;;;;;;;;;;;
EVTDESC23450_NEWS_SHORT;스웨덴의 발명가이자 사업가인 알프레드 노벨이 유언을 통해 세계에 기여한 자들에게 상을 수여하는 재단을 설립하고 그 재단에 전 재산을 기부했습니다.;;;;;;;;;;;;;
EVTDESC23400_NEWS_LONG;고대 그리스 문명에 대한 새로운 관심과 스포츠가 사회발전에 중요하다는 발상의 결합은 올림픽으로 이어졌습니다. 프랑스 귀족 피에르 드 쿠베르탱 남작이 국가들 간의 우호적인 경쟁을 통해 국제평화를 증진하자는 목적으로 올림픽의 부활을 제안한 것입니다. 현재까지 가장 큰 규모의 스포츠 행사인 제1회 올림픽은 레슬링, 역도, 펜싱, 사이클 등 9개 종목을 유치했습니다. 각 분야의 수상자들은 은메달, 올리브 가지, 그리고 증서를 받았습니다.;;;;;;;;;;;;;
EVTDESC23400_NEWS_MEDIUM;고대 그리스 문명에 대한 새로운 관심과 스포츠가 사회발전에 중요하다는 발상의 결합은 올림픽으로 이어졌습니다. 프랑스 귀족 피에르 드 쿠베르탱 남작이 국가들 간의 우호적인 경쟁을 통해 국제평화를 증진하자는 목적으로 올림픽의 부활을 제안했습니다.;;;;;;;;;;;;;
EVTDESC23400_NEWS_SHORT;고대 그리스 문명에 대한 새로운 관심과 스포츠가 사회발전에 중요하다는 발상의 결합은 프랑스 귀족 피에르 드 쿠베르탱 남작의 고대 올림픽을 부활시키도록 만들었습니다.;;;;;;;;;;;;;
EVTDESC90040_NEWS_LONG;인도인들이 반란을 일으켰습니다! 영국 동인도회사가 고용한 한무리의 세포이가 일으킨 반란이 거대한 아대륙을 집어삼켰습니다. 동인도회사의 오랜 폭정이 근본적인 원인이기는 하지만, 사건을 직접적으로 야기한 것은 바로 교리에 반하는 소/돼지기름 탄약통입니다.;;;;;;;;;;;;;
EVTDESC90040_NEWS_MEDIUM;인도인들이 반란을 일으켰습니다! 영국 동인도회사가 고용한 한무리의 세포이가 일으킨 반란이 거대한 아대륙을 집어삼켰습니다. 동인도회사의 오랜 폭정이 근본적인 원인입니다.;;;;;;;;;;;;;
EVTDESC90040_NEWS_SHORT;인도인들이 반란을 일으켰습니다! 영국 동인도회사가 고용한 한무리의 세포이가 일으킨 반란이 거대한 아대륙을 집어삼켰습니다.;;;;;;;;;;;;;
EVTDESC17610_NEWS_LONG;신흥 이슬람주의 정당이 군사적 지휘명령계통과 이념적 일관성을 갖고 당지도부의 명령에 즉각 대응하는 준군사부대 자위조직을 편성했습니다. 사람들은 대원이 입는 상징적인 검은 군복에 영감을 받아 이들을 일반적으로 검은셔츠단이라 부릅니다. 이러한 경향은 $COUNTRY$ 정치권에서는 처음 있는 일입니다. 일부에서는 다른 정당들도 독자적인 군사조직을 편성하지는 않을까 두려워합니다. 아니나다를까 다른 정당들도 당원들과 지지자들을 방어할 자위용 군사조직을 결성하고 있다고 합니다.;;;;;;;;;;;;;
EVTDESC17610_NEWS_MEDIUM;신흥 이슬람주의 정당이 군사적 지휘명령계통과 이념적 일관성을 갖고 당지도부의 명령에 즉각 대응하는 준군사부대 자위조직을 편성했습니다. 사람들은 대원이 입는 상징적인 검은 군복에 영감을 받아 이들을 일반적으로 검은셔츠단이라 부릅니다.;;;;;;;;;;;;;
EVTDESC17610_NEWS_SHORT;신흥 이슬람주의 정당이 군사적 지휘명령계통과 이념적 일관성을 갖고 당지도부의 명령에 즉각 대응하는 준군사부대 자위조직을 편성했습니다.;;;;;;;;;;;;;
EVTDESC17630_NEWS_LONG;$CAPITAL$에 도착한 보고서에 따르면 파쇼당의 군사조직 검은셔츠단이 $COUNTRY$의 정권을 장악하기 위해 $CAPITAL$(을)를 향한 진군을 시작했다고 합니다. 군은 개입을 꺼리고 있습니다. 군의 수뇌부에도 파쇼에 동조하는 이가 존재하는 것 같습니다. 이번 진군은 $COUNTRY$ 민주주의의 위기로 작용하는 동시에 지방 전체의 안정과 평화를 위협하고 있습니다.;;;;;;;;;;;;;
EVTDESC17630_NEWS_MEDIUM;$CAPITAL$에 도착한 보고서에 따르면 파쇼당의 군사조직 검은셔츠단이 $COUNTRY$의 정권을 장악하기 위해 $CAPITAL$(을)를 향한 진군을 시작했다고 합니다. 군은 개입을 꺼리고 있습니다.;;;;;;;;;;;;;
EVTDESC17630_NEWS_SHORT;$CAPITAL$에 도착한 보고서에 따르면 파쇼당의 군사조직 검은셔츠단이 $COUNTRY$의 정권을 장악하기 위해 $CAPITAL$(을)를 향한 진군을 시작했다고 합니다.;;;;;;;;;;;;;
EVTDESC17680_NEWS_LONG;이슬람주의 정당과 그 하부조직들이 시가지에서의 행진을 통해 세력을 과시했습니다. 군인처럼 검은색 및 갈색 셔츠를 입은채 거리를 행진하고, 북을 울리는 이슬람주의자들은 위압감을 줍니다. $COUNTRY$ 내각 구성원 일부가 말하기를, 국가의 통제를 받지 않는 무장집단의 존재는 큰 문제를 낳을 것이라며 준군사조직의 불법화를 제안했습니다.;;;;;;;;;;;;;
EVTDESC17680_NEWS_MEDIUM;이슬람주의 정당과 그 하부조직들이 시가지에서의 행진을 통해 세력을 과시했습니다. 군인처럼 검은색 및 갈색 셔츠를 입은채 거리를 행진하고, 북을 울리는 이슬람주의자들은 위압감을 줍니다.;;;;;;;;;;;;;
EVTDESC17680_NEWS_SHORT;이슬람주의 정당과 그 하부조직들이 시가지에서의 행진을 통해 세력을 과시했습니다.;;;;;;;;;;;;;
EVTDESC17560_NEWS_LONG;1886년에 일어난 시카고 헤이마켓 사건의 희생자를 애도하기 위해 전국에서 모인 각 세대의 사회주의자, 공산주의자, 노동조합원 및 노동자들이 항의의 의미로 적색기를 펄럭이며 시가지를 행진하자 그들을 구경하려는 인파가 모여들었습니다. 이 추모행진은 국내 도시 대부분에서 매년 행하는 것이지만, 특히 올해에 대성공을 거뒀습니다. 이 영향으로 사회주의자들의 불만이나 의식이 높아질 우려가 있습니다.;;;;;;;;;;;;;
EVTDESC17560_NEWS_MEDIUM;1886년에 일어난 시카고 헤이마켓 사건의 희생자를 애도하기 위해 전국에서 모인 각 세대의 사회주의자, 공산주의자, 노동조합원 및 노동자들이 항의의 의미로 적색기를 펄럭이며 시가지를 행진했습니다.;;;;;;;;;;;;;
EVTDESC17560_NEWS_SHORT;$COUNTRY$: 전국에서 모인 각 세대의 사회주의자, 공산주의자, 노동조합원 및 노동자들이 적색기를 펄럭이며 시가지를 행진하자 그들을 구경하려는 인파가 모여들었습니다.;;;;;;;;;;;;;
EVTDESC5001_NEWS_LONG;우루과이가 개최한 제1회 세계축구선수권대회가 엄청난 성공을 거두었습니다. 적지 않은 유럽국가들이 참가하지 못했음에도 훌륭한 경기가 많았습니다. 프랑스의 루시엥 로랑이 대회 첫 골을 넣었고, 미국의 골키퍼 지미 더글러스도 대회 첫 무실점경기를 만들어냈습니다. 아르헨티나의 기예르모 스타빌레는 8골을 득점해 대최 최다득점자 자리에 올랐습니다. 하지만 무엇보다도 중요한 것은 9만 3천명의 관중이 관람한 결승전에서 우루과이가 아르헨티나를 4-2로 꺾어 우승한 것입니다!;;;;;;;;;;;;;
EVTDESC5001_NEWS_MEDIUM;우루과이가 개최한 제1회 세계축구선수권대회가 엄청난 성공을 거두었습니다. 적지 않은 유럽국가들이 참가하지 못했음에도 훌륭한 경기가 많았습니다. 9만 3천명의 관중이 관람한 결승전에서는 우루과이가 아르헨티나를 4-2로 꺾어 우승했습니다!;;;;;;;;;;;;;
EVTDESC5001_NEWS_SHORT;우루과이가 개최한 제1회 세계축구선수권대회가 엄청난 성공을 거두었습니다. 적지 않은 유럽국가들이 참가하지 못했음에도 훌륭한 경기가 많았습니다.;;;;;;;;;;;;;
EVTDESC5002_NEWS_LONG;캐나다 자치령 총독에 취임한 프레스턴 스탠리 경은 아이스하키에 큰 호기심을 보였습니다. 1892년 그는 자치령 하키챌린지컵이라고 새겨진 이 트로피를 캐나다 최고의 아마추어 아이스하키팀에 수여하기 시작했습니다. 첫번째 컵은 몬트리올이 수상했습니다. 스탠리 경은 컵 경기에 한 번도 참가하지 못한채 총독 임기가 끝나면서 영국으로 돌아갔습니다.;;;;;;;;;;;;;
EVTDESC5002_NEWS_MEDIUM;캐나다 자치령 총독에 취임한 프레스턴 스탠리 경은 아이스하키에 큰 호기심을 보였습니다. 1892년 그는 자치령 하키챌린지컵이라고 새겨진 이 트로피를 캐나다 최고의 아마추어 아이스하키팀에 수여하기 시작했습니다.;;;;;;;;;;;;;
EVTDESC5002_NEWS_SHORT;1892년 프레스턴 스탠리 경이 자치령 하키챌린지컵이라고 새겨진 트로피를 캐나다 최고의 아마추어 아이스하키팀에 수여하기 시작했습니다.;;;;;;;;;;;;;
EVTDESC160001_NEWS_LONG;천하를 뒤흔들 대반란이 일어났습니다! 자신이 예수 그리스도의 동생이라는 환영을 보았다고 주장하는 홍수전이 만주족이 지배하는 청에게서 반란을 일으켜 남중국에 태평천국을 세웠습니다. 이로 인해 3천만 명이 넘는 중국인이 내전에 빨려들어갔습니다. 태평천국은 전통적인 유교, 불교, 도교를 그들 자신의 기독교 형태로 대체하고, 전족 폐지 및 공동소유와 같은 진보적인 개혁을 시행하려 합니다.;;;;;;;;;;;;;
EVTDESC160001_NEWS_MEDIUM;천하를 뒤흔들 대반란이 일어났습니다! 자신이 예수 그리스도의 동생이라는 환영을 보았다고 주장하는 홍수전이 만주족이 지배하는 청에게서 반란을 일으켜 남중국에 태평천국을 세웠습니다.;;;;;;;;;;;;;
EVTDESC160001_NEWS_SHORT;천하를 뒤흔들 대반란이 일어났습니다! 자신이 예수 그리스도의 동생이라는 환영을 보았다고 주장하는 홍수전이 만주족이 지배하는 청에게서 반란을 일으켰습니다.;;;;;;;;;;;;;
EVTDESC48300_NEWS_LONG;1847년 안할트-베른부르크 공위를 가진 알렉산더 칼이 상속자 없이 타계하면서 안할트-쾨텐 공작 레오폴트 4세가 후계를 이었습니다. 이렇게 안할트 공작령 전역은 하나의 공작 아래에 뭉쳤습니다.;;;;;;;;;;;;;
EVTDESC48300_NEWS_MEDIUM;1847년 안할트-베른부르크 공위를 가진 알렉산더 칼이 상속자 없이 타계하면서 안할트-쾨텐 공작 레오폴트 4세가 후계를 이었습니다. 이렇게 안할트 공작령 전역은 하나의 공작 아래에 뭉쳤습니다.;;;;;;;;;;;;;
EVTDESC48300_NEWS_SHORT;1847년 안할트-베른부르크 공위를 가진 알렉산더 칼이 상속자 없이 타계하면서 안할트-쾨텐 공작 레오폴트 4세가 후계를 이었습니다. 이렇게 안할트 공작령 전역은 하나의 공작 아래에 뭉쳤습니다.;;;;;;;;;;;;;
EVTDESC46600_NEWS_LONG;아르헨티나 특파원의 소식: 후안 마누엘 데 로사스가 실각한 1852년에 처음 출판된 후안 바우티스타 알베르디의 책이 아르헨티나 신헌법의 기초를 이루었습니다. 그리고 이 아르헨티나 신헌법은 미국을 본떠 만들어졌습니다.;;;;;;;;;;;;;
EVTDESC46600_NEWS_MEDIUM;아르헨티나에서의 소식: 알베르디의 저서 <아르헨티나 공화국의 정치 조직의 기초>가 아르헨티나 신헌법의 기초를 이루었습니다. 아르헨티나 신헌법은 미국을 본떠 만들어졌습니다.;;;;;;;;;;;;;
EVTDESC46600_NEWS_SHORT;아르헨티나: 알베르디의 저서 <아르헨티나 공화국의 정치 조직의 기초>가 미국을 본뜬 아르헨티나 신헌법의 기초를 이루었습니다.;;;;;;;;;;;;;
EVTDESC46601_NEWS_LONG;파쿤도: 1845년 아르헨티나에서 초판 출판된 <문명과 야만>은 유럽의 문명과 원주민의 야만성의 대립을 그립니다. 저자 사르미엔토는 아르헨티나의 파쿤도, 키로가, 로사스 그리고 팜파스 지역 주민들을 향해 분노와 비난을  쏟아냅니다. 그러나 때로는 그 지방의 훌륭함에 감탄하는 묘사도 있습니다.;;;;;;;;;;;;;
EVTDESC46601_NEWS_MEDIUM;1845년 아르헨티나에서 초판 출판된 <문명과 야만>은 유럽의 문명과 원주민의 야만성의 대립을 그립니다. 그러면서도 저자 사르미엔토는 자신이 비난한 지방의 훌륭함에 감탄하는 묘사도 넣었습니다.;;;;;;;;;;;;;
EVTDESC46601_NEWS_SHORT;1845년 아르헨티나에서 초판 출판된 <문명과 야만>은 유럽의 문명과 원주민의 야만성의 대립을 그립니다. 다만 원주민 지방의 훌륭함에 감탄하는 묘사도 등장습니다.;;;;;;;;;;;;;
EVTDESC46300_NEWS_LONG;브라질 문학: 브라질의 시인이자 극작가 안토니우 드 카스트루 알베스가 최근 <노예수송선>을 출판하면서 '노예들의 시인'이라는 별명을 얻었습니다. 이 작품은 아프리카 노예들이 집에서 출발해 바다를 가로질러 모르는 땅에서 일해야 했던 상황을 끔찍하게 표현했습니다. 그리고 브라질의 노예제도 폐지에도 영향을 미쳤습니다.;;;;;;;;;;;;;
EVTDESC46300_NEWS_MEDIUM;최근 <노예수송선>을 출판한 브라질의 시인 안토니우 드 카스트루 알베스가 '노예들의 시인'이라는 별명을 얻었습니다. 아프리카 노예들의 비참한 상황을 끔찍하게 표현한 이 작품은 브라질의 노예제도 폐지에 영향을 미쳤습니다.;;;;;;;;;;;;;
EVTDESC46300_NEWS_SHORT;최근 <노예수송선>을 출판한 브라질의 시인 안토니우 드 카스트루 알베스가 '노예들의 시인'이라는 별명을 얻었습니다. 이 작품은 브라질의 노예제도 폐지에도 영향을 미쳤습니다.;;;;;;;;;;;;;
EVTDESC46301_NEWS_LONG;1894년 상파울루의 파울리스타 카를루스 밀러가 축구의 종주국인 영국에서 유학을 마치고 돌아왔습니다. 1895년 브라질에서 밀러와 다른 영국인 거주자들이 상파울로 철도의 직원들과 경기하면서 첫 경기를 치렀습니다. 이날 경기는 카르모 계곡에서 열렸고 철도회사 직원들이 4-2로 승리했습니다. 이후 축구에 대한 브라질인들의 관심은 폭발적으로 높아졌습니다.;;;;;;;;;;;;;
EVTDESC46301_NEWS_MEDIUM;1894년 상파울루의 파울리스타 카를루스 밀러가 축구의 종주국인 영국에서 유학을 마치고 돌아와 축구를 보급했습니다. 이후 축구에 대한 브라질인들의 관심은 폭발적으로 높아졌습니다.;;;;;;;;;;;;;
EVTDESC46301_NEWS_SHORT;카를루스 밀러가 축구의 종주국인 영국에서 돌아와 축구를 보급한 이후 축구에 대한 브라질인들의 관심이 폭발적으로 높아졌습니다.;;;;;;;;;;;;;
EVTDESC46302_NEWS_LONG;브라질 특파원의 소식: 불만을 품은 의사 프란시스쿠 사비누가 혁명장교로 변신해 브라질 바이아주에서 노예제 폐지와 토지 재분배를 요구하는 급진적인 반란을 일으켰습니다. 브라질 제국군과의 교전을 설명하는 보고가 들어오고 있습니다. 반군이 중요한 도시인 살바도르를 점령하려는 계획을 세웠다고 합니다.;;;;;;;;;;;;;
EVTDESC46302_NEWS_MEDIUM;브라질 특파원의 소식: 불만을 품었던 의사인 프란시스쿠 사비누가 혁명장교로 변신해 브라질 바이아주에서 노예제 폐지와 토지 재분배를 요구하는 급진적인 반란을 일으켰습니다. 바이아 전역에서 브라질 제국군과의 교전이 벌어지고 있다는 보고가 들어왔습니다.;;;;;;;;;;;;;
EVTDESC46302_NEWS_SHORT;프란시스쿠 사비누라는 장교가 브라질 바이아주에서 노예제 폐지와 토지 재분배를 요구하는 급진적인 반란을 일으켰습니다.;;;;;;;;;;;;;
EVTDESC33300_NEWS_LONG;큰 비극입니다! 바덴 대공국 카를스루에에 위치한 한 극장이 불타버렸습니다. 당국은 건물의 목조적 구성이 화재 확산에 기여한 것으로 보인다고 밝혔습니다. 불은 공연 도중에 피어올라 필사적으로 건물 밖으로 피하려던 관중들에게 공포감을 불러일으켰습니다. 한편 내부로 열리는 탈출구는 관중들의 빠른 탈출을 방해했고, 결국 이번 참사로 63명이 목숨을 잃었습니다.;;;;;;;;;;;;;
EVTDESC33300_NEWS_MEDIUM;큰 비극입니다! 바덴 대공국 카를스루에에 위치한 한 극장이 불타버렸습니다. 불은 공연 도중에 피어올라 필사적으로 건물 밖으로 피하려던 관중들에게 공포감을 불러일으켰습니다. 이번 참사로 63명이 목숨을 잃었습니다.;;;;;;;;;;;;;
EVTDESC33300_NEWS_SHORT;큰 비극입니다! 바덴 대공국 카를스루에에 위치한 한 극장이 불타버렸습니다. 이번 참사로 63명이 목숨을 잃었습니다.;;;;;;;;;;;;;
EVTDESC34100_NEWS_LONG;음악 소식: 라인란트, 바덴, 헤센, 프랑켄 등에서 모인 42개 합창단이 사흘에 걸쳐 모차르트 음악회를 개최하기 위해 프랑크푸르트에 모였습니다. 행사 준비를 위해 금전기부를 받았으며, 합창단이 몰릴 것에 대비해 쾌적한 숙박시설도 마련했다고 합니다. 수천 명의 사람들이 마인강둑에 모여 그들을 환영했고, 곧 행사장은 손수건을 흔들며 기뻐하는 경쾌한 구경꾼들로 가득 찼습니다. 그러나 시간이 지나자 예상과 다르게 독일의 정치적 단결을 요구하는 시위의 장으로 변모했습니다.;;;;;;;;;;;;;
EVTDESC34100_NEWS_MEDIUM;각지에서 모인 42개 합창단이 사흘에 걸쳐 모차르트 음악회를 개최하기 위해 프랑크푸르트에 모였습니다. 곧 행사장은 구경꾼들로 가득 찼습니다. 그러나 시간이 지나자 음악회는 독일의 정치적 단결을 요구하는 시위의 장으로 변모했습니다.;;;;;;;;;;;;;
EVTDESC34100_NEWS_SHORT;각지에서 모인 42개 합창단이 사흘에 걸쳐 모차르트 음악회를 개최하기 위해 프랑크푸르트에 모였습니다. 그러나 시간이 지나자 음악회는 독일의 정치적 단결을 요구하는 시위의 장으로 변모했습니다.;;;;;;;;;;;;;
EVTDESC44100_NEWS_LONG;1885년 <허클베리 핀의 모험>을 발표한 마크 트웨인이 미국 소설계에 혁명을 일으켰습니다. 이 작품의 발표 이전까지 미국 소설은 유럽인들의 행동양식과 언어를 담습하는 경향이 있었습니다. 이런 상황에서 마크 트웨인이 문맹자이자 비참정권자인 미국인들의 말을 아름답게 묘사함으로써 언어적 독립이라는 일격을 날린 것입니다. 이 책은 어떤 사람이든 간에 지위보다는 행동이 중요하고 존경받을 가치가 있다는 것을 확실히 보여주려는 시도입니다.;;;;;;;;;;;;;
EVTDESC44100_NEWS_MEDIUM;1885년 <허클베리 핀의 모험>을 발표한 마크 트웨인이 미국 소설계에 혁명을 일으켰습니다. 이 작품은 문맹자이자 비참정권자인 미국인들의 말을 아름답게 묘사함으로써 언어적 독립이라는 일격을 날렸습니다.;;;;;;;;;;;;;
EVTDESC44100_NEWS_SHORT;1885년 마크 트웨인이 문맹자이자 비참정권자인 미국인들의 말을 아름답게 묘사한 <허클베리 핀의 모험>을 발표함으로써 미국 소설계에 혁명을 일으켰습니다.;;;;;;;;;;;;;
EVTDESC44101_NEWS_LONG;뉴욕 중심가 - 허드슨강 철도의 구간을 운행한 엠파이어 스테이트 익스프레스사의 기관차 999호가 바타비아와 물소의 최대속력 사이인 시속 112마일(180km)을 달성했습니다. 독자적으로 속력을 기록한 회의론자들은 기껏해야 시속 86마일(138km)이라고 주장했지만, 이 역시 맞춤용으로 제작한 다른 기관차들을 훨씬 초과한 속도이므로 여전히 일반 승객용 열차에 있어서 가장 놀라운 속도입니다.;;;;;;;;;;;;;
EVTDESC44101_NEWS_MEDIUM;뉴욕 중심가 - 허드슨강 철도의 구간을 운행한 엠파이어 스테이트 익스프레스사의 기관차 999호가 바타비아와 물소의 최대속력 사이인 시속 112마일(180km)을 달성했습니다. 일반 승객용 열차에 있어서 정말 놀라운 속도입니다.;;;;;;;;;;;;;
EVTDESC44101_NEWS_SHORT;뉴욕 중심가 - 허드슨강 철도의 구간을 운행한 엠파이어 스테이트 익스프레스사의 기관차 999호가 바타비아와 물소의 최대속력 사이인 시속 112마일(180km)을 달성했습니다.;;;;;;;;;;;;;
EVTDESC44102_NEWS_LONG;대통령 후보 윌리엄 제닝스 브라이언이 은화의 자유주조권을 주장했습니다. 그 결과 그는 인민당, 은공화당, 은의당, 진보당에게서 지명을 받아 계급 투쟁을 시작했고 서부와 남부의 농민을 같은 대의 아래 결집했습니다. 북부 사업가들은 그의 지명을 채권자를 방해하고 기업합동 해체를 의도한 지명으로 간주했습니다.;;;;;;;;;;;;;
EVTDESC44102_NEWS_MEDIUM;대통령 후보 윌리엄 제닝스 브라이언이 은화의 자유주조권을 주장했습니다. 그 결과 그는 인민당, 은공화당, 은의당, 진보당에게서 지명을 받아 계급 투쟁을 시작했고 서부와 남부의 농민을 같은 대의 아래 결집했습니다.;;;;;;;;;;;;;
EVTDESC44102_NEWS_SHORT;은화의 자유주조권을 주장한 대통령 후보 윌리엄 제닝스 브라이언이 인민당, 은공화당, 은의당, 진보당에게서 지명을 받았습니다.;;;;;;;;;;;;;
EVTDESC44103_NEWS_LONG;표류하던 레졸루트호를 발견했다는 보고가 들어왔습니다. 원래 이 선박은 실종된 극지탐험가 존 프랭클린 경을 수색하던 소함대가 포기한 배입니다. 원래 상선이었던 이 배는 수리를 통해 프랭클린의 아내가 남편을 구하기 위해 조직한 탐험대의 일부에 편입됐다고 합니다. 프랭클린 경과 그의 탐험대는 얼음으로 잠긴 배를 버렸으나 끝내 폐렴과 기아로 사망한 것으로 추정됩니다. 미국은 이 배를 인양업체에게서 구입해 수리한 뒤 브리튼섬으로 돌려보냈습니다.;;;;;;;;;;;;;
EVTDESC44103_NEWS_MEDIUM;표류하던 레졸루트호를 발견했다는 보고가 들어왔습니다. 원래 이 선박은 실종된 극지탐험가 존 프랭클린 경을 수색하던 소함대가 포기한 배입니다. 미국은 이 배를 인양업체에게서 구입해 수리한 뒤 브리튼섬으로 돌려보냈습니다.;;;;;;;;;;;;;
EVTDESC44103_NEWS_SHORT;북대서양에서 표류하던 레졸루트호를 발견했다는 보고가 들어왔습니다. 미국은 이 배를 인양업체에게서 구입해 수리한 뒤 브리튼섬으로 돌려보냈습니다.;;;;;;;;;;;;;
EVTDESC44104_NEWS_LONG;정치가이자 변호사인 호레이스 맨이 마사추세트의 교육제도에 관한 개혁에 착수했습니다. 그가 만들어낸 교육제도는 미국 전역의 모범이 됐습니다. 그에 대해 유명한 이야기는 각자의 상황을 알아보기 위해 각 학교를 방문했다는 것, 그리고 프로이센식 교육제도를 배우러 직접 유럽을 방문했다는 것입니다. 또 최초로 체벌 폐지를 주창한 것으로도 유명합니다. 그의 주장은 전통적으로 편향적이었던 많은 교사들과 갈등을 일으켰으나, 종국에는 그에게 유리하게 해결됐습니다.;;;;;;;;;;;;;
EVTDESC44104_NEWS_MEDIUM;정치가이자 변호사인 호레이스 맨이 마사추세트의 교육제도에 관한 개혁에 착수했습니다. 그가 만들어낸 교육제도는 미국 전역의 모범이 됐습니다. 그는 프로이센식 교육제도를 배우러 직접 유럽을 방문한 걸로 유명합니다.;;;;;;;;;;;;;
EVTDESC44104_NEWS_SHORT;정치가이자 변호사인 호레이스 맨이 마사추세트의 교육제도에 관한 개혁에 착수했습니다. 그가 만들어낸 교육제도는 미국 전역의 모범이 됐습니다.;;;;;;;;;;;;;
EVTDESC44105_NEWS_LONG;미국 의회가 대통령 직속 스미스소니언 학술협회를 설립했습니다. 이 협회의 목적은 과학의 대중화, 연구 및 탐험 활동 지원입니다. 영국의 과학자 제임스 스미스선은 유언장을 통해 국가에 유산을 기부하고 '대중들에게의 지식 확산'을 위해 헌신할 것을 요구했고, 그 기관을 설립하는데는 의회와의 수년에 달하는 교섭이 필요했습니다. 스미스소니언은 특별한 탐험과 자발적인 기부를 통해 인상적인 수집품을 모으기 시작했습니다.;;;;;;;;;;;;;
EVTDESC44105_NEWS_MEDIUM;미국 의회가 대통령 직속 스미스소니언 학술협회를 설립했습니다. 스미스소니언은 특별한 탐험과 자발적인 기부를 통해 인상적인 수집품을 모으기 시작했습니다.;;;;;;;;;;;;;
EVTDESC44105_NEWS_SHORT;미국 의회가 대통령 직속 스미스소니언 학술협회를 설립했습니다. 이 협회의 목적은 과학의 대중화, 연구 및 탐험 활동 지원입니다.;;;;;;;;;;;;;
EVTDESC44106_NEWS_LONG;1841년 랄프 월도 에머슨이 첫번째 수필집을 발표했습니다. 그는 이 수필집을 통해 신대륙 신비주의의 영향을 받은 이상주의 철학을 세계에 소개했습니다. 비록 많은 유럽인들은 그를 대단한 철학자로 여기지 않았지만, 그가 구대륙 철학에 준 영향(특히 니체)은 부정할 수 없습니다. 에머슨의 '수필' 중 하나인 '자연'에 영감을 받아 인간의 내면적, 정신적 본질에서 원리를 도출한 초월주의는 1840년대의 주요한 문화 운동으로 자리잡았지만, 비평가들은 초월주의가 이성과 사리분별이 가능한 상태를 넘어선 무언가라고 주장했습니다.;;;;;;;;;;;;;
EVTDESC44106_NEWS_MEDIUM;1841년 랄프 월도 에머슨이 첫번째 수필집을 발표했습니다. 그는 이 수필집을 통해 신대륙 신비주의의 영향을 받은 이상주의 철학을 세계에 소개했습니다. 비록 많은 유럽인들은 그를 대단한 철학자로 여기지 않았지만, 그가 구대륙 철학에 준 영향은 부정할 수 없습니다.;;;;;;;;;;;;;
EVTDESC44106_NEWS_SHORT;1841년 랄프 월도 에머슨이 첫번째 수필집을 발표했습니다. 그는 이 수필집을 통해 신대륙 신비주의의 영향을 받은 신비적 이상주의 철학을 세계에 소개했습니다.;;;;;;;;;;;;;
EVTDESC44107_NEWS_LONG;1861년 올리버 웬델 홈즈가 관습법의 역사와 전통에 대해 저술한 <관습법>을 출판했습니다. 이 책에서 그는 법이 논리적이지 않으며, 오히려 상황에 따라 변하는 판사의 의지에 좌우된다고 주장했습니다. 그는 자신의 주장을 "'법의 삶'은 논리가 아니라 경험이다.'라는 유명한 격언을 통해 단적으로 표현했습니다. 관습법은 출판되자마자 중요한 법학 서적으로 자리매김했으며, 저자인 홈즈는 이듬해 하버드 대학교의 교수직에 임명됐으며 수년 후에는 미국 대법원의 판사에까지 올랐습니다. 관습법의 출판은 미국 지식인들 사이에서 실용주의가 퍼졌음을 의미했습니다.;;;;;;;;;;;;;
EVTDESC44107_NEWS_MEDIUM;1861년 올리버 웬델 홈즈가 관습법의 역사와 전통에 대해 저술한 <관습법>을 출판했습니다. 이 책에서 그는 법이 논리적이지 않으며, 오히려 상황에 따라 변하는 판사의 의지에 좌우된다고 주장했습니다. 그는 자신의 주장을 "'법의 삶'은 논리가 아니라 경험이다.'라는 유명한 격언을 통해 단적으로 표현했습니다.;;;;;;;;;;;;;
EVTDESC44107_NEWS_SHORT;1861년 올리버 웬델 홈즈가 관습법의 역사와 전통에 대해 저술한 <관습법>을 출판했습니다. 이 책에서 그는 법이 논리적이지 않으며, 오히려 상황에 따라 변하는 판사의 의지에 좌우된다고 주장했습니다.;;;;;;;;;;;;;
EVTDESC44108_NEWS_LONG;1885년 율리시스 S. 그랜트가 스스로의 삶을 회고한 <회고록>을 출판했습니다. 그는 후두암을 앓으면서도 사후에 가족의 생계를 보장하기 위해 이 책을 집필습니다. 세계적으로 미국 문학의 걸작으로 여겨지는 이 회고록은 문체의 단순명쾌함, 명확성, 그리고 경제성을 특징으로 합니다. '회고록'은 당대에도 큰 성공을 거두었으며, 현재까지 지속적으로 팔리는 몇 안 되는 책으로 남아있습니다. 이 책은 아마도 미국 대통령이 집필한 책 가운데 최고일 것입니다.;;;;;;;;;;;;;
EVTDESC44108_NEWS_MEDIUM;1885년 율리시스 S. 그랜트가 스스로의 삶을 회고한 <회고록>을 출판했습니다. 그는 후두암을 앓으면서도 사후에 가족의 생계를 보장하기 위해 이 책을 집필습니다. 이 책은 아마도 미국 대통령이 집필한 책 가운데 최고일 것입니다.;;;;;;;;;;;;;
EVTDESC44108_NEWS_SHORT;1885년 율리시스 S. 그랜트가 스스로의 삶을 회고한 <회고록>을 출판했습니다. 이 책은 아마도 미국 대통령이 집필한 책 가운데 최고일 것입니다.;;;;;;;;;;;;;
EVTDESC44109_NEWS_LONG;알프레드 사이어 머핸이 <해군력이 역사에 미쳐온 영향>을 출판했습니다. 그는 이 책을 통해 역사 속에서의 해군력이 가졌던 역할을 분석했으며, 대규모 해군력을 조직하고 유지하는 다양한 전략적 측면과 이점을 논의했습니다. 이 저서는 미국의 전세계적 이익과 미 해군의 확대에 관심을 가진 이들에게 강한 영향을 주었습니다. 사람들은 이 책을 해군 전략과 관련해 가장 영향력 있는 작품이라 칭송합니다. 머핸의 원칙 채택은 해군 군비경쟁의 직접적인 원인으로 작용했습니다.;;;;;;;;;;;;;
EVTDESC44109_NEWS_MEDIUM;알프레드 사이어 머핸이 <해군력이 역사에 미쳐온 영향>을 출판했습니다. 그는 이 책을 통해 역사 속에서의 해군력이 가졌던 역할을 분석했으며, 대규모 해군력을 조직하고 유지하는 다양한 전략적 측면과 이점을 논의했습니다.;;;;;;;;;;;;;
EVTDESC44109_NEWS_SHORT;알프레드 사이어 머핸이 <해군력이 역사에 미쳐온 영향>을 출판했습니다. 머핸의 원칙 채택은 해군 군비경쟁의 직접적인 원인으로 작용했습니다.;;;;;;;;;;;;;
EVTDESC44110_NEWS_LONG;$COUNTRY$: 1799년 징집병과 하류층 사이에 퍼지는 반전의식과 노동운동의식에 대응해야 했던 의회는 외국인규제법과 선동금지법을 개정해 전시에의 대통령 및 국가 정책에 대한 항의를 불법화했습니다. 법 개정은 외국인과 망명자들의 활동을 위축시켰습니다. 10년 후에도 대법원은 합헌 판결을 내렸고, 반세기 후 워렌 판결로 인해 위헌 판결을 받을 때까지 다양한 형태로 유지될 것입니다.;;;;;;;;;;;;;
EVTDESC44110_NEWS_MEDIUM;$COUNTRY$:  1799년 징집병과 하류층 사이에 퍼지는 반전의식과 노동운동의식에 대응해야 했던 의회는 외국인규제법과 선동금지법을 개정해 전시에의 대통령 및 국가 정책에 대한 항의를 불법화했습니다.;;;;;;;;;;;;;
EVTDESC44110_NEWS_SHORT;$COUNTRY$: 징집병과 하류층 사이에 퍼지는 반전의식과 노동운동의식에 대응해야 했던 의회가 전시의 대통령 및 국가 정책에 대한 항의를 불법화하는 법을 통과시켰습니다.;;;;;;;;;;;;;
EVTDESC44111_NEWS_LONG;$COUNTRY$: 열차 강도사건 해결과 사전꾼(지폐위조 제조자) 검거를 통해 능력을 증명해낸 핑커튼 탐정사의 탐정들이 몰리머과이어 같은 비밀결사에 잠입해 파업파괴자로 활동하는 쪽으로 방향을 틀었습니다. 여러 철도회사들의 사설 탐정기관으로 출발한 핑커튼은 뛰어난 업무력을 인정받은 덕분에 연방법을 집행할 전담 수사기관을 편성할 자금이 없던 연방정부가 고용하기에 이르렀습니다. 그들은 자신들이 절대 잠을 자지 않는다고 주장합니다.;;;;;;;;;;;;;
EVTDESC44111_NEWS_MEDIUM;$COUNTRY$: 열차 강도사건 해결과 사전꾼(지폐위조 제조자) 검거를 통해 능력을 증명해낸 핑커튼 탐정사의 탐정들이 파업파괴자로 활동하는 쪽으로 방향을 틀었습니다. 그들은 자신들이 절대 잠을 자지 않는다고 주장합니다.;;;;;;;;;;;;;
EVTDESC44111_NEWS_SHORT;$COUNTRY$: 열차 강도사건 해결과 사전꾼(지폐위조 제조자) 검거를 통해 능력을 증명해낸 핑커튼 탐정사의 탐정들이 파업파괴자로 활동하는 쪽으로 방향을 틀었습니다.;;;;;;;;;;;;;
EVTDESC44112_NEWS_LONG;$COUNTRY$: 보스턴 레드캡스, 시카고 화이트스타킹스, 신시내티 레즈, 하트포드 다크블루스, 루이빌 그레이스, 뉴욕 뮤추얼스, 필라델피아 애슬래틱스, 세인트루이스 브라운의 8개 구단이 깨끗하고 건전한 야구리그를 결성했습니다. 이들은 부패에 관한 추문들과 잘못된 경영을 새로운 협회를 결성한 이유로 꼽았습니다. 하나의 확고한 통제 아래 대도시를 연고지로 한 구단들을 하나로 묶어 뉴욕의 규칙에 따라 경기를 치루는 이 리그는 어떤 선두주자보다도 성공할 것이며, 어떤 경쟁자들모다도 오래갈 것 같습니다.;;;;;;;;;;;;;
EVTDESC44112_NEWS_MEDIUM;$COUNTRY$: 보스턴 레드캡스, 시카고 화이트스타킹스, 신시내티 레즈, 하트포드 다크블루스, 루이빌 그레이스, 뉴욕 뮤추얼스, 필라델피아 애슬래틱스, 세인트루이스 브라운의 8개 구단이 깨끗하고 건전한 야구리그를 결성했습니다.;;;;;;;;;;;;;
EVTDESC44112_NEWS_SHORT;$COUNTRY$: 대도시를 연고지로 한 8개의 구단이 깨끗하고 건전한 야구리그를 결성했습니다.;;;;;;;;;;;;;
EVTDESC44113_NEWS_LONG;$COUNTRY$: 시카고 데코벤가에 거주하는 패트릭 올리어리씨의 헛간에서 시작된 불이 상업지구 전역으로 번지면서 건물 17,450채가 파괴되고 300명이 사망했으며 9만 8천여 명이 집을 잃었습니다. 시카고 시장의 필사적인 지원 요청에 응한 인근 도시 출신의 자원봉사자들이 용감하게 노력했으나, 역부족이었습니다. 소 한 마리가 걷어찬 등불에서 시작했다는 이틀 밤낮 동안 도시의 대부분을 전소시긴 이번 화재로 인해 막대한 재건사업이 불가피해졌습니다.;;;;;;;;;;;;;
EVTDESC44113_NEWS_MEDIUM;시카고 데코벤가에 거주하는 패트릭 올리어리씨의 헛간에서 시작된 불이 상업지구 전역으로 번지면서 건물 17,450채가 파괴되고 300명이 사망했으며 9만 8천여 명이 집을 잃었습니다.;;;;;;;;;;;;;
EVTDESC44113_NEWS_SHORT;시카고 데코벤가에 거주하는 패트릭 올리어리씨의 헛간에서 시작된 불이 상업지구 전역으로 번지면서 건물 17,450채가 파괴됐습니다.;;;;;;;;;;;;;
EVTDESC44114_NEWS_LONG;$COUNTRY$: 애리조나주 툼스톤에서 30초간의 총격전이 벌어져 와이어트, 모건, 버질어프가 숙적인 빌리 클랜턴, 톰, 밥 맥로리를 사살했습니다. 클랜턴이 강도 및 살인에 가담한 혐의를 받던 홀리데이에 대해 거짓으로 증언하면서 보안관과 카우보이 사이의 증오가 시작됐습니다. 아이크 클랜턴과 그의 공범들이 어프와 홀리데이를 거듭 협박하자 총격전이 벌어졌는데, 카우보이 3명이 사망하고 보안관 2명이 부상당했습니다.;;;;;;;;;;;;;
EVTDESC44114_NEWS_MEDIUM;$COUNTRY$: 애리조나주 툼스톤에서 30초간의 총격전이 벌어져 와이어트, 모건, 버질어프가 숙적인 빌리 클랜턴, 톰, 밥 맥로리를 사살했습니다. 아이크 클랜턴과 그의 공범들이 어프와 홀리데이를 거듭 협박하자 총격전이 벌어졌는데, 카우보이 3명이 사망하고 보안관 2명이 부상당했습니다.;;;;;;;;;;;;;
EVTDESC44114_NEWS_SHORT;아이크 클랜턴과 그의 공범들이 어프와 홀리데이를 거듭 협박하자 총격전이 벌어졌는데, 카우보이 3명이 사망하고 보안관 2명이 부상당했습니다.;;;;;;;;;;;;;
EVTDESC44116_NEWS_LONG;1830년대 중반까지 종교적인 열정이라는 물결이 미국 전역을 휩쓸었습니다. 신자들에게 성경의 원래 가르침으로 돌아가 도덕적인 삶을 영위할 것을 촉구한 카리스마적인 설교자들의 활동 이후 그 운동은 여러 신규 개신교 종파의 탄생을 낳았고, 이는 신학과 종교에 중점을 두고 확립된 종파들의 논쟁과 분열을 이끌었습니다. 유럽에서는 종교적 열정이 감소하고 있던 시기였지만 미국은 하층민과 중류층 사이에서 기독교적 가르침의 힘과 영향력이 강해졌습니다.;;;;;;;;;;;;;
EVTDESC44116_NEWS_MEDIUM;1830년대 중반까지 종교적인 열정이라는 물결이 미국 전역을 휩쓸었습니다. 신자들에게 성경의 원래 가르침으로 돌아가 도덕적인 삶을 영위할 것을 촉구한 카리스마적인 설교자들의 활동 이후 그 운동은 여러 신규 개신교 종파의 탄생을 낳았습니다.;;;;;;;;;;;;;
EVTDESC44116_NEWS_SHORT;1830년대 중반까지 종교적인 열정이라는 물결이 미국 전역을 휩쓸었습니다. 카리스마적인 설교자들은 신자들에게 성경의 원래 가르침으로 돌아가 도덕적인 삶을 영위할 것을 촉구했습니다.;;;;;;;;;;;;;
EVTDESC44117_NEWS_LONG;19세기 초 미국 개신교 내에서 발흥한 수많은 신규 종파들은 신학적 고찰을 위한 환경을 조성했습니다. 이 흐름 속에서 가장 영향력을 끼친 운동이 바로 미국의 일신교입니다. 신학을 이해하는데 이성의 역할을 중시하고 인간 고유의 선성 및 이성으로 인한 개선을 강조하는 일신교는 미국 북동부의 중류층과 상류층들에게 많은 영향을 끼쳤습니다. 어쩌면 공교육에서 노예제 폐지에 이르는 사회개선운동을 촉진할 수도 있습니다.;;;;;;;;;;;;;
EVTDESC44117_NEWS_MEDIUM;신학을 이해하는데 이성의 역할을 중시하고 인간 고유의 선성 및 이성으로 인한 개선을 강조하는 일신교가 공교육에서 노예제 폐지에 이르는 사회개선운동을 촉진할지도 모릅니다.;;;;;;;;;;;;;
EVTDESC44117_NEWS_SHORT;신학을 이해하는데 이성의 역할을 중시하는 일신교가 공교육에서 노예제 폐지에 이르는 사회개선운동을 촉진할지도 모릅니다.;;;;;;;;;;;;;
EVTDESC44118_NEWS_LONG;19세기 초 미국에서 일어난 종교 부흥의 직접적인 영향으로 사회의 개선을 목적으로 하는 자원봉사조직의 폭발적 증가를 들 수 있습니다. '자비로운 제국'이라 불리는 이 단체들은 급속하게 세를 불렸으며, 새로운 경제세력들은 주도적으로 사회를 위한 공동체적 기반시설을 확충하도록 도왔습니다.;;;;;;;;;;;;;
EVTDESC44118_NEWS_MEDIUM;19세기 초 미국에서 일어난 종교 부흥의 직접적인 영향으로 사회의 개선을 목적으로 하는 자원봉사조직의 폭발적 증가를 들 수 있습니다.;;;;;;;;;;;;;
EVTDESC44118_NEWS_SHORT;19세기 초 미국에서 일어난 종교 부흥의 직접적인 영향으로 자원봉사조직의 폭발적 증가를 들 수 있습니다.;;;;;;;;;;;;;
EVTDESC44119_NEWS_LONG;$COUNTRY$: 1842년부터 1864년까지 뉴욕의 주교(후에는 대주교)직을 맡은 아일랜드인 이민자 휴즈는 천주교 시설과 자산을 교회 지도부의 감독하에 안전하게 관리하는 한편, 천주교도(특히 이민자)들이 미국 사회에 융화할 수 있도록 끊임없는 노력을 기울였습니다. 노골적으로 낙태와 노예제에 적대적인 신념을 가졌던 그는 70년 넘게 교회에 헌신적으로 봉사했습니다.;;;;;;;;;;;;;
EVTDESC44119_NEWS_MEDIUM;$COUNTRY$: 1842년부터 1864년까지 뉴욕의 주교(후에는 대주교)직을 맡은 아일랜드인 이민자 휴즈가 천주교도(특히 이민자)들이 미국 사회에 융화할 수 있도록 끊임없는 노력을 기울였습니다.;;;;;;;;;;;;;
EVTDESC44119_NEWS_SHORT;$COUNTRY$: 1842년부터 1864년까지 뉴욕의 주교(후에는 대주교)직을 맡은 아일랜드인 이민자 휴즈가 이민자 천주교도들을 통합하기 위해 끊임없는 노력을 기울였습니다.;;;;;;;;;;;;;
EVTDESC44120_NEWS_LONG;19세기 초 미국에서의 종교 부흥의 영향 중 하나는 신의 일을 대신 수행한다고 믿는 사람들이 악인 및 악습에 대한 지속적인 근절운동을 벌였다는 점입니다. 술집은 그러한 십자군들이 가장 좋아하는 목표물이었기에, 이 광신도들은 술집과 그 손님들을 이따금씩 공격했습니다. 심지어 일부 국가 최고위직마저도 금주에 대한 감정을 종종 이들과 공유했으며, 이는 신을 대신한 정부의 개입으로 이어졌습니다.;;;;;;;;;;;;;
EVTDESC44120_NEWS_MEDIUM;19세기 초 미국에서의 종교 부흥의 영향 중 하나는 신의 일을 대신 수행한다고 믿는 사람들이 악인 및 악습에 대한 지속적인 근절운동을 벌였다는 점입니다. 술집은 그러한 십자군들이 가장 좋아하는 목표물이었습니다.;;;;;;;;;;;;;
EVTDESC44120_NEWS_SHORT;19세기 초 미국에서의 종교 부흥의 영향 중 하나는 신의 일을 대신 수행한다고 믿는 사람들이 악인 및 악습에 대한 지속적인 근절운동을 벌였다는 점입니다. ;;;;;;;;;;;;;
EVTDESC44121_NEWS_LONG;1816년 필라델피아 감리교 동동체의 흑인 회원들이 설립한 아프리카인 성공회 교회는 일명 종교부흥의 시대로 불리우는 1830년부터 1840년대까지 자유민들과 노예들 사이에서 빠르게 교세를 확장해나갔습니다.  이 교단은 흑인 지역사회를 통제하고 지휘하면서 그들에게 영적인 해방을 안겨줬으며, 동시에 완전한 연방에서 지속되던 노예제에 의문을 제기할 발판을 마련했습니다. 이들의 좌우명은 '우리 아버지이신 하나님, 우리의 구세주이신 그리스도, 우리를 위로하시는 성령, 우리의 가족인 인간'입니다.;;;;;;;;;;;;;
EVTDESC44121_NEWS_MEDIUM;1816년 필라델피아 감리교 동동체의 흑인 회원들이 설립한 아프리카인 성공회 교회는 일명 종교부흥의 시대로 불리우는 1830년부터 1840년대까지 자유민들과 노예들 사이에서 빠르게 교세를 확장하고 있습니다.;;;;;;;;;;;;;
EVTDESC44121_NEWS_SHORT;1816년 필라델피아 감리교 동동체의 흑인 회원들이 설립한 아프리카인 성공회 교회가 빠르게 교세를 확장했습니다.;;;;;;;;;;;;;
EVTDESC46400_NEWS_LONG;저명한 언론인이자 콜로라도당의 지도자인 호세 바예 이 오르도녜스가 우루과이에서 강력한 정치개혁 법안을 통과시켰습니다. 성공한 정치인 가문의 일원인 오르도녜스는 두 임기를 수행하는 동안 많은 외국의 제국주의에 대항하는 정부 활동의 영역을 확장하는 심도 있는 개혁들을 도입하는데 성공했습니다.;;;;;;;;;;;;;
EVTDESC46400_NEWS_MEDIUM;저명한 언론인이자 콜로라도당의 지도자인 호세 바예 이 오르도녜스가 우루과이에서 강력한 정치개혁 법안을 통과시켰습니다. 이 법안은 산업 국유화, 관세 확대, 출산업 보조금 지금을 포함합니다.;;;;;;;;;;;;;
EVTDESC46400_NEWS_SHORT;저명한 언론인이자 콜로라도당의 지도자인 호세 바예 이 오르도녜스가 우루과이에서 강력한 정치개혁 법안을 통과시켰습니다.;;;;;;;;;;;;;
EVTDESC34700_NEWS_LONG;1837년 알베르트 로르칭이 자신의 작품 중에서 가장 유명한 오페라 목수 <황제와 목수>를 라이프치히에서 미리 공연했습니다. 로르칭은 낭만오페라의 상대인 독일 희극오페라의 아버지로 여겨집니다. 라이프치히에서 열린 초연은 관객들에게 그다지 따뜻한 호응을 얻지 못했지만, 베를린 및 독일의 다른 무대에서 치룬 후속 공연은 훨씬 더 성공적이였습니다. 이 오페라는 목수를 가장해 독일, 네덜란드, 그리고 영국을 여행하면서 서양의 문화와 기술에 대한 지식을 얻으려 노력한 표토르 대제의 이야기를 들려줍니다.;;;;;;;;;;;;;
EVTDESC34700_NEWS_MEDIUM;1837년 알베르트 로르칭이 자신의 작품 중에서 가장 유명한 오페라 목수 <황제와 목수>를 라이프치히에서 미리 공연했습니다. 이 오페라는 목수를 가장해 독일, 네덜란드, 그리고 영국을 여행한 표토르 대제의 이야기를 들려줍니다.;;;;;;;;;;;;;
EVTDESC34700_NEWS_SHORT;1837년 알베르트 로르칭이 자신의 작품 중에서 가장 유명한 오페라 목수 <황제와 목수>를 라이프치히에서 미리 공연했습니다. 로르칭은 낭만오페라의 상대인 독일 희극 오페라의 아버지로 여겨집니다.;;;;;;;;;;;;;
EVTDESC34701_NEWS_LONG;작센의 궁정 건축가 고트프리트 젬퍼 교수가 자신의 이름을 딴 걸작 드레스덴 오페라하우스를 완공했습니다. 고전주의와 르네상스의 영향을 받은 그의 건축양식을 따라 지어진 이 건물 덕분에 드레스덴은 '엘베의 피렌체'라는 별명을 얻었습니다. 건축가이자 교수이자 비평가인 그는 빈에 건설한 두 박물관과 극장을 위시한 거대한 계획 외에도 리하르트 바그너의 지휘봉처럼 작은 물건을 설계하는 것으로도 유명했습니다.;;;;;;;;;;;;;
EVTDESC34701_NEWS_MEDIUM;작센의 궁정 건축가 고트프리트 젬퍼 교수가 자신의 이름을 딴 걸작 드레스덴 오페라하우스를 완공했습니다. 고전주의와 르네상스 건축양식의 영향을 받았습니다.;;;;;;;;;;;;;
EVTDESC34701_NEWS_SHORT;작센의 궁정 건축가 고트프리트 젬퍼 교수가 자신의 이름을 딴 걸작 드레스덴 오페라하우스를 완공했습니다.;;;;;;;;;;;;;
EVTDESC46800_NEWS_LONG;1911년 미국 탐험가 빙하이럼 빙엄이 잉카의 잃어버린 도시 마추픽추의 유적을 발견했습니다. 잉카 제국의 국력이 정점이던 15세기 전반기에 지어진 이 성채에 대해 대부분의 고고학자들은 잉카 황제 파차쿠티의 소유물로 여겼지만, 일부는 순수하게 종교적 성격을 지녔을 가능성을 주장하기도 했습니다. 빙엄은 더 면밀한 조사를 위해 복구한 유물을 미국으로 운반하려고 했으나, 페루 현지인들이 자신들의 문화유산을 훔쳤다며 그를 비난하면서 논란의 대상으로 떠올랐습니다.;;;;;;;;;;;;;
EVTDESC46800_NEWS_MEDIUM;1911년 미국 탐험가 빙하이럼 빙엄이 잉카의 잃어버린 도시 마추픽추의 유적을 발견했습니다. 잉카 제국의 국력이 정점이던 15세기 전반기에 지어진 이 성채에 대해 대부분의 고고학자들은 잉카 황제 파차쿠티의 소유물이었을 것이라 추측합니다.;;;;;;;;;;;;;
EVTDESC46800_NEWS_SHORT;1911년 미국 탐험가 빙하이럼 빙엄이 잉카 제국의 국력이 정점이던 15세기 전반기에 지어진 잉카의 잃어버린 도시 마추픽추의 유적을 발견했습니다.;;;;;;;;;;;;;
EVTDESC46801_NEWS_LONG;현재 구아노를 가공한 농업용 비료가 유럽과 북미 지역에서 큰 수요를 보이고 있습니다. $COUNTRY_ADJ$ 섬에 잠든 구아노가 큰 복을 가져다줄 수 있습니다. 추측에 의하면 페루 원주민들은 비료를 위해 이 섬을 1000년 이상 방문했다고 합니다. 가장 효율이 좋은 구아노는 구아나흰배쇠가마우지, 페루사다새 그리고 페루부비새라는 세 종의 새가 생산합니다. 역사학자들은 잉카 황제가 이 섬에 대한 접근을 제한하고 새를 해친 사람들을 처벌하는 등 구아노를 가치있게 여겼을거라 추측합니다.;;;;;;;;;;;;;
EVTDESC46801_NEWS_MEDIUM;현재 구아노를 가공한 농업용 비료가 유럽과 북미 지역에서 큰 수요를 보이고 있습니다. 역사학자들은 잉카 황제가 이 섬에 대한 접근을 제한하고 새를 해친 사람들을 처벌하는 등 구아노를 가치있게 여겼을거라 추측합니다.;;;;;;;;;;;;;
EVTDESC46801_NEWS_SHORT;현재 구아노를 가공한 농업용 비료가 유럽과 북미 지역에서 큰 수요를 보이고 있습니다. $COUNTRY_ADJ$ 섬에 잠든 구아노가 큰 복을 가져다줄 수 있습니다.;;;;;;;;;;;;;
EVTDESC36700_NEWS_LONG;금세기 가장 유명한 플란데런인 소설가인 헨드릭 콘신서가 <징집병>과 함께 걸작으로 손꼽히는 <플란데런의 사자>를 출판했습니다. 이 소설은 로브레흐트 3세 판벳휘너 플란데런 백작의 딸 마흐털트의 연인이자 기사인 아돌프 판 니울란트의 모험을 묘사했습니다. 역사적 배경은 플람스어 운동가들이 빠르게 채택한 황금박차 전투(1302년)로, 억압받는 플란데런 주민들이 프랑스 압제자와 맞선 이야기입니다.;;;;;;;;;;;;;
EVTDESC36700_NEWS_MEDIUM;유명한 플란데런인 소설가인 헨드릭 콘신서가 걸작으로 손꼽히는 <플란데런의 사자>를 출판했습니다. 이 소설은 황금박차 전투에서 플란데런 주민들이 프랑스에 맞선 이야기를 그렸으며, 플람스어 운동가들은 빠르게 이 이야기를 채택하고 있습니다.;;;;;;;;;;;;;
EVTDESC36700_NEWS_SHORT;플란데런인 소설가인 헨드릭 콘신서가 <플란데런의 사자>를 출판했습니다. 이 소설은 황금박차 전투에서 플란데런 주민들이 프랑스에 맞선 이야기를 그렸으며, 플람스어 운동가들은 빠르게 이 이야기를 채택하고 있습니다.;;;;;;;;;;;;;
EVTDESC36701_NEWS_LONG;플란데런 주민들이 선언문을 통해 벨기에의 플란데런 주민들의 목소리를 내겠다고 '플란데런 운동'을 결성한 것은 지난해의 일입니다. 이 운동은 스포츠 구단, 악단, 극장, 지식인 조직 등 다양한 플란데런인들의 광범위한 모임으로 발전했습니다. 처음에는 정치색을 띄지 않았지만, 시간이 흐를수록 추종자들은 점점 전투적인 사상이나 신념을 추구했습니다. 플란데런 운동이 정치계에서 플란데런인들의 권리 확대를 위해 공작을 펼칠 정당의 창당에 기여할 계획이라는 보고가 들어왔습니다.;;;;;;;;;;;;;
EVTDESC36701_NEWS_MEDIUM;플란데런 주민들이 선언문을 통해 벨기에의 플란데런 주민들의 목소리를 내겠다고 '플란데런 운동'을 결성한 것은 지난해의 일입니다. 처음에는 정치색을 띄지 않았지만, 시간이 흐를수록 추종자들은 점점 전투적인 사상이나 신념을 추구했습니다. 보고에 따르면 플란데런인들이 창당을 꾸미고 있다고 합니다.;;;;;;;;;;;;;
EVTDESC36701_NEWS_SHORT;플란데런 운동은 처음에는 정치색을 띄지 않았지만, 시간이 흐를수록 점점 전투적인 사상이나 신념을 좇기 시작했습니다. 보고에 따르면 플란데런인들이 창당을 꾸미고 있다고 합니다.;;;;;;;;;;;;;
EVTDESC36704_NEWS_LONG;남부 벨기에 나뮈르 출신의 우수한 음악가 및 악기 제작자인 아돌퍼 삭스가 색소폰이라는 찬란한 악기를 새 발명품으로 공개했습니다. 삭스는 클라리넷 계열의 일부인 이 독특한 악기를 목관악기 중에서도 가장 강력하고, 금관악기 중에서도 가장 적응력이 뛰어날 것이라는 취지에서 만들었다고 합니다. 색소폰은 파리의 음악가들에게 순식간에 퍼졌고, 어쩌면 이후에 대서양 건너 신대륙에서도 인기를 구가할 것 같습니다.;;;;;;;;;;;;;
EVTDESC36704_NEWS_MEDIUM;남부 벨기에 나뮈르 출신의 우수한 음악가 및 악기 제작자인 아돌퍼 삭스가 색소폰이라는 찬란한 악기를 새 발명품으로 공개했습니다. 색소폰은 파리의 음악가들에게 순식간에 퍼졌고, 어쩌면 이후에 대서양 건너 신대륙에서도 인기를 구가할 것 같습니다.;;;;;;;;;;;;;
EVTDESC36704_NEWS_SHORT;남부 벨기에 나뮈르 출신의 우수한 음악가 및 악기 제작자인 아돌퍼 삭스가 색소폰이라는 악기를 새 발명품으로 공개했습니다. 색소폰은 파리의 음악가들에게 순식간에 퍼졌습니다.;;;;;;;;;;;;;
EVTDESC36705_NEWS_LONG;매우 우수한 벨기에인 화학자 에르너스트 솔바이가 탄산나트륨을 공업용으로 생산하기 위해 암모니아소다법(솔바이법)을 발명했습니다. 이 공정은 전통적인 르블랑법보다 훨씬 더 효율적이기에 많은 주목을 받았습니다. 염수과 소다수의 조합은 이 혁신적이고 새로운 공정이 저렴하게 소다회(공업용 탄산소다)를 생산할 기반을 제공합니다. 공업 생산이 코 앞으로 다가왔습니다.;;;;;;;;;;;;;
EVTDESC36705_NEWS_MEDIUM;매우 우수한 벨기에인 화학자 에르너스트 솔바이가 탄산나트륨을 공업용으로 생산하기 위해 암모니아소다법(솔바이법)을 발명했습니다. 공업 생산이 코 앞으로 다가왔습니다.;;;;;;;;;;;;;
EVTDESC36705_NEWS_SHORT;우수한 벨기에인 화학자 에르너스트 솔바이가 탄산나트륨을 공업용으로 생산하기 위해 암모니아소다법을 발명했습니다. 공업 생산이 코 앞으로 다가왔습니다.;;;;;;;;;;;;;
EVTDESC36706_NEWS_LONG;벨기에 브라반트 티넌 출신인 다미안 더 푀스터르 신부가 문둥이 수용소의 일손을 돕기 위해 하와이 몰로카이섬으로 떠났습니다. 소문에 따르면 많은 원주민들이 외국 선원과 무역업자들이 가져온 독감에 옮고 있다고 합니다. 난치병인 문둥병 같은 질병들도 수많은 주민들에게 영향을 미쳤습니다. 다미안 신부는 섬에서 수년 동안 환자들과 함께 살아가면서 그들을 돕겠다는 계획을 세웠습니다. 그는 이번 방문으로 인해 자신이 죽더라도 도움이 필요한 사람들을 돕겠다며 진정한 헌신을 보여주었습니다.;;;;;;;;;;;;;
EVTDESC36706_NEWS_MEDIUM;벨기에 브라반트 티넌 출신인 다미안 더 푀스터르 신부가 하와이 몰로카이섬으로 떠났습니다. 그는 섬에서 수년 동안 환자들과 함께 살아가면서 도움이 필요한 사람들에게 진정한 헌신을 보여주겠다고 전했습니다.;;;;;;;;;;;;;
EVTDESC36706_NEWS_SHORT;벨기에 브라반트 티넌 출신인 다미안 더 푀스터르 신부가 문둥이 수용소의 일손을 돕기 위해 하와이 몰로카이섬으로 떠났습니다. 그는 섬에서 수년 동안 환자들과 함께 살아가면서 그들을 도울 계획이라고 합니다.;;;;;;;;;;;;;
EVTDESC19010_NEWS_LONG;$COUNTRY$ $CAPITAL$: 우리 $COUNTRY$ 정부가 행진을 발표했습니다. 이 행사에는 $FROMCOUNTRY$의 육군과 해군이 반짝이는 단추와 꽉 끼는 바지를 뽐내며 $CAPITAL$ 거리를 행진해 군사 분야에서의 새로운 기술적 진보를 보여줄 예정입니다. 그들이 자부하는 문화적 장식품 또한 행진을 뽐낼 것이고, 이렇게 되면 그들이 문학, 음악, 예술에 재주가 있음을 부인하지 못하게 됩니다. 아직 외국 고관 초청 여부는 미정이라고 합니다.;;;;;;;;;;;;;
EVTDESC19010_NEWS_MEDIUM;$CAPITAL$: 우리 $COUNTRY$ 정부가 행진을 발표했습니다. 이 행사에는 $FROMCOUNTRY$의 육군과 해군이 반짝이는 단추와 꽉 끼는 바지를 뽐내며 $CAPITAL$ 거리를 행진해 군사 분야에서의 새로운 기술적 진보를 보여줄 예정입니다.;;;;;;;;;;;;;
EVTDESC19010_NEWS_SHORT;$COUNTRY$ $CAPITAL$: 우리 $COUNTRY$ 정부가 행진을 발표했습니다. 소식통에 따르면 외국 고관 초청 여부는 미정이라고 합니다.;;;;;;;;;;;;;
EVTDESC19030_NEWS_LONG;$CAPITAL$: 오스만 제국의 계속되는 쇠퇴로 인해 정세가 불안해진 아나톨리아 전역에 긴장감이 감돌고 있다고 합니다. 오스만 당국은 제국 내 비터키 지역에서의 민족주의 발흥과 반란에 대한 우려를 점점 높여가고 있습니다. 사람들은 이를 서유럽 국가들에 대한 상대적 후진성과 연관지어 제국의 소멸이 시간 문제라고 단정지은 듯 합니다. 게다가 오스만 당국이 기독교도들을 가혹하게 대했다는 소문이 퍼지자 $FROMCOUNTRY$은(는) 스스로를 동방기독교도의 보호자로 선언했습니다.;;;;;;;;;;;;;
EVTDESC19030_NEWS_MEDIUM;오스만 제국의 계속되는 쇠퇴로 인해 정세가 불안해진 아나톨리아 전역에 긴장감이 감돌고 있다고 합니다. 사람들은 제국의 종말은 시간 문제라고 단정한 듯 합니다. 게다가 $FROMCOUNTRY$은(는) 기독교도에 대한 가혹한 대우를 명분으로 스스로를 동방기독교도의 보호자로 선언했습니다.;;;;;;;;;;;;;
EVTDESC19030_NEWS_SHORT;오스만 제국의 쇠퇴로 인해 정세가 불안해진 아나톨리아 전역에 긴장감이 감돌자 $FROMCOUNTRY$이(가) 기독교도에 대한 가혹한 대우를 명분으로 스스로를 동방기독교도의 보호자로 선언했습니다.;;;;;;;;;;;;;
EVTDESC19046_NEWS_LONG;수천년 동안 발견되지 않았던 고대 이집트 왕들의 무덤을 계곡에서 발굴해냈습니다. 발굴대는 고대에 파라오였을 것으로 추정되는 한 젊은이의 시신이 수많은 훌륭한 공예품과 경이로운 재물에 둘러싸여 방부처리된채 보존돼 있던 것을 발견했습니다. 세간에서는 이것이 세기적이자 세계적인 발견이라는 추측이 무성합니다. 이집트학 부서는 열광적인 흥분과 경이로움으로 가득찼습니다. 이 무시무시한 미라는 추가적인 조사를 위해 서양으로 이송될 예정입니다.;;;;;;;;;;;;;
EVTDESC19046_NEWS_MEDIUM;우리 고고학자들이 수천년 동안 발견되지 않았던 이집트 왕들의 무덤을 발굴해냈습니다. 세간에서는 이것이 세기적이자 세계적인 발견이라는 추측이 무성합니다.;;;;;;;;;;;;;
EVTDESC19046_NEWS_SHORT;우리 고고학자들이 수천년 동안 발견되지 않았던 이집트 왕들의 무덤을 발굴해냈습니다. 어린 파라오의 시신은 수많은 훌륭한 공예품과 경이로운 재물에 둘러싸여 있었습니다.;;;;;;;;;;;;;
EVTDESC19310_NEWS_LONG;잠자는 거인 베이징이 깨어났습니다. 외교계에서는 중국을 강대국으로 취급하자는데 대체로 동의합니다. 중국 지도부는 자신들이 흥한 것이 천명을 받았기 때문이라고 말합니다. 그러나 유럽 각국 지도부는 서양의 사상과 관습을 받아들였기 때문이라고 주장합니다. 어쨌건간에 중국이라는 리바이어던의 잠재력은 무한하니 세계가 주목하는 것이 좋을 것입니다. 독자분들께 점점 더 걱정스러운 마음으로 주시할 것을 충고드립니다.;;;;;;;;;;;;;
EVTDESC19310_NEWS_MEDIUM;잠자는 거인 중국이 깨어났습니다. 외교계에서는 중국을 강대국으로 취급하자는데 대체로 동의합니다. 중국 지도부는 이것이 천명을 받았기 때문이라고 말하나 유럽 각국 지도부는 서양의 사상과 관습을 받아들였기 때문이라고 주장합니다.;;;;;;;;;;;;;
EVTDESC19310_NEWS_SHORT;잠자는 거인 베이징이 깨어났습니다. 외교계에서는 중국을 강대국으로 취급하자는데 대체로 동의합니다. 중국 지도부는 천명을 그 이유로 들었으나 유럽 각국 지도부는 서양의 사상과 관습 채택을 이유로 꼽았습니다.;;;;;;;;;;;;;
EVTDESC19320_NEWS_LONG;해가 떠오르는 땅 도쿄에 아침을 알릴 닭들이 되돌아왔습니다. 외교계에서는 일본을 세계의 강대국으로 취급하자는데 대체로 동의합니다. 몇 년 전 서구의 영향력과 접촉한 근면한 일본인들은 문화, 산업, 군사 분야에서 뛰어난 발전을 이루었습니다. 더이상 일본인들을 후진적인 야만인이라고 치부하고 무시할 수 없습니다. 정치 전문가들은 신일본이 아시아, 어쩌면 그 너머로의 확장을 시도할 수도 있다며 우려했습니다.;;;;;;;;;;;;;
EVTDESC19320_NEWS_MEDIUM;외교계에서는 일본을 세계의 강대국으로 취급하자는데 대체로 동의합니다. 더이상 일본인들을 불결하고 후진적인 야만인이라고 치부하고 무시할 수 없습니다.;;;;;;;;;;;;;
EVTDESC19320_NEWS_SHORT;외교계에서는 일본을 세계의 강대국으로 취급하자는데 대체로 동의합니다. 개항 이후 일본인들은 뛰어난 발전을 이루었습니다. 더이상 일본인들을 무시할 수 없습니다.;;;;;;;;;;;;;
EVTDESC19355_NEWS_LONG;지난 주에 학술토론회를 개최한 지정학자들이 민족주의 정서, 군사적 자부심, 새롭고 무시무시한 전쟁용 무기를 통해 광범위한 합의에 도달했습니다. 그들의 결론은 많은 강대국들이 관여하는 미래의 갈등이 '대전쟁'이라는 완전히 새로운 범주에 속할 가능성이 높다는 것을 의미합니다. 이들은 노골적인 합병은 여전히 가능성이 낮으며 더 큰 영토 변화, 모욕, 국가적 해방이 특징일 것으로 예상합니다. 인간의 고집, 독창성, 폭력적인 자연이 지구의 파괴로 이어질까요? 오직 시간만이 말해줄 것입니다.;;;;;;;;;;;;;
EVTDESC19355_NEWS_MEDIUM;지난 주에 학술토론회를 개최한 지정학자들이 새롭고 무시무시한 전쟁용 무기를 통해 강대국들이 관여하는 미래의 갈등이 '대전쟁'이라는 완전히 새로운 범주에 속할 가능성이 높다는 결론에 합의했습니다. 더 큰 영토 변화가 곧 일어날 것 같습니다.;;;;;;;;;;;;;
EVTDESC19355_NEWS_SHORT;지난 주 정치학자들이 학술토론회를 개최했습니다. 그들은 여러 강대국이 관여하는 미래의 갈등이 '대전쟁'이라는 완전히 새로운 전쟁을 낳을 가능성이 높다는 결론에 도달했다고 합니다.;;;;;;;;;;;;;
EVTDESC31100_NEWS_LONG;고고학자 하인리히 슐리만이 터키에서 잃어버린 고대의 도시 트로이의 유적을 발굴했습니다! 이 발견은 고고학자들을 고무하고 수백만명의 상상력을 사로잡았습니다. 슐리만은 히사를리크의 언덕을 발굴함으로써 청동기시대에서 로마시대에 이르는 수많은 고대 도시들을 발견했습니다. 이 곳에서 그가 발견한 발견물들에는 프리아모스의 보물이라는 이름이 붙었으며, 보관을 위해 베를린 박물관이 인수했습니다. 슐리만의 고고학적 성과는 영국 외교관인 프랭크 캘버트가 60년 이상을 이 지역에서 현장 작업에 보낸 것에 영감을 받았다고 합니다.;;;;;;;;;;;;;
EVTDESC31100_NEWS_MEDIUM;고고학자 하인리히 슐리만이 터키에서 잃어버린 고대의 도시 트로이의 유적을 발굴했습니다! 이 발견은 고고학자들을 고무하고 수백만명의 상상력을 사로잡았습니다. 이 곳에서 그가 발견한 발견물들에는 프리아모스의 보물이라는 이름이 붙었으며, 보관을 위해 베를린 박물관이 인수했습니다.;;;;;;;;;;;;;
EVTDESC31100_NEWS_SHORT;고고학자 하인리히 슐리만이 터키에서 잃어버린 고대의 도시 트로이의 유적을 발굴했습니다! 이 발견은 고고학자들을 고무하고 수백만명의 상상력을 사로잡았습니다.;;;;;;;;;;;;;
EVTDESC31102_NEWS_LONG;콘스탄티니예의 입지는 더이상 안전하지 않습니다. $COUNTRY$ 정부는 수도를 더 안전한 앙카라로 옮기기로 결정했습니다. 고도 앙카라는 신화 속의 프리지아 왕 미다스가 세운 도시로 유명합니다. 정작 역사가들은 정착촌의 형성이 프리지아의 통치보다 이전일 거라 추정하며 초기 하티 문명의 건설이 첫 흔적이라고 주장하지만요. 도시의 구시가지를 지배하는 오스만, 로마, 동로마시대의 건축물은 앙카라가 시대를 막론하고 문화적, 상업적으로 중요함을 증명합니다.;;;;;;;;;;;;;
EVTDESC31102_NEWS_MEDIUM;콘스탄티니예의 입지는 더이상 안전하지 않습니다. $COUNTRY$ 정부는 수도를 더 안전한 앙카라로 옮기기로 결정했습니다. 오스만, 로마, 동로마시대의 건축물이 도시의 구시가지를 지배한다는 사실은 앙카라가 시대를 막론하고 문화적, 상업적으로 중요함을 증명합니다.;;;;;;;;;;;;;
EVTDESC31102_NEWS_SHORT;콘스탄티니예의 입지는 더이상 안전하지 않습니다. $COUNTRY$ 정부는 수도를 더 안전한 앙카라로 옮기기로 결정했습니다.;;;;;;;;;;;;;
EVTDESC31307_NEWS_LONG;오스트리아의 황후 엘리자베트 폰 비텔스바흐가 이탈리아의 무정부주의자 루이지 루케니에게 암살당했습니다. 이 끔찍한 사건은 제네바의 베아우리파게 호텔에서 일어났습니다. "나는 신념상 무정부주의자입니다. 나는 황제를 죽이기 위해 제네바를 찾았습니다. 사람들에게 고통을 주며 그들의 사회적 지위를 신장하는데 아무 도움도 주지 않는 자들에게 본보기를 보이기 위해 말입니다. 내가 죽일 자가 누구인지는 문제가 아니였습니다. 내가 쏜 것은 그냥 여자가 아니라 황후였습니다. 내가 기대해왔던 왕관을 썼었던." 그는 이렇게 말한 후에 자신이 저지른 잔학행위를 설명했다고 합니다.;;;;;;;;;;;;;
EVTDESC31307_NEWS_MEDIUM;오스트리아의 황후 엘리자베트 폰 비텔스바흐가 이탈리아의 무정부주의자 루이지 루케니에게 암살당했습니다. 이 끔찍한 사건은 제네바의 베아우리파게 호텔에서 일어났습니다. "내가 쏜 것은 그냥 여자가 아니라 황후였습니다. 내가 기대해왔던 왕관을 썼었던." 그는 이렇게 말했습니다.;;;;;;;;;;;;;
EVTDESC31307_NEWS_SHORT;오스트리아의 황후 엘리자베트 폰 비텔스바흐가 이탈리아의 무정부주의자 루이지 루케니에게 암살당했습니다. 이 끔찍한 사건은 제네바의 베아우리파게 호텔에서 일어났습니다.;;;;;;;;;;;;;
EVTDESC31308_NEWS_LONG;$COUNTRY$: 사회주의 인터내셔널이 제1차 세계대전이 발발한 1914년 8월 이후 처음으로 치머발트에서 회의를 열었습니다. 이 대전쟁으로 인해 발생한 참혹한 사상자를 목도한 회의 참석자들은 세계대전을 제국주의에 기인한 끔찍한 결과라고 비난했으며 노동자들에게 전쟁 수행에 저항할 것을 요구했습니다. 이탈리아에서 라차리와 모딜리아니가, 러시아에서 레닌과 보브로프가, 독일에서 레데보우어와 호프만이, 프랑스에서 보르도롱과 메르하임이 참가하는 등 사회주의 운동의 저명한 지도자들이 이 회의에 모였습니다.;;;;;;;;;;;;;
EVTDESC31308_NEWS_MEDIUM;$COUNTRY$: 사회주의 인터내셔널이 제1차 세계대전이 발발한 1914년 8월 이후 처음으로 치머발트에서 회의를 열었습니다. 이 대전쟁으로 인해 발생한 참혹한 사상자를 목도한 회의 참석자들은 세계대전을 제국주의에 기인한 끔찍한 결과라고 비난하도록 만들었습니다.;;;;;;;;;;;;;
EVTDESC31308_NEWS_SHORT;$COUNTRY$: 사회주의 인터내셔널이 제1차 세계대전이 발발한 1914년 8월 이후 처음으로 치머발트에서 회의를 열었습니다.;;;;;;;;;;;;;
EVTDESC31310_NEWS_LONG;$COUNTRY$: 16개국이 전투 중에 발생하는 부상병의 수를 개선하기 위해 제네바 협약에 서명했습니다. 그들은 적십자사의 상징으로 스위스 국기를 반전한 하얀 바탕에 붉은 십자가를 선택했습니다. 1818년 워털루에서 나폴레옹이 몰락한 후, 1859년 이탈리아 북부에서 그의 조카가 40년 동안의 평화를 부수고 벌인 군사작전은 많은 이들에게 충격을 주었습니다. 스위스의 사업가이자 구호활동가인 앙리 뒤낭도 이탈리아에서 수만명의 부상병들의 끔찍한 상황을 목격한 바 있습니다.;;;;;;;;;;;;;
EVTDESC31310_NEWS_MEDIUM;$COUNTRY$: 16개국이 전투 중에 발생하는 부상병의 수를 개선하기 위해 제네바 협약에 서명했습니다. 스위스의 사업가이자 구호활동가인 앙리 뒤낭은 이들의 고통을 덜어주기 위해 국제법을 고안했습니다.;;;;;;;;;;;;;
EVTDESC31310_NEWS_SHORT;$COUNTRY$: 16개국이 전투 중에 발생하는 부상병의 수를 개선하기 위해 제네바 협약에 서명했습니다. 그들은 적십자사의 상징으로 스위스 국기를 반전한 하얀 바탕에 붉은 십자가를 선택했습니다;;;;;;;;;;;;;
EVTDESC36600_NEWS_LONG;스웨덴의 소프라노 옌뉘 린드는 1820년 스톡홀름에서 태어났습니다. 오페라 <마탄의 사수>로 데뷔한 린느는 1838년엔 스톡홀름에서, 1840년대 중반에는 유럽과 미국에까지 명성을 떨쳤습니다. 린드는 정교한 표현력, 놀라운 발성, 그리고 성실하고 자연스러우며 겸손한 태도 덕분에 큰 인기를 구가했습니다. 심지어 콘서트와 오페라 출연을 통해 벌어들인 돈의 상당부분을 자선단체에 기부하기도 했습니다.;;;;;;;;;;;;;
EVTDESC36600_NEWS_MEDIUM;스웨덴의 소프라노 옌뉘 린드는 1820년 스톡홀름에서 태어났습니다. 오페라 <마탄의 사수>로 데뷔한 린느는 1838년엔 스톡홀름에서, 1840년대 중반에는 유럽과 미국에까지 명성을 떨쳤습니다.;;;;;;;;;;;;;
EVTDESC36600_NEWS_SHORT;오페라 <마탄의 사수>로 데뷔한 소프라노 가수 옌뉘 린느가 1838년엔 스톡홀름에서, 1840년대 중반에는 유럽과 미국에까지 명성을 떨쳤습니다.;;;;;;;;;;;;;
EVTDESC36611_NEWS_LONG;스웨덴인 작가 아우구스트 스트린드베리(1849-1912)는 세계 문학계의 거장입니다. 그는 극작가이자 소설가이자 단편 작가로서 자연주의, 심리학, 신비주의를 결합해 분노와 천재성을 발휘했습니다. 1879년에 출판한 <붉은 방>은 그에게 명성을 안겨줬습니다. 붉은 방은 1870년대 후반 당시 스웨덴의 제도와 상황을 풍자한 소설입니다. 여러 얼굴을 가졌던 그는 자립한 여성을 광적으로 혐오하는 한편 과학과 비술에도 관심을 가졌었습니다. 심지어 그림, 사진, 연금술에도 손을 댄 적이 있습니다!;;;;;;;;;;;;;
EVTDESC36611_NEWS_MEDIUM;스웨덴인 작가 아우구스트 스트린드베리(1849-1912)는 세계 문학계의 거장입니다. 그는 극작가이자 소설가이자 단편 작가로서 자연주의, 심리학, 신비주의를 결합해 분노와 천재성을 발휘했습니다.;;;;;;;;;;;;;
EVTDESC36611_NEWS_SHORT;스웨덴인 작가 아우구스트 스트린드베리(1849-1912)는 세계 문학계의 거장입니다. 그는 극작가이자 소설가이자 단편 작가로서 분노와 천재성을 발휘했습니다. ;;;;;;;;;;;;;
EVTDESC37700_NEWS_LONG;마드리드의 $COUNTRY$ 정부가 세입을 늘리기 위해 교회의 재산을 몰수하거나 무상으로 매각하도록 명령했습니다. 또한 정부는 천주교 교회의 면세특권을 폐지하는 대가로 교회의 유지비를 부담하기로 합의했습니다. 많은 자유주의자들은 교회가 최근 내전에서 카를리스타 편을 들었다고 여겼으며, 거의 사용하지 않는 수도승들의 재산을 몰수하거나 매각한 행위를 정의롭고 토지의 생산적인 사용을 장려할 기회로 여겼습니다.;;;;;;;;;;;;;
EVTDESC37700_NEWS_MEDIUM;마드리드의 $COUNTRY$ 정부가 세입을 늘리기 위해 교회의 재산을 몰수하거나 무상으로 매각하도록 명령했습니다. 또한 정부는 천주교 교회의 면세특권을 폐지하는 대가로 교회의 유지비를 부담하기로 합의했습니다.;;;;;;;;;;;;;
EVTDESC37700_NEWS_SHORT;마드리드의 $COUNTRY$ 정부가 세입을 늘리기 위해 교회의 재산을 몰수하거나 무상으로 매각하도록 명령했습니다.;;;;;;;;;;;;;
EVTDESC37701_NEWS_LONG;베네수엘라인 나르시소 로페스 장군이 쿠바 에스파냐 총독부에게 처형됐습니다. 그는 쿠바를 미국에 넘길 반란을 선동하기 위해 소수의 병력을 이끌고 상륙했지만, 반란은 주민의 지지 부족으로 실패했습니다. 에프파냐의 혹독한 포로 대우는 미국의 남북부 모두에서, 심지어 원정을 지지하지 않았던 사람들에게서도 분노의 물결을 일으켰습니다. 로페즈의 노력은 비극적인 결과를 낳았지만, 중남아메리카 전역의 다른 많은 의사방해꾼들에게 영감을 주었습니다.;;;;;;;;;;;;;
EVTDESC37701_NEWS_MEDIUM;베네수엘라인 나르시소 로페스 장군이 쿠바 에스파냐 총독부에게 처형됐습니다. 그는 쿠바를 미국에 넘길 반란을 선동하기 위해 소수의 병력을 이끌고 상륙했지만, 반란은 주민의 지지 부족으로 실패했습니다.;;;;;;;;;;;;;
EVTDESC37701_NEWS_SHORT;베네수엘라인 나르시소 로페스 장군이 쿠바 에스파냐 총독부에게 처형됐습니다. 그는 쿠바를 미국에 넘길 반란을 선동하기 위해 소수의 병력을 이끌고 상륙했습니다.;;;;;;;;;;;;;
EVTDESC37706_NEWS_LONG;에스파냐의 화가 파블로 피카소는 회화에 대한 전통적인 발상을 버리고 조각과 아프리카 예술의 영향을 받은 훨씬 구상적인 양식을 사용하기 시작했습니다. 20세기의 거장 예술가로 꼽히는 그는 생애의 대부분을 프랑스에서 보냈습니다. 그는 입체파의 공동 창시자로 유명합니다. 뛰어난 재능을 가지고 태어난 피카소는 어린 시절과 사춘기 동안 사실적인 그림을 그렸고, 이는 이후에 더 추상적이고 실험적인 형태로 발전했습니다.;;;;;;;;;;;;;
EVTDESC37706_NEWS_MEDIUM;에스파냐의 화가 파블로 피카소는 회화에 대한 전통적인 발상을 버리고 조각과 아프리카 예술의 영향을 받은 훨씬 구상적인 양식을 사용하기 시작했습니다. 그는 어린 시절과 사춘기 동안 사실적인 그림을 그렸고, 이는 이후에 더 추상적이고 실험적인 형태로 발전했습니다.;;;;;;;;;;;;;
EVTDESC37706_NEWS_SHORT;에스파냐의 화가 파블로 피카소는 회화에 대한 전통적인 발상을 버리고 조각과 아프리카 예술의 영향을 받은 훨씬 구상적인 양식을 사용하기 시작했습니다.;;;;;;;;;;;;;
EVTDESC32500_NEWS_LONG;$COUNTRY$: 러시아 문학을 다른 유럽 국가들과 어깨를 나란히 하도록 발전시킨 러시아 현대문학의 거장 알렉산드르 푸시킨은 <예브게니 오네긴>, <보리스 고두노프>, '대위의 딸>과 같은 작품으로 유명합니다. 당국의 눈 밖에 난데다 빚더미에 앉은 그는 1837년 2월 프랑스인 이민자 조르주 당테스를 아내 나탈리야의 염문에 대한 범인으로 지목해 결투를 신청했고, 결국 결투에서 입은 상처로 인해 사망했습니다. 러시아 정부는 정치적 시위를 우려해 그의 장례식 장소를 옮기고 조문객의 활동을 제한했습니다.;;;;;;;;;;;;;
EVTDESC32500_NEWS_MEDIUM;$COUNTRY$: 러시아 문학을 다른 유럽 국가들과 어깨를 나란히 하도록 발전시킨 러시아 현대문학의 거장 알렉산드르 푸시킨은 <예브게니 오네긴>, <보리스 고두노프>, '대위의 딸>과 같은 작품으로 유명합니다.;;;;;;;;;;;;;
EVTDESC32500_NEWS_SHORT;$COUNTRY$: 러시아 문학을 발전시킨 거장 알렉산드르 푸시킨은 <예브게니 오네긴>, '보리스 고두노프>와 같은 작품으로 유명합니다.;;;;;;;;;;;;;
EVTDESC32505_NEWS_LONG;$COUNTRY$: 1880년 표도르 도스토예프스키는 대표작 <카라마조프의 형제들>을 완성했습니다. 문학사를 통틀어 가장 인상적인 작품이라는 평을 받는 <카라마조프의 형제>는 사회주의자에서 기독교적 인도주의자로의 사상적 변화를 겪은 자신의 사상을 집대성한 희극입니다. 이 작품은 희극이면서도 지금까지 집필된 작품 중에서 가장 심각한 희극입니다. 도스토예프스키의 작품은 러시아뿐만 아니라 서양 전역, 그리고 문학계 뿐만 아니라 철학계와 종교계에도 큰 영향력을 발휘했습니다.;;;;;;;;;;;;;
EVTDESC32505_NEWS_MEDIUM;$COUNTRY$: 1880년 표도르 도스토예프스키는 대표작 <카라마조프의 형제들>을 완성했습니다. 도스토예프스키의 작품은 러시아뿐만 아니라 서양 전역, 그리고 문학계 뿐만 아니라 철학계와 종교계에도 큰 영향력을 발휘했습니다.;;;;;;;;;;;;;
EVTDESC32505_NEWS_SHORT;$COUNTRY$: 1880년 표도르 도스토예프스키는 대표작 <카라마조프의 형제들>을 완성했습니다. 도스토예프스키의 작품은 러시아뿐만 아니라 서양 전역에 큰 영향력을 발휘했습니다.;;;;;;;;;;;;;
EVTDESC35700_NEWS_LONG;로마 바티칸: 교황 레오 13세가 '자본과 노동의 권리와 의무'에 관해 발표한 회칙은 '레룸노바룸(새로운 사태)'이라는 표어로 시작합니다. 회칙의 분석에 따르면 사회주의 혁명적 변화의 정신이 그 어느 때보다 많은 분야에 퍼졌습니다. 회칙이 말하는 분명한 분쟁 원인은 제조업의 대확장으로 인한고용주과 노동자간의 관계 변화, 소수 억만장자의 재산 축적, 민중의 극빈곤, 도덕적 타락의 지배입니다.;;;;;;;;;;;;;
EVTDESC35700_NEWS_MEDIUM;로마 바티칸: 교황 레오 13세가 '자본과 노동의 권리와 의무'에 관해 발표한 회칙은 '레룸노바룸(새로운 사태)'이라는 표어로 시작합니다. 회칙은 분석을 통해 사회주의 혁명적 변화의 정신이 그 어느 때보다 많은 분야에 퍼졌다고 경고했습니다.;;;;;;;;;;;;;
EVTDESC35700_NEWS_SHORT;로마 바티칸: 교황 레오 13세가 '자본과 노동의 권리와 의무'에 관해 발표한 회칙을 통해 사회주의 혁명적 변화의 정신이 그 어느 때보다 많은 분야에 퍼졌음을 경고했습니다.;;;;;;;;;;;;;
EVTDESC38500_NEWS_LONG;1840년 오만에서 최초로 신대륙까지 항해한 선박 술타나호가 뉴욕에 도착했습니다. 배에 상선했던 사위드 이븐 술탄의 대리인은 미국인과의 무역 및 미국 정부와의 회담을 가졌습니다. 동생과의 공동 통치를 박탈한 사위드 이븐 술탄은 수도를 오만 무스카트에서 잔지바르 스톤타운으로 옮겼습니다. 그는 영국, 프랑스, 미국과의 무역 협정을 추구하는 매우 적극적인 외교 정책으로 유명합니다. 그는 런던의 요청을 받아들여 통치 전에 오만의 주요 산업인 노예제를 자신의 신민들 앞에서 불법화했습니다.;;;;;;;;;;;;;
EVTDESC38500_NEWS_MEDIUM;1840년 오만에서 최초로 신대륙까지 항해한 선박 술타나호가 뉴욕에 도착했습니다. 배에 상선했던 사위드 이븐 술탄의 대리인은 미국인과의 무역 및 미국 정부와의 회담을 가졌습니다.;;;;;;;;;;;;;
EVTDESC38500_NEWS_SHORT;1840년 오만에서 최초로 신대륙까지 항해한 선박 술타나호가 뉴욕에 도착했습니다. 배에 상선했던 사위드 이븐 술탄의 대리인은 미국과의 무역에 나섰습니다.;;;;;;;;;;;;;
EVTDESC36400_NEWS_LONG;노르웨이의 화가 에드바르드 뭉크(1863-1944)는 표현주의와 상징주의의 발전에 크게 공헌했습니다. 그의 작품들은 사회의 상류층에게 심한 충격을 주어 한동안 전시를 금지당하기도 했습니다. 그의 그림은 사회의 불우한 이들이 처한 상황에 대한 인식을 향상했습니다. '다른 예술가들과는 달리, 그는 무엇이 필요한지, 그리고 자신이 그리는 것을 봅니다' 한 친구가 그를 변호했습니다. 뭉크의 작품 중 가장 상징적이고 유명한 4연작 <절규>는 사상 최고의 경매가에 팔렸습니다.;;;;;;;;;;;;;
EVTDESC36400_NEWS_MEDIUM;뭉크의 작품 중 가장 상징적이고 유명한 4연작 <절규>가 사상 최고의 경매가에 팔렸습니다.;;;;;;;;;;;;;
EVTDESC36400_NEWS_SHORT;노르웨이의 화가 에드바르드 뭉크(1863-1944)는 표현주의와 상징주의의 발전에 크게 공헌했습니다. 그의 작품들은 사회의 상류층에게 심한 충격을 주어 한동안 전시를 금지당하기도 했습니다.;;;;;;;;;;;;;
EVTDESC36401_NEWS_LONG;농부의 아들로 태어난 교사 이바르 오센(1813-1896)은 노르웨이어에 짙게 밴 덴마크어의 영향을 배제해야 한다고 여겼습니다. 그는 '새로운 노르웨이어(란스몰)'의 문법집과 사전을 편찬해냈습니다. 그의 시들은 시골을 중심으로 대중적인 인기를 얻었습니다. 비록 그의 구어체 성문화는 그가 돕고자 하는 사람들을 교육하는데 거의 도움을 주지 못했지만, 그가 지은 시들 중 많은 수가 인기 있는 노래로 다시 태어났습니다. 그가 죽기 직전, 노르웨이 의회는 그의 새 언어를 공식적으로 인정했습니다.;;;;;;;;;;;;;
EVTDESC36401_NEWS_MEDIUM;농부의 아들로 태어난 교사 이바르 오센(1813-1896)은 노르웨이어에 짙게 밴 덴마크어의 영향을 배제해야 한다고 여겼습니다. 그는 '새로운 노르웨이어(란스몰)'의 문법집과 사전을 편찬해냈습니다. 그의 시들은 시골을 중심으로 대중적인 인기를 얻었습니다.;;;;;;;;;;;;;
EVTDESC36401_NEWS_SHORT;농부의 아들로 태어난 교사 이바르 오센(1813-1896)은 노르웨이어에 짙게 밴 덴마크어의 영향을 배제해야 한다고 여겼습니다. 그는 '새로운 노르웨이어(란스몰)'의 문법집과 사전을 편찬해냈습니다.;;;;;;;;;;;;;
EVTDESC44000_NEWS_LONG;개항한 하와이에 외래질병이 유행하기 시작했습니다. 그런 질병 중 하나가 문둥병이었습니다. 사람들은 문둥병에 전염성이 있다며 두려워했습니다. 그 결과 몰로카이섬에 문둥이 수용시설이 세워졌습니다. 벨기에인 선교사인 다미안 신부는 섬에서 수년 동안 환자들과 함께 살아가면서 그들을 도왔습니다. 그는 16년 동안 환자들을 도왔으며, 병을 앓다가 세상을 떠났습니다. 사람들은 그를 진정한 헌신자로 여깁니다. ;;;;;;;;;;;;;
EVTDESC44000_NEWS_MEDIUM;개항한 하와이에 외래질병이 유행하기 시작했습니다. 그런 질병 중 하나가 문둥병이었습니다. 사람들은 문둥병에 전염성이 있다며 두려워했습니다. 그 결과 몰로카이섬에 문둥이 수용시설이 세워졌습니다.;;;;;;;;;;;;;
EVTDESC44000_NEWS_SHORT;개항한 하와이에 외래질병이 유행하기 시작했습니다. 그런 질병 중 하나가 문둥병이었습니다. 그 결과 몰로카이섬에 문둥이 수용시설이 세워졌습니다.;;;;;;;;;;;;;
EVTDESC36204_NEWS_LONG;1848년 덴마크령 서인도제도의 노예들이 반란을 일으켰습니다. 총독 페터 칼 프레데리크 본 숄텐은 무력을 사용해 반란을 진압하는 대신 그들을 해방하기로 결정했습니다. 본 숄텐은 1847년에 제정한 노예의 2세는 해방해야 한다고 명시했던 법을 근거로 인용했습니다. 노예제에 대한 그의 견해에도 영향을 준 것은 학자들의 동의와 유색인종 안나 헤가르드와의 동거였습니다. 본 숄텐의 행동은 농장주들의 저항에 부딪혔으며, 덴마크로 소환돼 재판에 넘겨지기도 했으나, 이후 대법원에서 무죄를 선고받았습니다.;;;;;;;;;;;;;
EVTDESC36204_NEWS_MEDIUM;1848년 덴마크령 서인도제도의 노예들이 반란을 일으켰습니다. 이 결정으로 인해 덴마크로 소환돼 재판에 넘겨지기도 했으나, 이후 대법원에서 무죄를 선고받았습니다.;;;;;;;;;;;;;
EVTDESC36204_NEWS_SHORT;1848년 덴마크령 서인도제도의 노예들이 반란을 일으켰습니다. 총독 페터 칼 프레데리크 본 숄텐은 무력을 사용해 반란을 진압하는 대신 그들을 해방하기로 결정했습니다.;;;;;;;;;;;;;
EVTDESC36217_NEWS_LONG;1843년에 덴마크인 작가이자 철학자인 키에르케고르가 철학서 <이것이냐 저것이냐>를 출판했습니다. 키에르케고르는 일반적으로 실존주의 철학자의 창시자로 여겨집니다. 그는 자신의 신학적 관점을 다음과 같이 설명했습니다. '신은 인간과 다르며, 때문에 신에게는 자신의 대의명분이 승리했는지를 보여주는 눈에 보이는 증거가 중요하지 않습니다. 신은 오히려 다행스럽게도 비밀스럽게 봅니다. 신은 여러분이 새롭게 배울 수 있도록 도와줄 존재입니다. 신 덕분에 여러분은 눈에 보이는 증거만을 고집하는 세속적인 시각에서 벗어날 수 있습니다.';;;;;;;;;;;;;
EVTDESC36217_NEWS_MEDIUM;1843년에 덴마크인 작가이자 철학자인 키에르케고르가 철학서 <이것이냐 저것이냐>를 출판했습니다. 그는 자신의 신학적 관점을 다음과 같이 설명했습니다. '신에게는 자신의 대의명분이 승리했는지를 보여주는 눈에 보이는 증거가 중요하지 않습니다. 신은 오히려 다행스럽게도 비밀스럽게 봅니다.';;;;;;;;;;;;;
EVTDESC36217_NEWS_SHORT;1843년에 덴마크인 작가이자 철학자인 키에르케고르가 철학서 <이것이냐 저것이냐>를 출판했습니다. 키에르케고르는 일반적으로 실존주의 철학자의 창시자로 여겨집니다. ;;;;;;;;;;;;;
EVTDESC90900_NEWS_LONG;수년간 굴욕적인 조약, 착취, 협박을 받아왔음에도 $COUNTRY$은(는) 이제 서방 강대국들과 대등한 위치에 올라섰습니다. 깨어난 용이 세상을 뒤흔들지도 모릅니다. 학교와 공장의 설립이 속도를 내고 있으며, 육군 및 해군에 관한 군사개혁은 서구 국가들과 맞먹는 군사력을 보장했으며, 제도개혁은 국가의 통치력을 효율적으로 만들었습니다. 이제 방대한 자원과 인구를 가진 중국인들은 자신들이 강대국들의 일원으로 성장했음을 머지않아 깨달을 것입니다.;;;;;;;;;;;;;
EVTDESC90900_NEWS_MEDIUM;수년간 굴욕적인 조약, 착취, 협박을 받아왔음에도 $COUNTRY$은(는) 이제 서방 강대국들과 대등한 위치에 올라섰습니다. 이제 중국인들은 자신들이 강대국들의 일원으로 성장했음을 머지않아 깨달을 것입니다.;;;;;;;;;;;;;
EVTDESC90900_NEWS_SHORT;수년간 굴욕적인 조약, 착취, 협박을 받아왔음에도 $COUNTRY$은(는) 이제 서방 강대국들과 대등한 위치에 올라섰습니다. 깨어난 용이 세상을 뒤흔들지도 모릅니다.;;;;;;;;;;;;;
EVTDESC90902_NEWS_LONG;중국이 분열했습니다. 한때 하나였던 그들은 자원과 사람을 갈라놓으며 무너졌습니다. 강대국이 될 수도 있었던 중국은, 이제 기껏해야 서구가 아닌 서로와 경쟁하는 여러 지역세력으로 나뉠 것이고, 힘을 갖고 단결해 강대국을 거부하지 않는, 서구가 조종하는 괴뢰국의 집합이 될 것입니다. 하지만 산업과 군사력을 통해 작은 나라들 중 하나가 다른 나라들보다 앞서서 자신들의 깃발 아래 그들을 규합하여 용을 깨우고 세계를 뒤흔들지도 모릅니다.;;;;;;;;;;;;;
EVTDESC90902_NEWS_MEDIUM;중국이 분열했습니다. 한때 하나였던 그들은 자원과 사람을 갈라놓으며 무너졌습니다. 강대국이 될 수도 있었던 중국은, 이제 기껏해야 서구가 아닌 서로와 경쟁하는 여러 지역세력으로 나뉠 것입니다.;;;;;;;;;;;;;
EVTDESC90902_NEWS_SHORT;;중국이 분열했습니다. 한때 하나였던 그들은 자원과 사람을 갈라놓으며 무너졌습니다. 강대국이 될 수도 있었던 중국은 서로와 경쟁하는 여러 지역세력으로 나뉘었습니다.;;;;;;;;;;;;;
EVTDESC37201_NEWS_LONG;$COUNTRY$: 1836년 나폴레옹 보나파르트의 의뢰를 받은 장 샬그랭이 설계한 파리의 개선문이 30년간의 공사 끝에 시민에게 모습을 드러냈습니다. 고대 로마의 개선문에 영향을 받은 이 전승기념비는 프랑스 혁명전쟁과 나폴레옹이 승리한 전경을 그렸습니다. 당시까지 존재하던 개선문을 통틀어 가장 큰 개선문입니다. 12갈래로 갈라진 방사형 도로의 중앙인 센강 우안에 위치하며, 높이 50m, 폭 45m, 깊이 22m입니다.;;;;;;;;;;;;;
EVTDESC37201_NEWS_MEDIUM;$COUNTRY$: 1836년 나폴레옹 보나파르트의 의뢰를 받은 장 샬그랭이 설계한 파리의 개선문이 30년간의 공사 끝에 시민에게 모습을 드러냈습니다. 고대 로마의 개선문에 영향을 받은 이 전승기념비는 프랑스 혁명전쟁과 나폴레옹이 승리한 전경을 그렸습니다.;;;;;;;;;;;;;
EVTDESC37201_NEWS_SHORT;$COUNTRY$: 1836년 나폴레옹 보나파르트의 의뢰를 받은 장 샬그랭이 설계한 파리의 개선문이 30년간의 공사 끝에 시민에게 모습을 드러냈습니다.;;;;;;;;;;;;;
EVTDESC37204_NEWS_LONG;1821년 유배지 세인트헬레나에서 죽어 그곳에 묻혔던 나폴레옹 보나파르트의 시신이 1840년 12월에 프랑스로 돌아갔습니다. 파리 앵발리드에서 열린 장례식에는 며칠 동안 수십만 명이 방문해 그에게 경의를 표했습니다. 나폴레옹의 마지막 소망은 '센느강둑에 묻혀 [짐]이 정말 사랑하는 프랑스 사람들 한가운데에 있기'를 간청하는 것이었습니다. 나폴레옹의 시체는 아우스테를리츠와 마렝고에서 착용했던 바로 그 검과 함께 천장없는 둥근 토굴에서 두개의 대리석 석판으로 만든 석관 속에서 영면에 빠졌습니다.;;;;;;;;;;;;;
EVTDESC37204_NEWS_MEDIUM;1821년 유배지 세인트헬레나에서 죽어 그곳에 묻혔던 나폴레옹 보나파르트의 시신이 1840년 12월에 프랑스로 돌아갔습니다. 파리 앵발리드에서 열린 장례식에는 며칠 동안 수십만 명이 방문해 그에게 경의를 표했습니다.;;;;;;;;;;;;;
EVTDESC37204_NEWS_SHORT;1821년 세인트헬레나에 묻혔던 나폴레옹 보나파르트의 시신이 1840년 12월에 프랑스로 돌아갔습니다. 수십만 명이 그에게 경의를 표했습니다.;;;;;;;;;;;;;
EVTDESC37213_NEWS_LONG;$COUNTRY$: 1835년 알렉시 드 토크빌이 <미국의 민주주의>를 출판했습니다. 이 책은 출판하자마자 미국과 프랑스 모두에서 즉시 고전의 반열에 올랐습니다. 이 책에서 그는 오늘날 유럽인들에게 수수께끼 자체인 미국인들의 소송을 일삼는 관습과 종교성에 주목했습니다. 토크빌은 여러 '고전'을 남기는 명예를 얻은 몇 안 되는 사학자입니다. 그는 죽기 딱 3년전인 1856년에 또 다른 명작인 <구체제와 프랑스 혁명>을 출판했습니다.;;;;;;;;;;;;;
EVTDESC37213_NEWS_MEDIUM;$COUNTRY$: 1835년 알렉시 드 토크빌이 <미국의 민주주의>를 출판했습니다. 이 책은 출판하자마자 미국과 프랑스 모두에서 즉시 고전의 반열에 올랐습니다. 토크빌은 여러 '고전'을 남기는 명예를 얻은 몇 안 되는 사학자입니다.;;;;;;;;;;;;;
EVTDESC37213_NEWS_SHORT;$COUNTRY$: 1835년 알렉시 드 토크빌이 <미국의 민주주의>를 출판했습니다. 이 책은 출판하자마자 미국과 프랑스 모두에서 즉시 고전의 반열에 올랐습니다.;;;;;;;;;;;;;
EVTDESC37216_NEWS_LONG;$COUNTRY$: 1894년, 프랑스 육군 참모본부 정보국이 독일 대사관의 우편함에서 프랑스 육군의 기밀문서를 첨부한 명세서를 입수했습니다. 의혹의 화살표는 유대인 대위 알프레드 드레퓌스를 향했고, 군법회의는 그에게 반역죄로 무기징역을 선고했으며 악마섬으로 유배를 보냈습니다. 드레퓌스는 자신은 편지를 쓰지 않았으며 결백하다고 항의했지만 아무런 소용이 없었습니다.;;;;;;;;;;;;;
EVTDESC37216_NEWS_MEDIUM;$COUNTRY$: 1894년, 프랑스 육군 참모본부 정보국이 독일 대사관의 우편함에서 프랑스 육군의 기밀문서를 첨부한 명세서를 입수했습니다. 의혹의 화살표는 유대인 대위 알프레드 드레퓌스를 향했고, 그는 무기징역을 선고받아 악마섬으로 유배갔습니다.;;;;;;;;;;;;;
EVTDESC37216_NEWS_SHORT;$COUNTRY$: 1894년, 프랑스 육군 참모본부 정보국이 독일 대사관의 우편함에서 프랑스 육군의 기밀문서를 첨부한 명세서를 편지를 입수했습니다. 드레퓌스는 결백하다고 항의했지만 아무런 소용이 없었습니다.;;;;;;;;;;;;;
EVTDESC37217_NEWS_LONG;$COUNTRY$: 1896년 피카르 대령이 드레퓌스를 유배보낸 명세서의 작성자가 에스테라지 소령임을 가리키는 증거를 발견했습니다. 그러나 정작 군법회의는 소령에게 무죄판결을 내렸습니다. 에밀 졸라는 프랑스 대통령에게 보낸 공개 서한에서 국방부가 판사들에게 에스타라지의 무죄방면을 명령했다며 비난했습니다. 1898년 이후에는 드레퓌스를 유죄로 몰았던 많은 증거들이 조작이었음이 차례차례 밝혀졌습니다.;;;;;;;;;;;;;
EVTDESC37217_NEWS_MEDIUM;$COUNTRY$: 1896년 피카르 대령이 드레퓌스를 유배보낸 명세서의 작성자가 에스테라지 소령임을 가리키는 증거를 발견했습니다. 그러나 정작 군법회의는 소령에게 무죄판결을 내렸습니다. 에밀 졸라는 국방부가 판사들에게 에스타라지의 무죄방면을 명령했다며 비난했습니다.;;;;;;;;;;;;;
EVTDESC37217_NEWS_SHORT;$COUNTRY$: 1896년 피카르 대령이 드레퓌스를 유배보낸 명세서의 작성자가 에스테라지 소령임을 가리키는 증거를 발견했습니다.;;;;;;;;;;;;;
EVTDESC37218_NEWS_LONG;$COUNTRY$: 1899년 드레퓌스를 유죄로 몰았던 많은 증거들이 조작이었음이 차례차례 밝혀지자 고등법원이 재심을 열었습니다. 그러나 감형만 했을 뿐 유죄판결을 유지하자 여론이 들끓었습니다. 이에 대통령은 즉각적으로 사면령을 내렸으며, 1906년에는 무죄판결을 선고했습니다. 그러나 이 사건의 결과로 교관반대주의와 반군국주의의 목소리가 높아졌으며, 프랑스 좌파들을 단결시켰습니다.;;;;;;;;;;;;;
EVTDESC37218_NEWS_MEDIUM;$COUNTRY$: 1899년 드레퓌스를 유죄로 몰았던 많은 증거들이 조작이었음이 차례차례 밝혀지자 고등법원이 재심을 열었습니다. 그러나 감형만 했을 뿐 유죄판결을 유지하자 여론이 들끓었습니다.;;;;;;;;;;;;;
EVTDESC37218_NEWS_SHORT;$COUNTRY$: 1899년 드레퓌스를 유죄로 몰았던 많은 증거들이 조작이었음이 차례차례 밝혀지자 고등법원이 재심을 열었습니다. 그러나 유죄판결을 유지하자 여론이 들끓었습니다.;;;;;;;;;;;;;
EVTDESC37220_NEWS_LONG;$COUNTRY$: 방앗간 주인의 14살짜리 딸 베르나데타 수비루가 피레네강 북쪽의 작은 마을 루르드 근처의 동굴에서 성모 마리아의 환영과 처음 마주했습니다. 비록 사적인 곳에서 일어난데다 대중 앞에서 계시를 받지도 않았음에도, 천주교 측은 조사를 통해 1864년 그 환영을 인정했습니다. 루르드는 천주교도들의 성지순례의 목적지 중 하나로 자리잡았습니다. 풍문에 따르면 성모 마리아가 가리킨 물이 기도와 결합하면 치유 능력을 보인다고들 말합니다.;;;;;;;;;;;;;
EVTDESC37220_NEWS_MEDIUM;$COUNTRY$: 방앗간 주인의 14살짜리 딸 베르나데타 수비루가 피레네강 북쪽의 작은 마을 루르드 근처의 동굴에서 성모 마리아의 환영과 처음 마주했습니다. 1864년 천주교 측은 조사를 근거로 그 환영을 인정했습니다.;;;;;;;;;;;;;
EVTDESC37220_NEWS_SHORT;$COUNTRY$: 방앗간 주인의 14살짜리 딸 베르나데타 수비루가 피레네강 북쪽의 작은 마을 루르드 근처의 동굴에서 성모 마리아의 환영과 처음 마주했습니다.;;;;;;;;;;;;;
EVTDESC31502_NEWS_LONG;오스트리아 황제 프란츠 1세가 67세의 나이로 사망하면서 정신적, 신체적으로 장애가 있는 아들 페르디난트 1세가 황위에 올랐습니다. 그는 정말 무능했기 때문에 클레멘스 벤체와 클레멘스 폰 메테르니히를 포함한 소위 비밀통치회의가 그를 대신해 국정을 꾸려나갔습니다. 섭정들은 새로운 황제의 정통성을 주장하며 그가 회의의 지도만 잘 따른다면 훌륭한 통치를 펼칠 것이라고 선언했습니다. 페르디난트의 가장 일관적인 명령은 '짐은 황제이니라, 짐은 크뇌델을 원하노라!'라고 합니다.;;;;;;;;;;;;;
EVTDESC31502_NEWS_MEDIUM;오스트리아 황제 프란츠 1세가 67세의 나이로 사망하면서 정신적, 신체적으로 장애가 있는 아들 페르디난트 1세가 황위에 올랐습니다. 클레멘스 벤체와 클레멘스 폰 메테르니히를 포함한 소위 비밀통치회의가 무능한 그를 대신해 국정을 꾸려나갔습니다.;;;;;;;;;;;;;
EVTDESC31502_NEWS_SHORT;오스트리아 황제 프란츠 1세가 67세의 나이로 사망하면서 정신적, 신체적으로 장애가 있는 아들 페르디난트 1세가 황위에 올랐습니다. 얼마 지나지 않아 섭정들이 권력을 장악했습니다.;;;;;;;;;;;;;
EVTDESC31504_NEWS_LONG;세르비아인 일리아 가라스하닌이 <나트스헤르타니에>를 통해 모든 남슬라브인들이 단결해 압제자 오스트리아와 오스만에 대항하는 투쟁에 참가할 것을 요구했습니다. 독일과 프랑스의 민족국가에 영감을 받은 그는 세르비아인들이 처한 힘겨운 국제정세를 타개하려 노력했습니다. 그의 글은 남슬라브 민족주의자들의 첫 목표로 자리잡았으며 이후로도 그의 결정을 이끄는 이정표로 작용했지만, 정작 대중의 지지를 받는데는 실패했습니다.;;;;;;;;;;;;;
EVTDESC31504_NEWS_MEDIUM;세르비아인 일리아 가라스하닌이 <나트스헤르타니에>를 통해 모든 남슬라브인들이 단결해 압제자 오스트리아와 오스만에 대항하는 투쟁에 참가할 것을 요구했습니다. 그의 글은 남슬라브 민족주의자들의 첫 목표로 자리잡았습니다.;;;;;;;;;;;;;
EVTDESC31504_NEWS_SHORT;세르비아인 일리아 가라스하닌이 <나트스헤르타니에>를 통해 모든 남슬라브인들이 단결해 압제자 오스트리아와 오스만에 대항하는 투쟁에 참가할 것을 요구했습니다.;;;;;;;;;;;;;
EVTDESC31505_NEWS_LONG;1854년 시씨라는 별명을 가진 바이에른 공주 엘리자베트가 오스트리아 황제 프란츠 요제프 1세와 결혼했습니다. 시씨는 종종 예법을 완전히 무시하는 파격적인 파격적인 행동을 보여 주변인들을 매료시켰습니다. 아버지인 바이에른 국왕막시밀리안 요제프의 궁정에서 거리낌없고 자유롭게 자란 그녀는 종종 시골에서 자전거를 타려고 수업을 빼먹기도 했습니다. 황제는 더 늙고 경건한 시씨의 언니 헬레네와의 맞선에서 언니와 어머니를 따라온 엘리자베트의 성격과 아름다움에 매료됐고, 결국 결혼에 이르렀습니다.;;;;;;;;;;;;;
EVTDESC31505_NEWS_MEDIUM;1854년 시씨라는 별명을 가진 바이에른 공주 엘리자베트가 오스트리아 황제 프란츠 요제프 1세와 결혼했습니다. 시씨는 종종 예법을 완전히 무시하는 파격적인 행동을 보여 주변인들을 매료시켰습니다. 황제는 시씨의 언니와의 맞선에서 언니를 따라온 엘리자베트의 성격과 아름다움에 매료됐고, 결국 결혼에 이르렀습니다.;;;;;;;;;;;;;
EVTDESC31505_NEWS_SHORT;1854년 시씨라는 별명을 가진 바이에른 공주 엘리자베트가 오스트리아 황제 프란츠 요제프 1세와 결혼했습니다. 시씨는 종종 예법을 완전히 무시하는 파격적인 행동을 보여 주변인들을 매료시켰습니다.;;;;;;;;;;;;;
EVTDESC35000_NEWS_LONG;영국이 독일과의 전쟁에 빠지자 영국의 작센코부르크고타 사촌들이 자신들의 명성을 지키기 위해 가명을 버리기로 결심했습니다! 그들은 윈저 가문을 자칭했으며, 양가의 모든 관계를 단절했습니다. 독일 귀족 중에서 저명한 한 왕자가 이렇게 말했다고 합니다. '놀라지 않았습니다. 셰익스피어의 희극 <작센코부르크고타의 행복한 아낙네를> 보는 등 더 좋은 일이 있었습니다.'(해설: 원제는 <윈저의 행복한 아낙네>임) 독일인 중에서도 유머감각을 가진 자가 존재한다는 것이 이 기자의 견해입니다.;;;;;;;;;;;;;
EVTDESC35000_NEWS_MEDIUM;영국이 독일과의 전쟁에 빠지자 영국의 작센코부르크고타 사촌들이 자신들의 명성을 지키기 위해 가명을 버리기로 결심했습니다! 그들은 윈저 가문을 자칭했으며, 양가의 모든 관계를 단절했습니다.;;;;;;;;;;;;;
EVTDESC35000_NEWS_SHORT;영국이 독일과의 전쟁에 빠지자 영국의 작센코부르크고타 사촌들이 자신들의 명성을 지키기 위해 가명을 버리고 윈저 가문을 자칭했습니다!;;;;;;;;;;;;;
EVTDESC33400_NEWS_LONG;바이에른 레겐스부르크 근처의 도나우스타우프에서 전설적인 '북유럽 신화'에 존재하는 사후세계의 이름을 따왔으며 고대 그리스 신전을 모방한 고전주의 기념관 '발할라'가 지난주 문을 열었습니다. 이 웅장한 기념관은 도나우강에 위치했으며 멀리서 보더라도 한 눈에 들어오지 않는 규모를 가졌습니다. 이 명예의 전당은 르미니우스에서 코페르니쿠스에 이르는 유명한 독일인들을 기념합니다.;;;;;;;;;;;;;
EVTDESC33400_NEWS_MEDIUM;바이에른 레겐스부르크 근처의 도나우스타우프에서 전설적인 '북유럽 신화'에 존재하는 사후세계의 이름을 따온 명예의 전당 '발할라'가 지난주 문을 열었습니다. 발할라는 르미니우스에서 코페르니쿠스에 이르는 유명한 독일인들을 기념합니다.;;;;;;;;;;;;;
EVTDESC33400_NEWS_SHORT;바이에른 도나우스타우프에서 '발할라'가 지난주 문을 열었습니다. 이 웅장한 기념관은 르미니우스에서 코페르니쿠스에 이르는 유명한 독일인들을 기념합니다.;;;;;;;;;;;;;
EVTDESC33401_NEWS_LONG;바이에른 특파원의 소식: 추문입니다! 루트비히 1세가 백작 부인으로 삼았던 무용수 롤라 몽테스와의 정사로 인해 루트비히 1세의 치세가 끝났습니다. 롤라 몽테스, 공식적으로 란츠펠트 백작의 부인인 엘리차 로자나 길베르트는 1846년부터 루트비히의 정부였다고 합니다. 몽테스는 바이에른 시민으로 귀화해 전통적인 귀족으로 편입되려 했으나, 지역민들은 그녀의 열망에 반대했으며 인기도 낮았습니다. 보수주의자들과 천주교는 둘의 관계에 매우 강하게 반발했으며, 루트비히는 퇴위할 수 밖에 없었습니다.;;;;;;;;;;;;;
EVTDESC33401_NEWS_MEDIUM;바이에른 특파원의 소식: 추문입니다! 무용수 롤라 몽테스와의 정사로 인해 루트비히 1세의 치세가 끝났습니다. 보수주의자들과 천주교는 둘의 관계에 매우 강하게 반발했으며, 루트비히는 퇴위할 수 밖에 없었습니다.;;;;;;;;;;;;;
EVTDESC33401_NEWS_SHORT;바이에른 특파원의 소식: 추문입니다! 루트비히 1세가 무용수 롤라 몽테스와 가졌던 정사가 드러났습니다. 보수주의자들과 천주교계의 반대로 인해 루트비히는 퇴위할 수 밖에 없었습니다.;;;;;;;;;;;;;
EVTDESC33402_NEWS_LONG;바이에른 특파원의 소식: 새 박물관이 이번 주 뮌헨에서 문을 열었습니다. 건축가 프리드리히 폰 가트너와 아우구스트 폰 포이트가 루트비히 국왕의 명령에 따라 지었으며, 1836년 설립한 알테 피나코테크와는 대조적으로 '현대미술'에 초점을 맞췄습니다. 이 중에서도 강조할 부분은 루트비히 국왕이 가장 좋아하는 뮌헨 학파와 독일 낭만주의 작가들의 작품들입니다.;;;;;;;;;;;;;
EVTDESC33402_NEWS_MEDIUM;바이에른 특파원의 소식: 새 박물관이 이번 주 뮌헨에서 문을 열었습니다. 건축가 프리드리히 폰 가트너와 아우구스트 폰 포이트가 루트비히 국왕의 명령에 따라 지었으며 '현대미술'에 초점을 맞췄습니다.;;;;;;;;;;;;;
EVTDESC33402_NEWS_SHORT;바이에른 특파원의 소식: 새 박물관이 이번 주 뮌헨에서 문을 열었습니다. 루트비히 국왕의 명령에 따라 지어졌으며 '현대미술'에 초점을 맞췄습니다.;;;;;;;;;;;;;
EVTDESC33403_NEWS_LONG;작곡가 리하르트 바그너가 바이로이트에서의 페스츠필하우스 공사를 완료했습니다. 1871년 이래로 바그너는 무대 축제 연극을 위한 장소를 꿈꾸며 바이로이트를 주시해왔고, 바이로이트 당국이 그의 계획에 선뜻 토지를 기증하면서 계획은 파란만장하게 출발했습니다. 매년 독일의 대작들을 공연하는 축제를 열겠다고 합니다. 그리고 그 초연은 바그너가 직접 작곡한 '니벨룽겐의 반지'입니다.;;;;;;;;;;;;;
EVTDESC33403_NEWS_MEDIUM;작곡가 리하르트 바그너가 바이로이트에서의 페스츠필하우스 공사를 완료했습니다. 매년 독일의 대작들을 공연하는 축제를 열겠다고 합니다. 그리고 그 초연은 바그너가 직접 작곡한 '니벨룽겐의 반지'입니다.;;;;;;;;;;;;;
EVTDESC33403_NEWS_SHORT;작곡가 리하르트 바그너가 바이로이트에서의 페스츠필하우스 공사를 완료했습니다. 매년 독일의 위대한 작품을 공연하는 축제를 열겠다고 합니다.;;;;;;;;;;;;;
EVTDESC34600_NEWS_LONG;베를린 주립대학의 이사인 교육자 아돌프 디스테르베크가 최근 아이들을 사려깊은 책임감을 가진 시민으로의 육성을 목표로 하는 어린이 교육의 원칙을 정했습니다. 하지만 많은 이들은 그의 생각을 논란덩어리로 여깁니다. 왜냐하면 그가 종교와 정치가 교육에 영향을 미쳐서는 안 된다는 신념을 가졌기 때문입니다. 그의 목표는 교직의 진정한 전문화라고 합니다. 이런 논쟁의 여지가 있는 자유주의적 사고방식으로 인해 그는 정직 처분을 감수해야 했습니다.;;;;;;;;;;;;;
EVTDESC34600_NEWS_MEDIUM;베를린 주립대학의 이사인 교육자 아돌프 디스테르베크가 최근 아이들을 사려깊은 책임감을 가진 시민으로의 육성을 목표로 하는 어린이 교육의 원칙을 정했습니다. 하지만 많은 이들은 그의 생각을 논란덩어리로 여깁니다. 심지어는 일부는 정직 처분을 받을 거라 예상합니다.;;;;;;;;;;;;;
EVTDESC34600_NEWS_SHORT;베를린 주립대학의 이사인 교육자 아돌프 디스테르베크가 최근 아이들을 사려깊은 책임감을 가진 시민으로의 육성을 목표로 하는 어린이 교육의 원칙을 정했습니다.;;;;;;;;;;;;;
EVTDESC34601_NEWS_LONG;이번 달에 독일인 시인 호프만 폰 팔레르슬레벤이 헬골란트섬에서 <독일인의 노래>라는 시를 썼습니다. 이 시는 프로이센, 독일의 영방국가, 자유시의 통일 혁명가들에게 먼 꿈처럼 여겨지는 통일 독일의 욕망을 불러일으킵니다. 사람들은 이 노래를 오스트리아의 프란츠 요제프 하이든이 작곡한 <황제 프란츠를 보호하소서>의 곡과 결합해 불렀습니다. 자유주의자들은 언젠가 이 노래가 통일 독일의 국가가 돼야 한다고 말합니다.;;;;;;;;;;;;;
EVTDESC34601_NEWS_MEDIUM;이번 달에 독일인 시인 호프만 폰 팔레르슬레벤이 헬골란트섬에서 <독일인의 노래>라는 시를 썼습니다. 사람들은 이 노래를 <황제 프란츠를 보호하소서>라는 곡과 결합해 불렀습니다. 자유주의자들은 언젠가 이 노래가 통일 독일의 국가가 돼야 한다고 말합니다.;;;;;;;;;;;;;
EVTDESC34601_NEWS_SHORT;호프만 폰 팔레르슬레벤이 헬골란트섬에서 <독일인의 노래>라는 시를 썼습니다. 자유주의자들은 언젠가 이 시가 통일 독일의 국가가 돼야 한다고 말합니다.;;;;;;;;;;;;;
EVTDESC34602_NEWS_LONG;프로이센의 소식: 지난 일요일, 프로이센의 프리드리히 빌헬름 3세가 향년 69세의 나이로 세상을 떠났습니다. 1797년 왕위에 오른 그는 아버지의 통치 기간 동안 더럽혀진 왕조의 도덕과 존엄성을 회복하기 위해 애를 썼습니다. 그의 치세는 나폴레옹 전쟁의 사건들, 그리고 아내인 메클렌부르크슈트렐리츠 루이제의 영향력을 특징으로 합니다. 그의 개인적인 삶과 프로이센의 정치 모두 해당하는 얘기입니다. 그의 장남이자 낭만주의자인 프리드리히 빌헬름 4세가 그의 뒤를 이어 왕위에 올랐습니다.;;;;;;;;;;;;;
EVTDESC34602_NEWS_MEDIUM;프로이센의 소식: 지난 일요일, 프로이센의 프리드리히 빌헬름 3세가 향년 69세의 나이로 세상을 떠났습니다. 그의 치세는 나폴레옹 전쟁의 사건들, 그리고 아내인 메클렌부르크슈트렐리츠 루이제의 영향력을 특징으로 합니다. 그의 장남이자 낭만주의자인 프리드리히 빌헬름 4세가 그의 뒤를 이어 왕위에 올랐습니다.;;;;;;;;;;;;;
EVTDESC34602_NEWS_SHORT;프로이센의 소식: 지난 일요일, 프로이센의 프리드리히 빌헬름 3세가 향년 69세의 나이로 세상을 떠났습니다. 그의 장남이자 낭만주의자인 프리드리히 빌헬름 4세가 그의 뒤를 이어 왕위에 올랐습니다.;;;;;;;;;;;;;
EVTDESC34603_NEWS_LONG;프로이센의 소식: 이번 달 베를린에서 독일 최초 동물원의 개장식이 열렸습니다. 다양한 이국적인 동물들을 전시한 점이 인상적입니다. 베를린 대학의 동물학자 마르틴 힌리히 리히텐슈타인은 프리드리히 빌헬름 4세에게 베를린 티르가르텐의 국왕 전용 꿩 사육장 일부를 동물원 부지로 기증하도록 설득했습니다. 왕은 부지 뿐만 아니라 사육장 안의 동물들도 제공했습니다. 독일 외에는 런던과 앤트워프에도 존재하며 이 역시 높은 인기를 구가하고 있습니다.;;;;;;;;;;;;;
EVTDESC34603_NEWS_MEDIUM;프로이센의 소식: 이번 달 베를린에서 독일 최초 동물원의 개장식이 열렸습니다. 왕은 동물원의 부지 뿐만 아니라 동물들도 제공했습니다. 독일 외에는 런던과 앤트워프에 존재합니다.;;;;;;;;;;;;;
EVTDESC34603_NEWS_SHORT;프로이센의 소식: 이번 달 베를린에서 독일 최초 동물원의 개장식이 열렸습니다. 다양한 이국적인 동물들을 전시한 점이 인상적입니다. 독일 외에는 런던과 앤트워프에 존재합니다.;;;;;;;;;;;;;
EVTDESC34604_NEWS_LONG;프로이센 국왕 프리드리히 빌헬름 4세가 치밀한 준비 끝에 내각에 명령을 내렸습니다. 이 명령에 따르면 다음달부터 유대인들은 14일 이내에 선택한 성을 공식적으로 신고해야 합니다. 그 성은 미래에 자손들에게 이어질 새로운 성입니다. 지금까지는 독일 전역의 유대인에게 고정적인 성씨 확립에 관한 공식적인 규정을 강요하지 않았었습니다. 그리고 이제 유대인들도 병역의 의무가 있습니다.;;;;;;;;;;;;;
EVTDESC34604_NEWS_MEDIUM;프로이센 국왕 프리드리히 빌헬름 4세가 치밀한 준비 끝에 내각에 명령을 내렸습니다. 이 명령에 따르면 다음달부터 유대인들은 14일 이내에 선택한 성을 공식적으로 신고해야 하며 병역의 의무를 이행해야 합니다.;;;;;;;;;;;;;
EVTDESC34604_NEWS_SHORT;프로이센이 새로운 법을 제정해 유대인들에게 14일 이내에 선택한 성을 공식적으로 신고하고 병역의 의무를 이행할 것을 요구했습니다.;;;;;;;;;;;;;
EVTDESC34605_NEWS_LONG;이번 주 프로이센의 천문학자인 요한 고트프리트 갈레가 해왕성이라는 행성의 발견을 발표했습니다. 천왕성 궤도의 작은 변화에 관해 관측한 갈레는 연구 끝에 새로운 행성의 존재를 확인했습니다. 사실 프랑스인 동료인 위르뱅 르 베리에도 해왕성을 발견했습니다. 베리에는 갈레에게 하늘의 일정 부분을 살펴서 새로운 행성을 찾아보자고 부탁했습니다. 그 이후 갈레와 그의 조수 하인리히 루트비히 다레스트가 예측한 위치 주변에서 미지의 8번째 별을 관측했는데, 이는 후에 태양계의 8번째 행성으로 공인받았습니다.;;;;;;;;;;;;;
EVTDESC34605_NEWS_MEDIUM;이번 주 프로이센의 천문학자인 요한 고트프리트 갈레가 해왕성이라는 행성의 발견을 발표했습니다. 천왕성 궤도의 작은 변화에 관해 관측한 갈레는 위르뱅 르 베리와의 연구 끝에 새로운 행성의 존재를 확인했습니다.;;;;;;;;;;;;;
EVTDESC34605_NEWS_SHORT;이번 주 프로이센의 천문학자인 요한 고트프리트 갈레가 해왕성이라는 행성의 발견을 발표했습니다.;;;;;;;;;;;;;
EVTDESC34606_NEWS_LONG;이번 주 프로이센 베를린 쾨니글리헤스 오페른하우스(왕립 오페라하우스)에서 동명의 셰익스피어가 집필한 희극을 원작으로 한 희극오페라 <윈저의 행복한 아낙네들>가 초연을 선보였습니다. 카를 오토 에렌프리트 니콜라이가 집필하고 헤르만 잘로몬 모젠탈이 대본을 맡은 이 오페라는 3막으로 구성돼 있으며 길이는 약 2시간 30분 정도입니다. 니콜라이가 3년 동안 작곡한 음악을 들은 비평가들은 정말 기뻐하며 이 음악이 니콜라이의 최고 걸작이라고 칭송했습니다.;;;;;;;;;;;;;
EVTDESC34606_NEWS_MEDIUM;이번 주 프로이센 베를린 쾨니글리헤스 오페른하우스(왕립 오페라하우스)에서 동명의 셰익스피어가 집필한 희극을 원작으로 한 희극오페라 <윈저의 행복한 아낙네들>가 초연을 선보였습니다. 비평가들은 정말 기뻐하며 니콜라이의 최고 걸작이라고 칭송했습니다.;;;;;;;;;;;;;
EVTDESC34606_NEWS_SHORT;베를린에서 셰익스피어의 동명 희극을 원작으로 한 희극오페라 <윈저의 행복한 아낙네들>가 초연을 선보였습니다. 비평가들은 니콜라이의 최고 걸작이라고 칭송했습니다.;;;;;;;;;;;;;
EVTDESC34607_NEWS_LONG;프로이센의 소식: 에센의 크루프사가 970명의 노동자들을 위한 건강보험 기금을 도입했습니다. 회사 경영진은 회원권을 모든 노동자에게 의무적으로 부과합니다. 많은 사람들은 이러한 움직임이 시대를 앞서나간 자유적이고 진보적인 시도라고 말합니다. 그들은 이 시도가 미래에 정부 주도 사회개혁의 좋은 본보기가 될 가능성이 충분하다고 말합니다. 그러나 일각에서는 빨갱이들이란 하는 헛소리라며 직원들의 개인적인 자유를 침해하는 미친 짓이라고 말합니다.;;;;;;;;;;;;;
EVTDESC34607_NEWS_MEDIUM;프로이센의 소식: 에센의 크루프사가 970명의 노동자들을 위한 건강보험 기금을 도입했습니다. 회사 경영진은 회원권을 모든 노동자에게 의무적으로 부과합니다. 많은 사람들은 이러한 움직임이 자유적이고 진보적인 시도라고 말하나 일각에서는 빨갱이들이란 하는 헛소리라고 말합니다.;;;;;;;;;;;;;
EVTDESC34607_NEWS_SHORT;프로이센의 소식: 에센의 크루프사가 970명의 노동자들을 위한 건강보험 기금을 도입했습니다. 회사 경영진은 회원권을 모든 노동자에게 의무적으로 부과합니다.;;;;;;;;;;;;;
EVTDESC34608_NEWS_LONG;베를린 특파원의 소식: 이번 달 일부 종교 및 사회 인사들의 영향을 받은 프로이센 정부가 영국의 선례를 따라 1년에 가능한 아동노동의 양을 엄격하게 규제하는 법을 통과시켰습니다. 지금까지 아동노동을 제한하는 법안은 산업 성장을 저해한다며 많은 정치인들의 격렬한 저항에 부딪혔습니다. 이런 점에서 중요한 일을 해냈음에도 여전히 많은 이들은 아이들을 값싼 노동력으로 여겨 학대하는 행위에 대항한 첫걸음으로만 보고 있습니다.;;;;;;;;;;;;;
EVTDESC34608_NEWS_MEDIUM;베를린 특파원의 소식: 이번 달 일부 종교 및 사회 인사들의 영향을 받은 프로이센 정부가 영국의 선례를 따라 1년에 가능한 아동노동의 양을 엄격하게 규제하는 법을 통과시켰습니다.;;;;;;;;;;;;;
EVTDESC34608_NEWS_SHORT;베를린 특파원의 소식: 이번 달 일부 종교 및 사회 인사들의 영향을 받은 프로이센 정부가 1년에 가능한 아동노동의 양을 엄격하게 규제하는 법을 통과시켰습니다.;;;;;;;;;;;;;
EVTDESC34609_NEWS_LONG;음악 소식: 라인란트, 바덴, 헤센, 프랑켄 등에서 모인 42개 합창단이 사흘에 걸쳐 모차르트 음악회를 개최하기 위해 프랑크푸르트에 모였습니다. 행사 준비를 위해 금전기부를 받았으며, 합창단이 몰릴 것에 대비해 쾌적한 숙박시설도 마련했다고 합니다. 수천 명의 사람들이 마인강둑에 모여 그들을 환영했고, 곧 행사장은 손수건을 흔들며 기뻐하는 경쾌한 구경꾼들로 가득 찼습니다. 그러나 시간이 지나자 예상과 다르게 독일의 정치적 단결을 요구하는 시위의 장으로 변모했습니다.;;;;;;;;;;;;;
EVTDESC34609_NEWS_MEDIUM;각지에서 모인 42개 합창단이 사흘에 걸쳐 모차르트 음악회를 개최하기 위해 프랑크푸르트에 모였습니다. 곧 행사장은 구경꾼들로 가득 찼습니다. 그러나 시간이 지나자 음악회는 독일의 정치적 단결을 요구하는 시위의 장으로 변모했습니다.;;;;;;;;;;;;;
EVTDESC34609_NEWS_SHORT;각지에서 모인 42개 합창단이 사흘에 걸쳐 모차르트 음악회를 개최하기 위해 프랑크푸르트에 모였습니다. 그러나 시간이 지나자 음악회는 독일의 정치적 단결을 요구하는 시위의 장으로 변모했습니다.;;;;;;;;;;;;;
EVTDESC33004_NEWS_LONG;슐레스비히의 독일인 정부가 독일어 교육 시행과 덴마크 거주민 축출을 통해 이 지역의 반독일적 요소를 희석하자고 제안해왔습니다. 슐레스비히 지방의 덴마크인과 독일인은 수년전 이 분쟁지역을 덴마크가 병합한 이후 계속해서 반목하고 있습니다. 지역의 독일화가 항상 최우선이기는 하지만 여전히 많은 저항 요소가 존재합니다. 상기한 제안은 현재 라이크스타크(의회)에서 논의 절차를 밟고 있습니다.;;;;;;;;;;;;;
EVTDESC33004_NEWS_MEDIUM;슐레스비히의 독일인 정부가 독일어 교육 시행과 덴마크 거주민 축출을 통해 이 지역의 반독일적 요소를 희석하자고 제안해왔습니다. 현재 이 제안은 라이크스타크(의회)에서 논의 절차를 밟고 있습니다.;;;;;;;;;;;;;
EVTDESC33004_NEWS_SHORT;슐레스비히의 독일인 정부가 독일어 교육 시행과 덴마크 거주민 축출을 통해 이 지역의 반독일적 요소를 희석하자고 제안해왔습니다.;;;;;;;;;;;;;
EVTDESC33000_NEWS_LONG;작센마이닝겐 공국 소속 극단이 베를린에서 펼친 공연이 큰 찬사를 받았습니다. 이 극단은 지난 수년 동안 꾸준히 인기를 유지해오고 있습니다. 이들은 잘 모사한 의상과 소품, 행동의 유연성, 배우와 환경의 자연스러운 통합을 통해 연극의 설계, 개념화, 해석, 실행을 통합하는 방식에 집중합니다. 이들은 곧 유럽 전역에서 순회공연을 펼칠 계획입니다.;;;;;;;;;;;;;
EVTDESC33000_NEWS_MEDIUM;작센마이닝겐 공국 소속 극단이 베를린에서 펼친 공연이 큰 찬사를 받았습니다. 이 극단은 혁신적인 방법을 사용해 지난 수년 동안 꾸준히 인기를 유지해오고 있습니다. 이들은 곧 유럽 전역에서 순회공연을 펼칠 계획입니다.;;;;;;;;;;;;;
EVTDESC33000_NEWS_SHORT;작센마이닝겐 공국 소속 극단이 베를린에서 펼친 공연이 큰 찬사를 받았습니다. 이들은 곧 유럽 전역에서 순회공연을 펼칠 계획입니다.;;;;;;;;;;;;;
EVTDESC33001_NEWS_LONG;5년 전, 동물 무역업자의 아들인 카를 하겐베크가 함부르크에서 누비아인과 이누이트와 같은 이국적인 미개인들을 이용한 박람회를 열었습니다. 3년 후에는 가혹하게 조련한 동물이 주연인 서커스단을 설립하면서 개념을 확장했습니다. 이번 달에는 마치 야생에서 사는 것마냥 야외에 전시하는 동물원 티르파르크 하겐베크를 공개했습니다. 이 동물원은 빗장 대신 해자를 사용해 방문객과 동물을 분리하는 혁신적인 발상을 최초로 사용했습니다.;;;;;;;;;;;;;
EVTDESC33001_NEWS_MEDIUM;5년 전, 동물 무역업자의 아들인 카를 하겐베크가 함부르크에서 이국적인 미개인들을 이용한 박람회를 열었습니다. 3년 후에는 동물이 주연인 서커스단을 설립했습니다. 이번 달에는 야외 동물원 티르파르크 하겐베크를 공개했습니다. 그의 동물원은 세계의 모범으로 자리잡았습니다.;;;;;;;;;;;;;
EVTDESC33001_NEWS_SHORT;이달 들어 동물 무역업자의 아들이자 동물 서커스단으로 유명한 카를 하겐베크가 야외 동물원을 공개했습니다.;;;;;;;;;;;;;
EVTDESC33002_NEWS_LONG;이번 달 교육기관장 콘라트 두덴이 '독일어 완전철자사전'을 발간했습니다. 이 책은 앞으로 확립될 독일어 맞춤법의 바탕이 될 예정이며, 많은 학자들도 이 사전을 완벽한 작품이라고 칭찬합니다. 정부 및 관료계에서도 좋게 평가했으며, 공문서에서의 정확하고 적절한 맞춤법을 위한 참고자료로도 인정했습니다.;;;;;;;;;;;;;
EVTDESC33002_NEWS_MEDIUM;이번 달 교육기관장 콘라트 두덴이 '독일어 완전철자사전'을 발간했습니다. 이 책은 앞으로 확립될 독일어 맞춤법의 바탕이 될 예정이며, 많은 학자들도 이 사전을 완벽한 작품이라고 칭찬합니다.;;;;;;;;;;;;;
EVTDESC33002_NEWS_SHORT;이번 달 교육기관장 콘라트 두덴이 '독일어 완전철자사전'을 발간했습니다. 많은 이들은 이 사전이 독일어의 정수라고 칭찬합니다.;;;;;;;;;;;;;
EVTDESC33005_NEWS_LONG;어제 오스만이 독일인들이 자금을 지원한 콘슈탄티노펠(터키명: 콘스탄티니예)와 바크다트(터키명: 바그다드)를 연결하는 바그다드 철도계획을 발표했습니다. 이 계획은 이라크 지방의 유전에 경제적 이해관계가 있는 독일인과 콘슈탄티노펠 시민들에게는 모두 이익입니다. 그러나 다른 강대국들은 앙고라(터키명: 앙카라)나 이코니움(터키명: 코냐)와 같은 멀리 떨어진 도시들을 잇는 이 계획을 자신들의 이익과 상충하는 문제거리로 여깁니다. 그럼에도 이 계획은 현재 콘슈탄티노펠과 베를린의 원만한 관계를 보장하는 근거입니다.;;;;;;;;;;;;;
EVTDESC33005_NEWS_MEDIUM;어제 오스만이 독일인들이 자금을 지원한 콘슈탄티노펠(터키명: 콘스탄티니예)와 바크다트(터키명: 바그다드)를 연결하는 바그다드 철도계획을 발표했습니다. 이 계획은 현재 콘슈탄티노펠과 베를린의 원만한 관계를 보장하는 근거입니다.;;;;;;;;;;;;;
EVTDESC33005_NEWS_SHORT;어제 오스만이 독일인들이 자금을 지원한 콘슈탄티노펠(터키명: 콘스탄티니예)와 바크다트(터키명: 바그다드)를 연결하는 바그다드 철도계획을 발표하면서 콘슈탄티노펠과 베를린의 관계가 원만해졌습니다.;;;;;;;;;;;;;
EVTDESC36898_NEWS_LONG;하노버 가문의 알렉산드리나 빅토리아 공주가 '빅토리아 여왕'으로 영국과 아일랜드의 왕위에 올랐습니다. 오늘 런던 군중들은 빅토리아를 신축한 버킹엄 궁전의 국왕의 거주지로 안내했습니다. 계급과 종교를 막론하고 모든 이들이 새로운 영국 여왕의 즉위를 보며 기뻐하고 있으며, 여왕 자신은 이 부담스러운 직무에 수반하는 과제와 도전을 기대하고 있다고 합니다. 그녀의 아버지인 조지 3세는 영국인들의 마음 속에서 큰 그리움을 주고 사랑스럽게 기억될 것입니다.;;;;;;;;;;;;;
EVTDESC36898_NEWS_MEDIUM;알렉산드리나 빅토리아 공주가 '빅토리아 여왕'으로 영국과 아일랜드의 왕위에 올랐습니다. 계급과 종교를 막론하고 모든 이들이 새로운 영국 여왕의 즉위를 보며 기뻐하고 있으며, 여왕 자신은 이 부담스러운 직무에 수반하는 과제와 도전을 고대합니다.;;;;;;;;;;;;;
EVTDESC36898_NEWS_SHORT;알렉산드리나 빅토리아 공주가 영국과 아일랜드의 왕위에 올랐습니다. 계급과 종교를 막론하고 모든 이들이 즉위식을 보여 기뻐합니다. 영국인들은 조지 3세를 정말 그리워할 것입니다.;;;;;;;;;;;;;
EVTDESC36901_NEWS_LONG;1838년, 찰스 디킨스가 소설 <올리버 트위스트>를 런던에서 출판했습니다. 그는 이 책을 통해 빅토리아시대 노동자의 곤궁한 형편이나 권리 결여를 논했습니다. 한 고아 소년이 보육원과 구빈원을 통해 이야기를 들려주다 끝내 런던의 길거리 소매치기 일당에 합류하는 줄거리는 '런던 빈자 위기'를 조명해 독자들이 런던 거리의 수많은 고아들에게 주목하도록 했습니다. 빅토리아시대의 가장 위대한 소설가인 디킨스는 자신부터 어렸을 때 가난에 시달렸습니다.;;;;;;;;;;;;;
EVTDESC36901_NEWS_MEDIUM;1838년, 찰스 디킨스가 소설 <올리버 트위스트>를 런던에서 출판했습니다. 한 고아 소년이 보육원과 구빈원을 통해 이야기를 들려주다 끝내 런던의 길거리 소매치기 일당에 합류하는 줄거리는 '런던 빈자 위기'를 조명해 독자들이 런던 거리의 수많은 고아들에게 주목하도록 했습니다.;;;;;;;;;;;;;
EVTDESC36901_NEWS_SHORT;1838년, 찰스 디킨스가 소설 <올리버 트위스트>를 런던에서 출판했습니다. 그는 이 책을 통해 빅토리아시대 노동자의 곤궁한 형편이나 권리 결여를 논해 독자들의 관심을 끌었습니다.;;;;;;;;;;;;;
EVTDESC36903_NEWS_LONG;$COUNTRY$: 빅토리아 여왕이 사촌동생인 작센코부르크고타의 알버트 공과 결혼했습니다. 당시의 다른 대부분의 결혼과 달리 서로의 손익계산보다는 상호간의 애정에 기반했습니다. 알버트는 궁정에서 영향력을 끼친 인물로서 아내에게 국사에 관한 중요한 동반자이자 조언자 역할을 수행했습니다. 결혼식은 젊은 빅토리아가 더이상 어머니와 동거해야할 사회적 관습에 얽매일 필요가 없음을 의미했는데, 빅토리아의 어머니가 버킹엄 궁전에서 쫓겨난 것도 그 뒤였습니다.;;;;;;;;;;;;;
EVTDESC36903_NEWS_MEDIUM;$COUNTRY$: 빅토리아 여왕이 사촌동생인 작센코부르크고타의 알버트 공과 결혼했습니다. 당시의 다른 대부분의 결혼과 달리 서로의 손익계산보다는 상호간의 애정에 기반했습니다.;;;;;;;;;;;;;
EVTDESC36903_NEWS_SHORT;$COUNTRY$: 빅토리아 여왕이 사촌동생인 작센코부르크고타의 알버트 공과 결혼했습니다. 알버트는 여왕의 중요한 동반자이자 조언자 역할을 수행했습니다.;;;;;;;;;;;;;
EVTDESC36911_NEWS_LONG;1893년 윌리엄 버틀러 예이츠가 두번째 시집 '장미'를 출판했습니다. 이전보다 시적 표현이 독특해졌으며, 운문과 운율의 조절은 천재적인 경지에 다다랐습니다. 예이츠는 특히 아일랜드를 테마로 한 문예에 힘썼고, 미적인 신비주의를 혼합한 아일랜드 공화주의에 찬동했습니다. 아일랜드의 민족주의자로서의 예이츠는 말년에 자신의 신념에서 피했으며 19세기 후반의 급진적인 민족주의 운동과 격동의 정치적 사건을 멀리했습니다.;;;;;;;;;;;;;
EVTDESC36911_NEWS_MEDIUM;1893년 윌리엄 버틀러 예이츠가 두번째 시집 '장미'를 출판했습니다. 예이츠는 특히 아일랜드를 테마로 한 문예에 힘썼고, 미적인 신비주의를 혼합한 아일랜드 공화주의에 찬동하기 시작했습니다.;;;;;;;;;;;;;
EVTDESC36911_NEWS_SHORT;1893년 윌리엄 버틀러 예이츠가 두번째 시집 '장미'를 출판했습니다. 예이츠는 특히 아일랜드를 테마로 한 문예에 힘썼고, 아일랜드 공화주의에 찬동하기 시작했습니다.;;;;;;;;;;;;;
EVTDESC36912_NEWS_LONG;1918년 홉킨스 자신은 생전에 시집 출판을 불편하게 여겼음에도, 제라드 맨리 홉킨스의 시들을 모은 시집이 사후에 출판됐습니다. 이 시는 '도약률'이라는 새로운 음보를 세상에 선보였으며 팽창하던 현대주의 운동에 새로운 자극을 주었습니다. 홉킨스의 시는 현대주의적이면서도 그는 종교적인 면모를 가집니다. 그는 일찍이 천주교로 개종한 중세 기독교 철학의 학부생이자 교수였습니다.;;;;;;;;;;;;;
EVTDESC36912_NEWS_MEDIUM;1918년 홉킨스 자신은 생전에 시집 출판을 불편하게 여겼음에도, 제라드 맨리 홉킨스의 시들을 모은 시집이 사후에 출판됐습니다. 이 시는 '도약률'이라는 새로운 음보를 세상에 선보였으며 현대주의 운동에 자극을 주었습니다.;;;;;;;;;;;;;
EVTDESC36912_NEWS_SHORT;1918년 홉킨스 자신은 생전에 시집 출판을 불편하게 여겼음에도, 제라드 맨리 홉킨스의 시들을 모은 시집이 사후에 출판됐습니다. ;;;;;;;;;;;;;
EVTDESC36919_NEWS_LONG;플로렌스 나이팅게일은 전세계적으로 현대간호학의 창시자로 인정받습니다. 최근 전쟁 중에, 영국 국방부 장관은 나이팅게일을 육군야전병원에 배속된 38명의 간호사의 간호부장으로 임명했습니다. 나이팅게일이 이 임무를 성공적으로 마치자 영국 정부는 최초의 간호학교를 설립해 군의료체계를 점검하고 재정비하는 계획을 수립했습니다. 나이팅게일은 공중위생, 병원행정, 위생개혁 분야에서도 큰 업적을 남겼습니다. '등을 든 여인'이라는 별명을 가진 이 천사는 오래도록 영광스럽게 빛날것 입니다.;;;;;;;;;;;;;
EVTDESC36919_NEWS_MEDIUM;플로렌스 나이팅게일은 전세계적으로 현대간호학의 창시자로 인정받습니다. 최근 전쟁 중에, 영국 국방부 장관은 나이팅게일을 육군야전병원에 배속된 38명의 간호사의 간호부장으로 임명했습니다. '등을 든 여인'이라는 별명을 가진 이 천사는 오래도록 영광스럽게 빛날 것입니다.;;;;;;;;;;;;;
EVTDESC36919_NEWS_SHORT;플로렌스 나이팅게일은 전세계적으로 존경받는 현대간호학의 창시자입니다. '등을 든 여인'이라는 별명을 가진 이 천사는 오래도록 영광스럽게 빛날 것입니다.;;;;;;;;;;;;;
EVTDESC36922_NEWS_LONG;런던의 경기장에서 영국과 오스트레일리아는 역사상 가장 기억에 남는 국제경기를 펼쳤습니다. 일진일퇴를 거듭한 3일간의 긴 경기에서, 영국 팀은 마지막 이닝에서 불과 7점 차이로 오스트레일리아에 패했습니다. 한 관중이 심장마비로 사망할 정도로 짜릿한 경기였습니다. 스포츠 타임즈는 이 부고를 발표했습니다. '어제 경기장에서 숨진 영국 크리켓 팬에게 애도의 뜻을 남긴다. 그의 죽음에 대해 슬픔에 잠긴 많은 팬들과 지인들을 대신해 깊은 명복을 빈다. 시신은 화장하고 그 재는 오스트레일리아로 옮겨질 예정이다.;;;;;;;;;;;;;
EVTDESC36922_NEWS_MEDIUM;런던의 경기장에서 영국과 오스트레일리아는 역사상 가장 기억에 남는 국제경기를 펼쳤습니다. 일진일퇴를 거듭한 3일간의 긴 경기에서, 영국 팀은 마지막 이닝에서 불과 7점 차이로 오스트레일리아에 패했습니다.;;;;;;;;;;;;;
EVTDESC36922_NEWS_SHORT;영국과 오스트레일리아가 역사상 가장 기억에 남는 크리켓 경기를 펼쳤습니다. 영국 팀은 불과 7점 차이로 오스트레일리아에 패했고, 한 관중이 심장마비로 사망하기까지 했습니다.;;;;;;;;;;;;;
EVTDESC36923_NEWS_LONG;존경받는 자연과학자 찰스 다윈이 비글호로 항해하며 관찰함으로써 얻은 생각과 동시대의 많은 과학자들이 정리한 관찰 기록을 종합해 <종의 기원>을 발표했습니다. 그는 이 책에서 지구상의 모든 생물이 자연 선택을 통해 시간과 함께 진화해온 것이지 조물주가 창조한 것이 아니라고 주장했습니다. 그의 견해는 수백년 후에도 유지될 뜨거운 논쟁을 불러일으켰습니다. 이 책은 비전문가 독자들의 눈높이에 맞춰 작성됐습니다.;;;;;;;;;;;;;
EVTDESC36923_NEWS_MEDIUM;자연과학자 찰스 다윈이 저서 <종의 기원>에서 지구상의 모든 생물이 자연 선택을 통해 시간과 함께 진화해온 것이지 조물주가 창조한 것이 아니라고 주장했습니다. 그의 견해는 수백년 후에도 유지될 뜨거운 논쟁을 불러일으켰습니다.;;;;;;;;;;;;;
EVTDESC36923_NEWS_SHORT;자연과학자 찰스 다윈이 <종의 기원>을 발표했습니다. 그는 이 책에서 지구상의 모든 생물이 자연 선택을 통해 시간과 함께 진화해온 것이지 조물주가 창조한 것이 아니라고 주장했습니다.;;;;;;;;;;;;;
EVTDESC36925_NEWS_LONG;악명 높은 연쇄살인범 잭 더 리퍼가 최소 6명의 매춘부를 살해한 사건이 빅토리아시대 기득권 세력을 소름끼치게 하고 충격을 주었습니다. 그러나 동시에 이러한 살인들로 인해 터진 실망감은 영국 대중이 런던 이스트엔드, 특히 범행장소 화이트채플의 골목을 지배하는 극도의 가난과 타락을 간접적으로 느끼도록 일깨워주었습니다. 소문에 따르면 살인범의 계속 붙잡히지 않는 능력의 정체가 높으신 분들과의 연줄이라고 합니다. 물론 이 잔인무도한 사건의 전말이 신문에 싣기엔 너무 부적절합니다.;;;;;;;;;;;;;
EVTDESC36925_NEWS_MEDIUM;잭 더 리퍼가 최소 6명의 매춘부를 살해한 사건이 빅토리아시대 기득권 세력에 충격을 주었습니다. 그러나 동시에 이러한 살인들로 인해 터진 실망감은 영국 대중이 런던 이스트엔드의 골목을 지배하는 극도의 가난을 간접적으로 느끼도록 일깨워주었습니다. 현시점에는 이 잔인무도한 사건의 전말이 신문에 싣기엔 너무 특정적입니다.;;;;;;;;;;;;;
EVTDESC36925_NEWS_SHORT;잭 더 리퍼가 최소 6명의 매춘부를 살해한 사건이 빅토리아시대 기득권 세력에 충격을 주었습니다. 현시점에는 이 잔인무도한 사건의 전말이 신문에 싣기엔 너무 특정적입니다.;;;;;;;;;;;;;
EVTDESC36929_NEWS_LONG;$COUNTRY$: 던디 인근의 테이만 횡단다리가 완공 19개월 만에 강풍으로 인한 압박에 무너졌습니다. 6량짜리 객차도 사건에 휘말리는 바람에 탑승자 전원이 숨졌습니다. 이 다리를 설계한 토마스 버치 경은 설계와 품질 관리에 대한 결함에 대한 책임을 지고 포스만에 계획 중이던 교량의 설계자 자리에서 물러났습니다. 기술자로서의 그의 명성은 명을 다했고, 다른 계획들도 설계자를 변경하거나 취소됐습니다. 버치 경은 사건 발발 1년 만에 사망했습니다.;;;;;;;;;;;;;
EVTDESC36929_NEWS_MEDIUM;$COUNTRY$: 던디 인근의 테이만 횡단다리가 완공 19개월 만에 강풍으로 인한 압박에 무너졌습니다. 6량짜리 객차도 사건에 휘말리는 바람에 탑승자 전원이 숨졌습니다. 이 다리를 설계한 토마스 버치 경은 결함에 대한 책임을 져야 했습니다.;;;;;;;;;;;;;
EVTDESC36929_NEWS_SHORT;$COUNTRY$: 던디 인근의 테이만 횡단다리가 완공 19개월 만에 강풍으로 인한 압박에 무너졌습니다. 6량짜리 객차도 사건에 휘말리는 바람에 탑승자 전원이 숨졌습니다.;;;;;;;;;;;;;
EVTDESC36939_NEWS_LONG;$COUNTRY$: 인도 총독 댈하우지 경이 여러 가지 개혁을 도입했습니다. 그의 개혁은 어떤 면에서는 평판이 좋지 않았지만, 대부분에서는 매우 효과적이었습니다. 총독은 기반시설 개발과 철도 확대, 철제교량와 도로, 전신선, 군사·의료개혁, 특별한 합병수단인 '실권원리'을 통해 인도아대륙에 대한 영국의 지배권을 넓혔지만, 동시 지역 주민들의 반영감정도 가속화했습니다.;;;;;;;;;;;;;
EVTDESC36939_NEWS_MEDIUM;$COUNTRY$: 인도 총독 댈하우지 경이 여러 가지 개혁을 도입했습니다. 그의 개혁은 어떤 면에서는 평판이 좋지 않았고 반영감정을 높이기도 했지만, 인도아대륙에 대한 영국의 지배권을 넓혔습니다.;;;;;;;;;;;;;
EVTDESC36939_NEWS_SHORT;$COUNTRY$: 인도 총독 댈하우지 경이 여러 가지 개혁을 도입했습니다. 그의 개혁은 어떤 면에서는 평판이 좋지 않았지만, 대부분에서는 매우 효과적이었습니다.;;;;;;;;;;;;;
EVTDESC36940_NEWS_LONG;$COUNTRY$: 영국과 마오리가 뉴질랜드 국체를 공식화하는 조약을 체결했습니다. 마오리 추장 측은 $COUNTRY$의 주권을 인정했고, 영국 측은 그들에게 모든 강과 바다의 산물에 대한 권리를 보증했습니다. 문서는 마오리어와 $COUNTRY$어 두가지로 기록됐습니다. 다만 실제로 합의한 문서의 내용은 의구심을 남깁니다. $COUNTRY$은(는) 마오리족이 자신들의 지배에 동의했다고 주장하지만, 마오리어 문서에서는 자신들의 생업에 대해 큰 수준의 자율성과 자치를 유지해야 한다고 명시했습니다.;;;;;;;;;;;;;
EVTDESC36940_NEWS_MEDIUM;$COUNTRY$: 영국과 마오리가 뉴질랜드 국체를 공식화하는 조약을 체결했습니다. 마오리 추장 측은 $COUNTRY$의 주권을 인정했고, 영국 측은 그들에게 모든 강과 바다의 산물에 대한 권리를 보증했습니다.;;;;;;;;;;;;;
EVTDESC36940_NEWS_SHORT;$COUNTRY$: 영국과 마오리가 뉴질랜드 국체를 공식화하는 조약을 체결했습니다. 마오리 추장 측은 $COUNTRY$의 주권을 인정했습니다.;;;;;;;;;;;;;
EVTDESC36941_NEWS_LONG;$COUNTRY$: 영국의 태도에 불만을 품은 마오리 족장 호네 헤케가 깃대 꺾기를 코로라레카(영명:러셀)에서 반복적으로 벌였고, 이는 무력 충돌로 번졌습니다. 이들은 초기의 성공으로 인해 점점 대담해졌으나, 전염병과 식량 공급의 감소로 인해 경제적으로 어려움을 겪으면서 결국 휴전을 요청했습니다. 영국은 뉴질랜드의 주권을 유지했지만, 그 대가로 반항적인 마오리족은 어느 때보다도 높은 지위를 획득해 모든 부족원들에게 상당한 존경을 받았습니다.;;;;;;;;;;;;;
EVTDESC36941_NEWS_MEDIUM;$COUNTRY$: 영국의 태도에 불만을 품은 마오리 족장 호네 헤케가 깃대 꺾기를 코로라레카(영명:러셀)에서 반복적으로 벌였고, 이는 무력 충돌로 번졌습니다. 이 반항적인 추장들은 존경을 받았지만, 영국을 축출하지는 못했습니다.;;;;;;;;;;;;;
EVTDESC36941_NEWS_SHORT;$COUNTRY$: 영국의 태도에 불만을 품은 마오리 족장 호네 헤케가 깃대 꺾기를 코로라레카(영명:러셀)에서 반복적으로 벌였고, 이는 무력 충돌로 번졌습니다.;;;;;;;;;;;;;
