MIL_FROM_TROOPS;병사 및 군대;;;;;;;;;;;;;
MIL_FROM_CAP_SHIPS;주력함;;;;;;;;;;;;;
MIL_FROM_LEADERS;지휘관;;;;;;;;;;;;;
OCCUPATION_SCORE;점령: ;;;;;;;;;;;;;
BLOCKADE_SCORE;봉쇄: ;;;;;;;;;;;;;
OUTLINER_TOOLTIP_EMPLOYED;공장이 고용한 노동자: [SUB_A7]Y$COUNT$[SUB_A7]! (전체의 [SUB_A7]Y$PERC$[SUB_A7]!%);;;;;;;;;;;;;
TRADE_SUPPLY_NEED_A;일일 육군 보급량: $VAL$.\n;;;;;;;;;;;;;
TRADE_SUPPLY_NEED_N;일일 해군 보급량: $VAL$.\n;;;;;;;;;;;;;
DIPLOMACY_CANNOT_SET_PRIO_WAR;해당 국가와 교전 중이므로 영향력을 투사할 수 없습니다.;;;;;;;;;;;;;
DIPLOMACY_INFLUENCE_NOT_WORTH;해당 국가에 대한 영향력은 이미 최대치이며, 영향력을 투사하는 국가도 우리나라 뿐입니다. 영향력 우선도를 낮춰야 합니다.;;;;;;;;;;;;;
COLONY_ABORT_HEADER;식민부 보고서;;;;;;;;;;;;;
COLONY_ABORT_1;식민화 중단!;;;;;;;;;;;;;
COLONY_ABORT_2;$MONARCHTITLE$께 아뢰기를, [SUB_A7]Y$TARGET$[SUB_A7]b의;;;;;;;;;;;;;
COLONY_ABORT_3;우리 식민지가;;;;;;;;;;;;;
COLONY_ABORT_4;중단됐습니다!;;;;;;;;;;;;;
COLONY_ABORT_5;이제 이 지역을 식민화할 수 없습니다.;;;;;;;;;;;;;
COLONY_ABORT_6;*;;;;;;;;;;;;;
COLONY_ABORT_BTN1;확인;;;;;;;;;;;;;
COLONY_ABORT_BTN2;확인;;;;;;;;;;;;;
COLONY_ABORT_BTN3;참조;;;;;;;;;;;;;
COLONY_ABORT_MAP;식민화 중단!;;;;;;;;;;;;;
COLONY_ABORT_SETUP;식민화가 중단됐을 때;;;;;;;;;;;;;
COLONY_ABORT_LOG;$TARGET$의 식민화가 중단됐습니다.;;;;;;;;;;;;;
DIPRELCH_VALID_CB;유효한 전쟁명분;;;;;;;;;;;;;
BRIGADES_COMPARE_GREATER; 두 국가의 여단 수 차이 > [SUB_A7]Y$VAL$[SUB_A7]W\n;;;;;;;;;;;;;
BRIGADES_COMPARE_SMALLER; 두 국가의 여단 수 차이 < [SUB_A7]Y$VAL$[SUB_A7]W\n;;;;;;;;;;;;;
CONFIRM_CREATE_STATE_DESC2;(모든 지역 효과가 사라집니다);;;;;;;;;;;;;
UNIT_ENABLE_REBEL_HUNT;반군 소탕;;;;;;;;;;;;;
UNIT_DISABLE_REBEL_HUNT;(반군 소탕 중);;;;;;;;;;;;;
UNIT_REBEL_HUNT_WILL_HUNT;[SUB_A7]R반군 소탕을 준비하고 있습니다.[SUB_A7]W;;;;;;;;;;;;;
UNIT_REBEL_HUNT_IS_BUSY;[SUB_A7]R너무 바빠 반군을 소탕할 수 없습니다.[SUB_A7]W;;;;;;;;;;;;;
UNIT_REBEL_HUNT_LOW_MORALE;[SUB_A7]R사기가 너무 낮아 반군을 소탕할 수 없습니다.[SUB_A7]W;;;;;;;;;;;;;
UNIT_REBEL_HUNT_NO_VALID;[SUB_A7]R반군의 위치는 알아냈으나, 군세가 강한데다 공격 경로를 찾지 못해 공격할 수 없습니다.[SUB_A7]W;;;;;;;;;;;;;
NOT_RELEASE_AT_WAR;[SUB_A7]R(전시에는 국가를 해방할 수 없습니다.)[SUB_A7]W;;;;;;;;;;;;;
COLONY_SUCCESS_5;위신이 [SUB_A7]Y$PRESTIGE$[SUB_A7]W 상승했습니다.;;;;;;;;;;;;;
COLONY_SUCCESS_6;(기본 수치 [SUB_A7]Y$BASE$[SUB_A7]W x [SUB_A7]Y$PROV$[SUB_A7]W 지역 수);;;;;;;;;;;;;
COUNTRY_PUPPETS_LIST;괴뢰국 ;;;;;;;;;;;;;
POLL_ESTIMATED_ELECTION;예상 선거 결과;;;;;;;;;;;;;
MODIFIER_MOVEMENT_COST;병력 이동비;;;;;;;;;;;;;
SPEED_IMPACT_ON_CB;전쟁 정당화 속도가 [SUB_A7]Y$VAL$[SUB_A7]W 변합니다.;;;;;;;;;;;;;
TERR_COMB_WIDTH_DEC;전장 너비: [SUB_A7]Y$VAL$[SUB_A7]W%;;;;;;;;;;;;;
MODIFIER_BOOST_STRONGEST_PARTY;당력;;;;;;;;;;;;;
PEACEDEMANDDESC;$COUNTRY$이(가) 평화를 요구하고 있습니다. 조건:;;;;;;;;;;;;;
CB_JUSTIFY_NO_LONGER_VALID_SETUP;전쟁명분이 이제 유효하지 않을 때;;;;;;;;;;;;;
CB_JUSTIFY_NO_LONGER_VALID_HEADER;$MONARCHTITLE$;;;;;;;;;;;;;
CB_JUSTIFY_NO_LONGER_VALID_1;전쟁 정당화;;;;;;;;;;;;;
CB_JUSTIFY_NO_LONGER_VALID_2;[SUB_A7]Y$CASUS$[SUB_A7]W을 명분 삼아;;;;;;;;;;;;;
CB_JUSTIFY_NO_LONGER_VALID_3;$TARGET$을(를) 공격하려던;;;;;;;;;;;;;
CB_JUSTIFY_NO_LONGER_VALID_4;전쟁 정당화;;;;;;;;;;;;;
CB_JUSTIFY_NO_LONGER_VALID_5;노력이;;;;;;;;;;;;;
CB_JUSTIFY_NO_LONGER_VALID_6;물거품이 됐습니다!;;;;;;;;;;;;;
CB_JUSTIFY_NO_LONGER_VALID_LOG;$TARGET$에 대한 전쟁명분이 이제 유효하지 않습니다.;;;;;;;;;;;;;
CB_JUSTIFY_NO_LONGER_VALID_BTN1;확인;;;;;;;;;;;;;
CB_JUSTIFY_NO_LONGER_VALID_BTN2;확인;;;;;;;;;;;;;
CB_JUSTIFY_NO_LONGER_VALID_BTN3;참조;;;;;;;;;;;;;
CB_JUSTIFY_NO_LONGER_VALID_MAP;*;;;;;;;;;;;;;
NO_ALLOWED_COUNTRIES;(해당하는 국가가 없습니다);;;;;;;;;;;;;
NO_ALLOWED_STATES;(해당하는 주가 없습니다);;;;;;;;;;;;;
HAS_LESS_STATE_THAN; 주 개수 < ;;;;;;;;;;;;;
HAS_STATES_GREATER_EQ; 주 개수 ≥ ;;;;;;;;;;;;;
HAVE_MORE_SUBSTATES_THEN; 휘하의 번국 수 > ;;;;;;;;;;;;;
HAVE_LESS_SUBSTATES_THEN; 휘하의 번국 수 < ;;;;;;;;;;;;;
HAVE_MORE_VASSALS_THAN; 휘하의 종속국 수 > ;;;;;;;;;;;;;
HAS_UNION_TAG; 같은 문화권을 아우르는 문화연합 ≥ 1;;;;;;;;;;;;;
HAS_NO_UNION_TAG; 같은 문화권을 아우르는 문화연합 < 1;;;;;;;;;;;;;
HAS_CULTURE_UNION; 같은 문화권을 아우르는 문화연합 ≥ 1;;;;;;;;;;;;;
HAS_NOT_CULTURE_UNION; 같은 문화권을 아우르는 문화연합 < 1;;;;;;;;;;;;;
IS_STATE_CAPITAL; = 주도;;;;;;;;;;;;;
IS_NOT_STATE_CAPITAL; ≠ 주도;;;;;;;;;;;;;
SUBSIDIZE_ALL_TOOLTIP;모든 공장에 보조금을 지급합니다.;;;;;;;;;;;;;
UNSUBSIDIZE_ALL_TOOLTIP;모든 공장에 보조금을 취소합니다.;;;;;;;;;;;;;
OPEN_ALL_TOOLTIP;모든 공장을 가동합니다.;;;;;;;;;;;;;
CLOSE_ALL_TOOLTIP;모든 공장을 폐쇄합니다.;;;;;;;;;;;;;
ON_ENACT_UNCIV_REFORM;시행했을 때:;;;;;;;;;;;;;
EFFECT_BUILD_IN_CAPITAL_DESC; [SUB_A7]Y$PROVS$[SUB_A7]W에 [SUB_A7]Y$BLD$[SUB_A7]!을(를) 건설합니다.\n;;;;;;;;;;;;;
TRIGGER_BUILD_IN_CAPITAL_DESC; [SUB_A7]R건설할 수 없습니다.[SUB_A7]W;;;;;;;;;;;;;
DIPLOMACY_CB_INFO;전쟁 정당화;;;;;;;;;;;;;
COLONIZE_MAX_SLOTS;[SUB_A7]Y$NUM$[SUB_A7]W개 국가만이 식민화 경쟁이 가능합니다.;;;;;;;;;;;;;
RIGHT_CLICK_TO_REMOVE_NF;[SUB_A7]Y마우스 우클릭[SUB_A7]W으로 설정한 국민중점을 해제합니다.;;;;;;;;;;;;;
CONFIRM_REMOVE_COLONY_NF_TITLE;식민화 국민중점 해제;;;;;;;;;;;;;
CONFIRM_REMOVE_COLONY_NF_DESC;국민중점을 해제하면 지금까지의 식민화 진행도를 잃습니다.;;;;;;;;;;;;;
CB_ALLOWED_INSTALL_COMMUNIST_GOV_TYPE;공산화;;;;;;;;;;;;;
po_install_communist_gov_type;공산주의 정부 수립;;;;;;;;;;;;;
install_communist_gov_cb;공산주의 정부 수립;;;;;;;;;;;;;
install_communist_gov_cb_desc;[SUB_A7]Y목표 국가[SUB_A7]W에 공산주의 정부를 수립합니다.;;;;;;;;;;;;;
install_communist_gov_cb_setup;$RECIPIENT$에 우호적인 공산주의 정부를 수립합니다.;;;;;;;;;;;;;
install_communist_gov_cb_short;$RECIPIENT$ 공산주의 정부 수립;;;;;;;;;;;;;
CB_ALLOWED_UNINSTALL_COMMUNIST_GOV_TYPE;공산정부 축출;;;;;;;;;;;;;
po_uninstall_communist_gov_type;공산주의 정부 축출;;;;;;;;;;;;;
uninstall_communist_gov_cb;공산주의 정부 축출;;;;;;;;;;;;;
uninstall_communist_gov_cb_desc;공산주의 정부를 축출합니다.;;;;;;;;;;;;;
uninstall_communist_gov_cb_setup;공산주의 정부를 축출합니다.;;;;;;;;;;;;;
uninstall_communist_gov_cb_short;공산주의 정부 축출;;;;;;;;;;;;;
NF_OVERWRITE_HEADER;국민중점([SUB_A7]Y$NF$[SUB_A7]W)을 설정하려면 다른 주의 국민중점을 해제해야 합니다.;;;;;;;;;;;;;
NF_OVERWRITE_ENTRY;[SUB_A7]Y$NF$[SUB_A7]W\n [SUB_A7]G$STATE$[SUB_A7]W;;;;;;;;;;;;;
PRESTIGE_MORALE_BONUS;추가 사기: [SUB_A7]Y$VAL$[SUB_A7]W;;;;;;;;;;;;;
PRESTIGE_MAX_ORG_BONUS;추가 조직력: [SUB_A7]Y$VAL$[SUB_A7]W;;;;;;;;;;;;;
PRESTIGE_PENALTY_ON_LEADER_TRANSFER_TITLE;위신 불이익;;;;;;;;;;;;;
PRESTIGE_PENALTY_ON_LEADER_TRANSFER_DESC;전시에 지휘관([SUB_A7]Y$NAME$[SUB_A7]W)을 교체하면 위신이 [SUB_A7]R$VAL$[SUB_A7]W 감소합니다.\n그렇게 하겠습니까?;;;;;;;;;;;;;
REORG_PANEL_BALANCE_UNITS;균등 분할;;;;;;;;;;;;;
INVEST_PROJECT_NOT_ENOUGH_MONEY;[SUB_A7]R자금이 부족합니다.[SUB_A7]W;;;;;;;;;;;;;
INVEST_PROJECT_SHORTCUT_MAX;[SUB_A7]R컨트롤 + 마우스 좌클릭[SUB_A7]W으로 해당 건설계획에 최대금액([SUB_A7]Y$AMOUNT$[SUB_A7]W[SUB_A4] )을 투자합니다.;;;;;;;;;;;;;
INVEST_PROJECT_SHORTCUT_MAX_ALL;[SUB_A7]R쉬프트 + 마우스 좌클릭[SUB_A7]W으로 모든 건설계획에 최대금액([SUB_A7]Y$AMOUNT$[SUB_A7]W[SUB_A4] )을 투자합니다.;;;;;;;;;;;;;
INVEST_PROJECT_CONFIRM;투자;;;;;;;;;;;;;
INVEST_PROJECT_MAX;최대금액;;;;;;;;;;;;;
INVEST_PROJECT_TITLE;[SUB_A7]Y$LOC$[SUB_A7]W의 "[SUB_A7]Y$PROJ$[SUB_A7]W" 계획 투자;;;;;;;;;;;;;
INVEST_PROJECT_TOOLTIP_YOUR_BUDGET;현재 예산;;;;;;;;;;;;;
INVEST_PROJECT_TOOLTIP_PROJECT_BUDGET;건설계획 예산은 필요한 [SUB_A7]Y$TOT$[SUB_A7]W 중에서 [SUB_A7]Y$BUD$[SUB_A7]W입니다.\n[SUB_A7]Y$INV$[SUB_A7]W 투자합니다.;;;;;;;;;;;;;
INVEST_PROJECT_TOOLTIP_APPLY;투자를 적용합니다.;;;;;;;;;;;;;
MIL_MULTI_CONSTRUCTION_TOOLTIP;[SUB_A7]Y마우스 좌클릭 + 쉬프트[SUB_A7]W로 모두 편제합니다.;;;;;;;;;;;;;
MIL_CONSTRUCTION_CANCEL_ALL_SHORT;모두 취소;;;;;;;;;;;;;
MIL_CONSTRUCTION_CANCEL_ALL;모든 편제 취소;;;;;;;;;;;;;
MIL_CONSTRUCTION_CANCEL_ALL_WARNING_TITLE;모든 편제 취소;;;;;;;;;;;;;
MIL_CONSTRUCTION_CANCEL_ALL_WARNING_DESC;모든 편제를 취소합니다.;;;;;;;;;;;;;
SORT_BY_PRESTIGE;위신 순서대로 정렬합니다.;;;;;;;;;;;;;
SORT_BY_NAME;이름 순서대로 정렬합니다.;;;;;;;;;;;;;
SORT_BY_SELECTED;선택한 순서대로 정렬합니다.;;;;;;;;;;;;;
ATTACKUSREBEL_SETUP;우리 육군이 반군의 공격을 받았을 때;;;;;;;;;;;;;
ATTACKUSREBEL_HEADER;참모총장 보고서;;;;;;;;;;;;;
ATTACKUSREBEL_1;적군의 공격!;;;;;;;;;;;;;
ATTACKUSREBEL_2;$MONARCHTITLE$께 아뢰기를, $PROV$;;;;;;;;;;;;;
ATTACKUSREBEL_3;에 주둔한 아군 부대가;;;;;;;;;;;;;
ATTACKUSREBEL_4;$ATTACKER$의 공격군과 교전을 벌였습니다.;;;;;;;;;;;;;
ATTACKUSREBEL_5;*;;;;;;;;;;;;;
ATTACKUSREBEL_6;*;;;;;;;;;;;;;
ATTACKUSREBEL_LOG;$PROV$의 우리 육군이 공격받았습니다.;;;;;;;;;;;;;
ATTACKUSREBEL_BTN1;확인;;;;;;;;;;;;;
ATTACKUSREBEL_BTN2;확인;;;;;;;;;;;;;
ATTACKUSREBEL_BTN3;참조;;;;;;;;;;;;;
ATTACKUSREBEL_MAP;공격 받음!;;;;;;;;;;;;;
ATTACKTHEMREBEL_SETUP;우리 육군이 우리 영토를 공격하는 반군을 공격했을 때;;;;;;;;;;;;;
ATTACKTHEMREBEL_HEADER;참모총장 보고서;;;;;;;;;;;;;
ATTACKTHEMREBEL_1;교전 발생!;;;;;;;;;;;;;
ATTACKTHEMREBEL_2;$MONARCHTITLE$께 아뢰기를,;;;;;;;;;;;;;
ATTACKTHEMREBEL_3;$PROV$에서 교전이 벌어졌습니다.;;;;;;;;;;;;;
ATTACKTHEMREBEL_4;아군은 $DEFENDER$의 방어군을 공격하고 있습니다.;;;;;;;;;;;;;
ATTACKTHEMREBEL_5;*;;;;;;;;;;;;;
ATTACKTHEMREBEL_6;*;;;;;;;;;;;;;
ATTACKTHEMREBEL_LOG;우리 육군이 $PROV$의 적군을 공격했습니다.;;;;;;;;;;;;;
ATTACKTHEMREBEL_BTN1;확인;;;;;;;;;;;;;
ATTACKTHEMREBEL_BTN2;확인;;;;;;;;;;;;;
ATTACKTHEMREBEL_BTN3;참조;;;;;;;;;;;;;
ATTACKTHEMREBEL_MAP;공격 개시;;;;;;;;;;;;;
SIEGEUSREBEL_SETUP;반군이 우리 지역에서 점령전을 시작했을 때;;;;;;;;;;;;;
SIEGEUSREBEL_HEADER;$MESSENGER$;;;;;;;;;;;;;
SIEGEUSREBEL_1;점령전 개시;;;;;;;;;;;;;
SIEGEUSREBEL_2;$MONARCHTITLE$께 아뢰기를,;;;;;;;;;;;;;
SIEGEUSREBEL_3;적군이 $PROV$에서;;;;;;;;;;;;;
SIEGEUSREBEL_4;점령전을 개시했습니다. 하지만 두려워 마십시오!;;;;;;;;;;;;;
SIEGEUSREBEL_5;$ATTACKER$은(는) 필시;;;;;;;;;;;;;
SIEGEUSREBEL_6;우리 군대에게 패퇴당할 겁니다.;;;;;;;;;;;;;
SIEGEUSREBEL_LOG;$PROV$에서 점령전을 시작했습니다.;;;;;;;;;;;;;
SIEGEUSREBEL_BTN1;확인;;;;;;;;;;;;;
SIEGEUSREBEL_BTN2;확인;;;;;;;;;;;;;
SIEGEUSREBEL_BTN3;참조;;;;;;;;;;;;;
SIEGEUSREBEL_MAP;*;;;;;;;;;;;;;
SIEGETHEMREBEL_SETUP;우리나라가 반군의 점령지에서 점령전을 시작했을 때;;;;;;;;;;;;;
SIEGETHEMREBEL_HEADER;$MESSENGER$;;;;;;;;;;;;;
SIEGETHEMREBEL_1;점령전 개시;;;;;;;;;;;;;
SIEGETHEMREBEL_2;$MONARCHTITLE$께 아뢰기를, 우리 군대가;;;;;;;;;;;;;
SIEGETHEMREBEL_3;$PROV$에서 점령전을 시작했습니다.;;;;;;;;;;;;;
SIEGETHEMREBEL_4;$DEFENDER$의 손아귀에서 그곳을 비틀어 떼어내기까지는;;;;;;;;;;;;;
SIEGETHEMREBEL_5;오랜 시간이 걸리지 않을 것으로 보입니다.;;;;;;;;;;;;;
SIEGETHEMREBEL_6;그곳 주민들도 우리나라의 너그러운 통치를 분명 고대하고 있을 겁니다.;;;;;;;;;;;;;
SIEGETHEMREBEL_LOG;우리나라가 $PROV$에서 점령전을 시작했습니다.;;;;;;;;;;;;;
SIEGETHEMREBEL_BTN1;확인;;;;;;;;;;;;;
SIEGETHEMREBEL_BTN2;확인;;;;;;;;;;;;;
SIEGETHEMREBEL_BTN3;참조;;;;;;;;;;;;;
SIEGETHEMREBEL_MAP;*;;;;;;;;;;;;;
REMOVE_RANDOM_ECO_REFORMS_EFFECT; 경제개혁([SUB_A7]Y$VAL$[SUB_A7]W)을 실시합니다.\n;;;;;;;;;;;;;
REMOVE_RANDOM_MIL_REFORMS_EFFECT;군사개혁([SUB_A7]Y$VAL$[SUB_A7]W)을 실시합니다.\n;;;;;;;;;;;;;
PRODUCTION_FACTORY_PURE_INCOME;어제의 순수입: $VALUE$;;;;;;;;;;;;;
PRODUCTION_FACTORY_MARKET_SPENDINGS;시장 지출: $VALUE$;;;;;;;;;;;;;
PRODUCTION_FACTORY_POP_PAYCHECKS;노동자/자본가 봉급: $VALUE$;;;;;;;;;;;;;
PRODUCTION_FACTORY_TOTAL_BALANCE;어제의 잔고: $VALUE$;;;;;;;;;;;;;
PRODUCTION_FACTORY_TODAY_PROFIT;어제의 수익: $VALUE$;;;;;;;;;;;;;
PRODUCTION_FACTORY_PROFITABILITY;최근 $DAYS$일 동안의 평균 수익: $VALUE$;;;;;;;;;;;;;
PRODUCTION_FACTORY_CURRENT_BUDGET;현재 공장 예산: $VALUE$;;;;;;;;;;;;;
PRODUCTION_FACTORY_INVESTMENT;투자: $VALUE$;;;;;;;;;;;;;
PRODUCTION_FACTORY_SUBSIDIES;보조금: $VALUE$;;;;;;;;;;;;;
INFLUENCE_OVERFLOW_TOOLTIP;다른 국가들의 영향력을 감소시키는데 영향력을 매일마다 [SUB_A7]Y$VALUE$[SUB_A7]W 쓰고 있습니다.;;;;;;;;;;;;;
TRADE_FLOW_PRODUCED;[SUB_A7]Y생산자:[SUB_A7]W;;;;;;;;;;;;;
TRADE_FLOW_USED;[SUB_A7]Y소비자:[SUB_A7]W;;;;;;;;;;;;;
TRADE_FLOW_MAY_BE_USED;[SUB_A7]Y잠재적 소비자:[SUB_A7]W;;;;;;;;;;;;;
TRADE_FLOW_TOTAL_PRODUCED;[SUB_A7]Y총생산량:[SUB_A7]W;;;;;;;;;;;;;
TRADE_FLOW_TOTAL_USED;[SUB_A7]Y총소비량:[SUB_A7]W;;;;;;;;;;;;;
TRADE_FLOW_RGO_NAME;채집장;;;;;;;;;;;;;
TRADE_FLOW_DESC_RGO;$POP$들이 $RESOURCE$을(를) $AMOUNT$ $ACTION$합니다.;;;;;;;;;;;;;
TRADE_FLOW_DESC_RGO_ACTION_MINING;생산;;;;;;;;;;;;;
TRADE_FLOW_DESC_RGO_ACTION_FARMING;생산;;;;;;;;;;;;;
TRADE_FLOW_DESC_ARTISAN;사업가들은 매일마다 $RESOURCE$을(를) $AMOUNT$ 생산합니다.;;;;;;;;;;;;;
TRADE_FLOW_DESC_FACTORY;$STATE$의 $FACTORY$은(는) 매일마다 $RESOURCE$을(를) $AMOUNT$ 생산합니다.;;;;;;;;;;;;;
TRADE_FLOW_CONSUME_DESC_ARTISAN;사업가들은 $RESOURCE$을(를) $AMOUNT$ 소비해 $OUTPUT$을(를) 생산합니다.;;;;;;;;;;;;;
TRADE_FLOW_CONSUME_DESC_RGO;$POP$들은 $RESOURCE$을(를) $AMOUNT$ 구매해 $OUTPUT$을(를) 생산합니다.;;;;;;;;;;;;;
TRADE_FLOW_CONSUME_DESC_FACTORY;$STATE$의 $FACTORY$은(는) $RESOURCE$을(를) $AMOUNT$ 소비해 공산품을 생산하고 공장을 보수/유지합니다.;;;;;;;;;;;;;
TRADE_FLOW_CONSUME_DESC_POPS;$POP$들은 $RESOURCE$을(를) $AMOUNT$ 구매해 수요를 충족합니다.;;;;;;;;;;;;;
TRADE_FLOW_CONSUME_DESC_MILITARY;군대는 매일마다 $RESOURCE$을(를) 보급품으로서 $AMOUNT$ 소비합니다.;;;;;;;;;;;;;
TRADE_FLOW_MAY_USE_MILITARY_DESC;$INPUT$은(는) 군대의 일일보급품으로 쓰입니다.;;;;;;;;;;;;;
TRADE_FLOW_MAY_USE_DESC;$INPUT$은(는) $PRODUCER$이(가) $OUTPUT$을(를) 생산하는데 쓰입니다.;;;;;;;;;;;;;
TRADE_FLOW_MILITARY_SUPPLY;군대 소비;;;;;;;;;;;;;
TRADE_FLOW_CURRENT_PRICE;현재 가격:;;;;;;;;;;;;;
TRADE_FLOW_DETAILS;세부사항;;;;;;;;;;;;;
TRADE_FLOW_PART_OF_WORLD_PROD;세계 생산량의 [SUB_A7]Y$PERC$%[SUB_A7]W를 차지합니다.;;;;;;;;;;;;;
EMIGRATION_AT_PROVINCE_TOOLTIP;([SUB_A7]R$TOTALEMI$[SUB_A7]W) [SUB_A7]Y출국이민자:[SUB_A7]W\n$EMILIST$\n([SUB_A7]G$TOTALIMM$[SUB_A7]W) [SUB_A7]Y입국이민자:[SUB_A7]W\n$IMMLIST$;;;;;;;;;;;;;
NO_MIGRATIONS_FOUND1_TOOLTIP;소유국: [SUB_A7]Y$COUNTRY$[SUB_A7]W;;;;;;;;;;;;;
NO_MIGRATIONS_FOUND2_TOOLTIP;국가 간의 이민이 없습니다.;;;;;;;;;;;;;
NO_MIGRATIONS_FOUND3_TOOLTIP;(자세히 보려면 지역을 선택하세요);;;;;;;;;;;;;
PROVINCE_VIEW_BUILD_ALL_TOOLTIP;(클릭 + 컨트롤로 해당 주에 속한 모든 지역에 건설합니다.);;;;;;;;;;;;;
EMIGRATION_ENTRY_TOOLTIP;[SUB_A7]R$NUM$[SUB_A7]W명이 [SUB_A7]Y$PROV$[SUB_A7]W(으)로 이민갑니다.;;;;;;;;;;;;;
IMMIGRATION_ENTRY_TOOLTIP;[SUB_A7]G$NUM$[SUB_A7]W명이 [SUB_A7]Y$PROV$[SUB_A7]W에서 이민옵니다.;;;;;;;;;;;;;
CB_GENERATION_SPEED_BONUS_ON_COLONY_COMPETITION;[SUB_A7]Y$COUNTRY$[SUB_A7]W과(와) [SUB_A7]Y$REGION$[SUB_A7]W 지방을 두고 식민지 경쟁을 펼치고 있어 전쟁 정당화 속도가 [SUB_A7]Y$BONUS$ 증가합니다.;;;;;;;;;;;;;
CB_GENERATION_BONUS_TOOLTIP;[SUB_A7]Y$COUNTRIES$[SUB_A7]W에 대한 전쟁 정당화 속도가 [SUB_A7]Y$BONUS$[SUB_A7]W 증가합니다.;;;;;;;;;;;;;
CB_GENERATION_BONUS_TROOPS_PRESENCE_TOOLTIP;(적국 군대의 존재로 인해 [SUB_A7]Y$BONUS$[SUB_A7]W 증가);;;;;;;;;;;;;
CB_GENERATION_BONUS_OPPONENT_TROOPS_PRESENCE;([SUB_A7]Y$AGAINST$[SUB_A7]W 군대의 존재로 인해 [SUB_A7]Y$FOR$[SUB_A7]W [SUB_A7]Y$BONUS$[SUB_A7]W 증가);;;;;;;;;;;;;
MODIFIER_CB_GENERATION_SPEED_MODIFIER;전쟁 정당화 속도;;;;;;;;;;;;;
NOT_CONSTRUCTING_CASUS_BELLI_AGAINST;전쟁을 정당화하지 않음: ;;;;;;;;;;;;;
MODIFIER_MOBILIZATION_IMPACT;동원 영향;;;;;;;;;;;;;
MOBILIZATION_IMPACT_LIMIT_DESC;[SUB_A7]Y$POLICY$[SUB_A7]W적인 대외정책으로 인한 동원령의 영향은 [SUB_A7]Y$IMPACT$[SUB_A7]W이며, 그 규모는 [SUB_A7]Y$UNITS$[SUB_A7]W개 사단으로 제한됩니다.;;;;;;;;;;;;;
MOBILIZATION_IMPACT_LIMIT_DESC2;(현재 여단 증가량: [SUB_A7]Y$CURR$[SUB_A7]W개 여단, 기존보다 [SUB_A7]Y$IMPACT$[SUB_A7]W 증가함);;;;;;;;;;;;;
CONSTRUCTING_CASUS_BELLI_AGAINST;전쟁 정당화 피청구국: ;;;;;;;;;;;;;
TRIGGER_CB_CREATION_NOT_DISCOVERED; 전쟁 정당화 발각되지 않음;;;;;;;;;;;;;
TRIGGER_CB_CREATION_DISCOVERED; 전쟁 정당화 발각됨;;;;;;;;;;;;;
TRIGGER_CB_PROGRESS_LESS; 전쟁 정당화 진행도: [SUB_A7]Y$PERCENTAGE$[SUB_A7]W%;;;;;;;;;;;;;
TRIGGER_CB_PROGRESS_ATLEAST; 전쟁 정당화 진행도: [SUB_A7]Y$PERCENTAGE$[SUB_A7]W%;;;;;;;;;;;;;
TRIGGER_IS_CONSTRUCTING_CB; 전쟁 정당화 중: [SUB_A7]Y$TYPE$[SUB_A7]W;;;;;;;;;;;;;
TRIGGER_IS_NOT_CONSTRUCTING_CB; 전쟁 정당화 중 아님: [SUB_A7]Y$TYPE$[SUB_A7]W;;;;;;;;;;;;;
NEED_RELATION_LESS;양국의 관계([SUB_A7]Y$VAL$[SUB_A7]W)가 너무 좋으므로 [SUB_A7]Y$LIMIT$[SUB_A7]W까지 악화해야 합니다.;;;;;;;;;;;;;
ALREADY_MAKING_CB;이미 [SUB_A7]Y$TARGET$[SUB_A7]W에 대해 전쟁을 정당화하고 있습니다.;;;;;;;;;;;;;
MAKE_CB_BUTTON;전쟁 정당화;;;;;;;;;;;;;
MAKE_CB_DESC;전쟁을 선포할 명분을 정당화합니다.;;;;;;;;;;;;;
MAKE_CBTITLE;전쟁 정당화;;;;;;;;;;;;;
MAPMODE_11;천연자원;;;;;;;;;;;;;
MAPMODE_12;인구;;;;;;;;;;;;;
MAPMODE_13;문화;;;;;;;;;;;;;
MAPMODE_14;영향권;;;;;;;;;;;;;
MAPMODE_15;보급 한계;;;;;;;;;;;;;
MAPMODE_16;애당심;;;;;;;;;;;;;
MAPMODE_17;순위;;;;;;;;;;;;;
MAPMODE_18;이민;;;;;;;;;;;;;
MAPMODE_20;관계;;;;;;;;;;;;;
WORLD_RANKING;세계 순위;;;;;;;;;;;;;
WORLD_RANKING_SECONDARY_POWER;[SUB_A7]Y$COUNTRY$[SUB_A7]W은(는) 지역강국입니다.;;;;;;;;;;;;;
POPULATION_DENSITY_AT_PROVINCE;[SUB_A7]Y$PROV$[SUB_A7]W 총인구:;;;;;;;;;;;;;
NATIONALITY_MAJORITY_AT_PROVINCE;[SUB_A7]Y$PROV$[SUB_A7]W의 주요 문화:;;;;;;;;;;;;;
SPHERE_OF_INFL_GREAT_POWER;[SUB_A7]Y$COUNTRY$[SUB_A7]W: 강대국;;;;;;;;;;;;;
SPHERE_OF_INFL_IS_IN_SPHERE;[SUB_A7]Y$COUNTRY1$[SUB_A7]W: [SUB_A7]Y$COUNTRY2$[SUB_A7]W의 영향권;;;;;;;;;;;;;
SPHERE_OF_INFL_IS_INFL_BY;[SUB_A7]Y$COUNTRY$[SUB_A7]W에 영향력을 투사하는 국가들:;;;;;;;;;;;;;
PARTY_LOYALTY_EFFECT_DESC; [SUB_A7]Y$PROV$[SUB_A7]W의 [SUB_A7]Y$PARTY$[SUB_A7]W 애당심: $OPERATOR$ [SUB_A7]Y$VALUE$[SUB_A7]W합니다.\n;;;;;;;;;;;;;
PARTY_LOYALTY_EFFECT_OPERATOR_ADD;+;;;;;;;;;;;;;
PARTY_LOYALTY_EFFECT_OPERATOR_MUL;x;;;;;;;;;;;;;
PARTY_LOYALTY_EFFECT_OPERATOR_REM;-;;;;;;;;;;;;;
PARTY_LOYALTY_EFFECT_OPERATOR_SET;=;;;;;;;;;;;;;
PARTY_LOYALTY_DESC_HEADER;[SUB_A7]Y$PROV$[SUB_A7]W 애당심:;;;;;;;;;;;;;
PARTY_LOYALTY_DESC_NEUTRAL;중립;;;;;;;;;;;;;
PARTY_POPULARITY;정당 대중성;;;;;;;;;;;;;
PRICE_HISTORY_TIME_RANGE;지난 $MONTHS$개월 동안의 가격;;;;;;;;;;;;;
party_loyalty_focus;정당 지지도;;;;;;;;;;;;;
fascist_focus;[SUB_A7]Y파쇼주의[SUB_A7]W 애당심: ;;;;;;;;;;;;;
reactionary_focus;[SUB_A7]Y반동주의[SUB_A7]W 애당심: ;;;;;;;;;;;;;
conservative_focus;[SUB_A7]Y보수주의[SUB_A7]W 애당심: ;;;;;;;;;;;;;
socialist_focus;[SUB_A7]Y사회주의[SUB_A7]W 애당심: ;;;;;;;;;;;;;
communist_focus;[SUB_A7]Y공산주의[SUB_A7]W 애당심: ;;;;;;;;;;;;;
liberal_focus;[SUB_A7]Y자유주의[SUB_A7]W 애당심: ;;;;;;;;;;;;;
anarcho_liberal_focus;[SUB_A7]Y아나르코자본주의[SUB_A7]W 애당심: ;;;;;;;;;;;;;
NATIONAL_FOCUS_PARTY_LOYALTY_DESC;일일 애당심 변동: [SUB_A7]Y$VAL$[SUB_A7]W;;;;;;;;;;;;;
PARTY_WITH_IDEOLOGY_NOT_EXIST;[SUB_A7]Y$IDEOLOGY$[SUB_A7]W 정당이 없습니다.;;;;;;;;;;;;;
NATIONAL_FOCUS_PARTY_LOYALTY_EFFECT; $PARTY$ 애당심이 $VAL$ 바뀝니다.;;;;;;;;;;;;;
SUBSTATE_OF_NOCOLOR;종주국;;;;;;;;;;;;;
SUBSTATE;번국;;;;;;;;;;;;;
SUBSTATE_JOIN_WAR_DESC;[SUB_A7]Y$COUNTRY$[SUB_A7]W의 번국이므로 자동으로 종주국의 전쟁에 참전합니다.;;;;;;;;;;;;;
IS_NOT_SUBSTATE_OF; 종주국 ≠ ;;;;;;;;;;;;;
IS_SUBSTATE_OF; 종주국 = ;;;;;;;;;;;;;
IS_NOT_SUBSTATE; ≠ 번국;;;;;;;;;;;;;
IS_SUBSTATE; = 번국;;;;;;;;;;;;;
ANY_SUBSTATE; 이하 조건을 충족하는 번국 전체;;;;;;;;;;;;;
acquire_substate_region;번국 주 인수;;;;;;;;;;;;;
acquire_substate_region_desc;적국의 번국이 점유한 [SUB_A7]Y주[SUB_A7]W를 인수합니다.;;;;;;;;;;;;;
acquire_substate_region_short;$STATE$ 인수;;;;;;;;;;;;;
acquire_substate_region_setup;$RECIPIENT$이(가) 점유한 $STATE$을(를) 인수합니다.;;;;;;;;;;;;;
become_independent;독립;;;;;;;;;;;;;
become_independent_short;$RECIPIENT$에게서의 해방;;;;;;;;;;;;;
become_independent_setup;$RECIPIENT$에게서 독립합니다.;;;;;;;;;;;;;
become_independent_desc;무력을 통해 종주국에게 독립을 선포합니다.;;;;;;;;;;;;;
make_puppet;괴뢰화;;;;;;;;;;;;;
make_puppet_short;$RECIPIENT$ 괴뢰화;;;;;;;;;;;;;
make_puppet_setup;$RECIPIENT$을(를) 괴뢰화합니다.;;;;;;;;;;;;;
make_puppet_desc;적국의 수도에 괴뢰정부를 수립합니다.;;;;;;;;;;;;;
RALLY_POINT_INFO;이 지역을 [SUB_A7]Y합류지점[SUB_A7]!으로 설정하면 편제가 완료된 주변 지역 부대들이 이 지역으로 향합니다.\n(자세한 내용은 모집 지도 참조);;;;;;;;;;;;;
RALLY_POINT_ENABLE_INFO;해당 지역을 합류지점으로 설정/해제합니다.;;;;;;;;;;;;;
RALLY_POINT_MERGE_INFO;목적지에서의 병합 여부를 설정/해제합니다.\n(여단들이 가장 큰 함대에 병합됩니다.);;;;;;;;;;;;;
RALLY_POINT_PROVINCE_INFO;$PROV$은(는) [SUB_A7]Y합류지점[SUB_A7]W입니다.;;;;;;;;;;;;;
RALLY_POINT_PROVINCE_MERGE_INFO;보급한계([SUB_A7]Y$LIMIT$[SUB_A7]W)에 도달할 때까지 모든 여단을 해당 항구에 정박한 가장 큰 여단에 병합합니다.;;;;;;;;;;;;;
CB_ALLOWED_MAKE_PUPPET;괴뢰화;;;;;;;;;;;;;
DIPLOMACY_NEGOTIATE_SUBSTATE;[SUB_A7]Y번국[SUB_A7]W과는 협상할 수 없습니다.;;;;;;;;;;;;;
DIPLOMACY_NEGOTIATE_WE_SUBSTATE;[SUB_A7]Y번국[SUB_A7]W은 단독으로 협상할 수 없습니다.;;;;;;;;;;;;;
DECL_WAR_NO_SUBSTATE;[SUB_A7]Y번국[SUB_A7]W에게는 전쟁을 선포할 수 없습니다.;;;;;;;;;;;;;
DIPLO_WE_SUBSTATE;종주국:;;;;;;;;;;;;;
DIPLO_THEY_SUBSTATE;번국;;;;;;;;;;;;;
SELECT_CB_CREATION_TYPE;원하는 전쟁명분을 선택합니다.;;;;;;;;;;;;;
CB_CREATION_DETAIL;[SUB_A7]Y$TYPE$[SUB_A7]W을(를) 명분 삼아 전쟁을 정당화합니다. 해당 작업에는 대략 [SUB_A7]Y$DAYS$[SUB_A7]W일이 소요됩니다.\n도중에 이 일이 발각된다면 악명을 0에서 최대 [SUB_A7]R$BADBOY$[SUB_A7]W까지 얻습니다.;;;;;;;;;;;;;
CB_MANUFACTURE_TECH;전쟁 정당화 효율;;;;;;;;;;;;;
CB_CREATE_TECH;전쟁 정당화 진행도: $VAL$;;;;;;;;;;;;;
SUPPRESSION_TECH_DESC;억제 효율: $VAL$;;;;;;;;;;;;;
CB_CREATION_TIME_DAYS;전쟁을 정당화하는데는 대략 [SUB_A7]Y$DAYS$[SUB_A7]W일이 소요됩니다.;;;;;;;;;;;;;
CB_NOT_ON_PUPPETS;[SUB_A7]Y종속국[SUB_A7]W과 [SUB_A7]Y번국[SUB_A7]W에는 전쟁을 정당화할 수 없습니다.;;;;;;;;;;;;;
CB_NOT_ON_SPHERES;우리나라의 영향권에 속한 국가에는 전쟁을 정당화할 수 없습니다.;;;;;;;;;;;;;
NO_WAR_JUSTIFICATION;전쟁명분이 이제 유효하지 않습니다.;;;;;;;;;;;;;
NOT_HOSTILE_BUILD;비적대적;;;;;;;;;;;;;
ACW_NAME;분열된 집안;;;;;;;;;;;;;
ACW_DESC;북아메리카에서는 남부 주들이 합중국에서 탈퇴하려 하면서 내전이 격렬해지고 있습니다. 결과는 불확실하지만, 양측 모두 철도와 전보, 반복적으로 새 종류의 소총을 사용할 수 있기 때문에 새로운 형태의 전쟁이 될 것을 약속합니다. 한편, 유럽에서는 영국이 최초의 철제 증기선 전함을 시험하고 있는데, 이 전함은 해상전에서의 혁명을 약속합니다. 점점 더 많은 국가들이 산업화를 시작함에 따라 세계 곳곳에서 산업혁명이 가속화되고 있습니다. 변화무쌍한 시대가 도래했습니다.;;;;;;;;;;;;;
EVTNAME90000;$CB_TARGET_NAME$의 위협;;;;;;;;;;;;;
EVTDESC90000;모두가 알다시피, $CB_TARGET_NAME$은(는) 우리에게 무언가를 얻어내려 합니다. 도발적인 공격 개시는 이제 시간 문제입니다. 따라서 선수를 쳐서 자위권을 행사하는 것이 매우 당연한 순리입니다. 다행히도 그 더러운 계획에 대한 자세한 보고서가 최근 언론에 노출되면서 대중들이 우리의 계획에 힘을 실어주었습니다.;;;;;;;;;;;;;
EVTOPTA90000;그들이 우리를 향해 달려오고 있다!;;;;;;;;;;;;;
EVTNAME90001;$CB_TARGET_NAME$에 대한 임무;;;;;;;;;;;;;
EVTDESC90001;$CB_TARGET_NAME$ 군복을 입고 국경을 넘으려던 우리 병사들이 꽤 당황스런 실수로 인해 $CB_TARGET_NAME$ 당국에 체포됐습니다. 침략을 정당화하기 위해 국경침범 사건을 벌였다는 소문은 전혀 근거가 없지만, 당장은 이 뜨거운 화재에 기름을 끼얹지 않는 것이 현명할 것입니다.;;;;;;;;;;;;;
EVTOPTA90001;무슨 말을 하는 건가?;;;;;;;;;;;;;
EVTNAME90002;$CB_TARGET_NAME$의 폭정;;;;;;;;;;;;;
EVTDESC90002;정말 오랫동안 수많은 이들이 $CB_TARGET_NAME$의 해로운 영향권 하에서 신음하고 있습니다. 세계공동체를 위해 $CB_TARGET_NAME$이(가) 저지른 악행의 증거를 만국에 밝히고, $CB_TARGET_NAME$의 영향권에 속하는 국가들의 행복을 위해 그들을 품 안에 품어야 합니다.;;;;;;;;;;;;;
EVTOPTA90002;그들을 구원하겠다!;;;;;;;;;;;;;
EVTNAME90003;$CB_TARGET_NAME$의 폭정;;;;;;;;;;;;;
EVTDESC90003;$CB_TARGET_NAME$의 악행에 관한 진실된 사실을 밝혔음에도, $CB_TARGET_NAME$은(는) 자국의 영향권에 속한 빈국들을 도울 계획이 없어보입니다.;;;;;;;;;;;;;
EVTOPTA90003;어리석군!;;;;;;;;;;;;;
EVTNAME90004;$CB_TARGET_NAME$ 보호;;;;;;;;;;;;;
EVTDESC90004;우리와 같은 강대국의 보호가 없다면 $CB_TARGET_NAME$에 아무일도 벌어지지 않을 것입니다. 단기간 동안 그들이 반감을 가질 수도 있겠지만, 그럼에도 그들을 보호하려면 영향권에 편입해야만 합니다.;;;;;;;;;;;;;
EVTOPTA90004;여기서 당신들을 돕겠소.;;;;;;;;;;;;;
EVTNAME90005;$CB_TARGET_NAME$ 낭패;;;;;;;;;;;;;
EVTDESC90005;$CB_TARGET_NAME$을(를) 영향권에 편입해 그들을 도우려 했지만, 정작 그들은 해당 행위에 격분했습니다. 모든 관련자들에게는 불미스러운 일이지만, 그들의 행동은 오히려 국제적인 여론을 우리의 번영에 동참해달라는 (강제적인) 요구에 반하게 만들었습니다.;;;;;;;;;;;;;
EVTOPTA90005;옳은 결정이다.;;;;;;;;;;;;;
EVTNAME90006;$CB_TARGET_NAME$ 제국주의 종말;;;;;;;;;;;;;
EVTDESC90006;왜 $CB_TARGET_NAME$만이 1등급 식민지를 독차지해야 합니까? 이는 완벽히 불공평한 처사입니다. 그것이 전부입니다! 그들은 아마도 식민지를 제대로 개발하지도, 원주민들을 교육시키지도 못할겁니다! 무언가 해야 합니다. 우리에게도 식민지를 개발할만한 자격이 충분하다는 사실을 보여줘야 합니다!;;;;;;;;;;;;;
EVTOPTA90006;옳은 결정이다.;;;;;;;;;;;;;
EVTNAME90007;식민지에서 빚어진 차질;;;;;;;;;;;;;
EVTDESC90007;온화하고 공정한 요구를 제안했음에도 $CB_TARGET_NAME$와(과)의 식민지 균형 재조정으로의 국제적인 지원은 없는 것 같습니다. 이 차질이 빚어지는 동안에도, 우리는 언젠가 해가 지지 않는 제국을 이룩하리라는 사실을 믿어 의심치 않습니다.;;;;;;;;;;;;;
EVTOPTA90007;알았다.;;;;;;;;;;;;;
EVTNAME90008;천의 도래!;;;;;;;;;;;;;
EVTDESC90008;모두가 동의할만큼이나 $CB_TARGET_NAME$은(는) 분수를 모릅니다. 너무 오랫동안 세계무대에서 거드름을 부려왔습니다. 고맙게도 드디어 만국의 동의와 국민들이 우리를 확고하게 지지합니다. $CB_TARGET_NAME$의 코를 반드시 납작하게 만들어야 합니다.;;;;;;;;;;;;;
EVTOPTA90008;좋은 소식이군.;;;;;;;;;;;;;
EVTNAME90009;머저리들!;;;;;;;;;;;;;
EVTDESC90009;$CB_TARGET_NAME$의 자만심이 명백히 드러났지만, 다른 국가들을 그 사실을 모르는듯 합니다. 그들이 말하는 자주권은 자기들 마음대로 군대를 갖고 자결권을 허락하는, 우리에게는 오만하게 보이는 것입니다!;;;;;;;;;;;;;
EVTOPTA90009;옳은 결정이다.;;;;;;;;;;;;;
VOTER_ISSUES;유권자 쟁점;;;;;;;;;;;;;
OL_VIEW_NATFOCUS;[SUB_A7]Y국민중점[SUB_A7]W의 표시를 전환합니다.;;;;;;;;;;;;;
OL_VIEW_NATFOCUS_HEADER;국민중점;;;;;;;;;;;;;
OL_VIEW_NATFOCUS_TOOLTIP;[SUB_A7]Y$STATE$[SUB_A7]W의 국민중점: [SUB_A7]Y$FOCUS$ [SUB_A7]W;;;;;;;;;;;;;
OL_VIEW_RALLYPOINTS;[SUB_A7]Y합류지점[SUB_A7]W의 표시를 전환합니다.;;;;;;;;;;;;;
OL_VIEW_RALLYPOINTS_HEADER;합류지점;;;;;;;;;;;;;
OL_VIEW_RALLYPOINTS_TOOLTIP;근처에서 편제한 모든 여단이 [SUB_A7]Y$PROV$[SUB_A7]W(으)로 향합니다.;;;;;;;;;;;;;
OL_VIEW_RALLYPOINTS_MERGE_TOOLTIP; 그리고 이곳에 도착하면 보급한계([SUB_A7]Y$LIMIT$[SUB_A7]W)에 도달할 때까지 가장 큰 여단에 병합합니다.;;;;;;;;;;;;;
OL_VIEW_MERGE_ON;[SUB_A7]Y(병합 켜짐)[SUB_A7]W;;;;;;;;;;;;;
OL_VIEW_MERGE_OFF;[SUB_A7]Y(병합 꺼짐)[SUB_A7]W;;;;;;;;;;;;;
OUR_CB_DETECTED_SETUP;우리나라의 전쟁 정당화가 발각됐을 때;;;;;;;;;;;;;
OUR_CB_DETECTED_HEADER;$MONARCHTITLE$;;;;;;;;;;;;;
OUR_CB_DETECTED_1;전쟁 정당화;;;;;;;;;;;;;
OUR_CB_DETECTED_2;$TARGET$을(를) 목표로 한;;;;;;;;;;;;;
OUR_CB_DETECTED_3;전쟁 정당화 노력([SUB_A7]Y$CASUS$[SUB_A7]W)이;;;;;;;;;;;;;
OUR_CB_DETECTED_4;발각당했습니다!;;;;;;;;;;;;;
OUR_CB_DETECTED_5;악명 또한 [SUB_A7]R$BADBOY$[SUB_A7]W 증가했습니다.;;;;;;;;;;;;;
OUR_CB_DETECTED_6;*;;;;;;;;;;;;;
OUR_CB_DETECTED_LOG;$TARGET$을(를) 목표로 한 전쟁 정당화가 발각당했습니다..;;;;;;;;;;;;;
OUR_CB_DETECTED_BTN1;확인;;;;;;;;;;;;;
OUR_CB_DETECTED_BTN2;확인;;;;;;;;;;;;;
OUR_CB_DETECTED_BTN3;참조;;;;;;;;;;;;;
OUR_CB_DETECTED_MAP;*;;;;;;;;;;;;;
CB_TOWARDS_US_DETECTED_SETUP;우리나라에 대한 전쟁 정당화가 발각됐을 때;;;;;;;;;;;;;
CB_TOWARDS_US_DETECTED_HEADER;$MONARCHTITLE$;;;;;;;;;;;;;
CB_TOWARDS_US_DETECTED_1;전쟁 정당화;;;;;;;;;;;;;
CB_TOWARDS_US_DETECTED_2;$COUNTRY$의 우리나라를;;;;;;;;;;;;;
CB_TOWARDS_US_DETECTED_3;*;;;;;;;;;;;;;
CB_TOWARDS_US_DETECTED_4;목표로 삼았던;;;;;;;;;;;;;
CB_TOWARDS_US_DETECTED_5;전쟁 정당화([SUB_A7]Y$CASUS$[SUB_A7]W) 노력이;;;;;;;;;;;;;
CB_TOWARDS_US_DETECTED_6;발각당했습니다.!;;;;;;;;;;;;;
CB_TOWARDS_US_DETECTED_LOG;우리나라를 목표로 한 $COUNTRY$의 전쟁 정당화가 발각됐습니다..;;;;;;;;;;;;;
CB_TOWARDS_US_DETECTED_BTN1;확인;;;;;;;;;;;;;
CB_TOWARDS_US_DETECTED_BTN2;확인;;;;;;;;;;;;;
CB_TOWARDS_US_DETECTED_BTN3;참조;;;;;;;;;;;;;
CB_TOWARDS_US_DETECTED_MAP;*;;;;;;;;;;;;;
OTHERS_CB_DETECTED_SETUP;한 국가를 목표로 한 다른 국가의 전쟁 정당화가 발각됐을 때;;;;;;;;;;;;;
OTHERS_CB_DETECTED_HEADER;$MONARCHTITLE$;;;;;;;;;;;;;
OTHERS_CB_DETECTED_1;전쟁 정당화;;;;;;;;;;;;;
OTHERS_CB_DETECTED_2;$COUNTRY$의;;;;;;;;;;;;;
OTHERS_CB_DETECTED_3;$TARGET$을(를);;;;;;;;;;;x
OTHERS_CB_DETECTED_4;목표로 한;;;;;;;;;;;;;
OTHERS_CB_DETECTED_5;전쟁 정당화([SUB_A7]Y$CASUS$[SUB_A7]W)를;;;;;;;;;;;;;
OTHERS_CB_DETECTED_6;발각했습니다!;;;;;;;;;;;;;
OTHERS_CB_DETECTED_LOG;$TARGET$을(를) 목표로 한 $COUNTRY$의 전쟁 정당화를 발각했습니다.;;;;;;;;;;;;;
OTHERS_CB_DETECTED_BTN1;확인;;;;;;;;;;;;;
OTHERS_CB_DETECTED_BTN2;확인;;;;;;;;;;;;;
OTHERS_CB_DETECTED_BTN3;참조;;;;;;;;;;;;;
OTHERS_CB_DETECTED_MAP;*;*;*;*;*;*;*;;;;;;;x
CB_gen_plus;전쟁 정당화 속도 증가;;;;;;;;;;;;;
CB_gen_minus;전쟁 정당화 속도 감소;;;;;;;;;;;;;
CB_gen_plus_desc;전쟁 정당화에 더 짧은 시간이 소요됩니다.;;;;;;;;;;;;;
CB_gen_minus_desc;전쟁 정당화에 더 많은 시간이 소요됩니다.;;;;;;;;;;;;;
BUILDING_AT_MAX_TERRAIN;$CURR$/$MAX$단계([SUB_A7]R$TERRAINMOD$[SUB_A7]W $TERRAIN$);;;;;;;;;;;;;
PRODUCTION_INVEST;해외 투자;;;;;;;;;;;;;
PRODUCTION_TAB_INVEST;외국 투자의 개요를 열람합니다.;;;;;;;;;;;;;
FLAG_SUBMENU_INTERESTING;흥미있는 국가를 설정합니다.;;;;;;;;;;;;;
FLAG_SUBMENU_NOTINTERESTING;[SUB_A7]Y흥미없는[SUB_A7]W 국가로 설정합니다.;;;;;;;;;;;;;
MESSAGE_TYPE_INTERESTING;관심있음;;;;;;;;;;;;;
MESSAGE_TYPE_NOT_INTERESTING;기타;;;;;;;;;;;;;
MESSAGE_SEARCH;검색;;;;;;;;;;;;;
MESSAGE_BUTTON_SEARCH;검색;;;;;;;;;;;;;
MESSAGE_BUTTON_CLEAR;초기화;;;;;;;;;;;;;
MESSAGE_SEARCH_TOOLTIP;[SUB_A7]Y스페이스[SUB_A7]W로 목록을 분류합니다.;;;;;;;;;;;;;
SIDEMENU_menubar_msg_settings;클릭해 메시지 필터 설정을 엽니다.;;;;;;;;;;;;;
RULE_BUILD_FACTORY_INVEST;해외 공장 건설;;;;;;;;;;;;;
RULE_EXPAND_FACTORY_INVEST;해외 공장 확장;;;;;;;;;;;;;
RULE_OPEN_FACTORY_INVEST;해외 공장 가동;;;;;;;;;;;;;
RULE_BUILD_RAILWAY_INVEST;투자자 해외 철도 건설 가능;;;;;;;;;;;;;
RULE_CAN_INVEST_IN_POP_PROJECTS;주민의 건설계획 투자;;;;;;;;;;;;;
RULE_POP_BUILD_FACTORY_INVEST;투자자 해외 공장 건설 가능;;;;;;;;;;;;;
RULE_POP_EXPAND_FACTORY_INVEST;투자자 해외 공장 확장 가능;;;;;;;;;;;;;
RULE_POP_OPEN_FACTORY_INVEST;투자자 해외 공장 가동 가능;;;;;;;;;;;;;
PRODUCTION_OUR_INVEST;투자량: $AMOUNT$[SUB_A7]W[SUB_A4] ($PERCENTAGE$%);;;;;;;;;;;;;
MSG_FILTER_HEADER;메시지 필터 설정;;;;;;;;;;;;;
MSG_FILTER_TITLE;관심있는 국가;;;;;;;;;;;;;
MSG_FILTER_DESELECT;전체 해제;;;;;;;;;;;;;
MSG_FILTER_BEST_GUESS;최고의 추측;;;;;;;;;;;;;
MSG_FILTER_ENEMIES;적국;;;;;;;;;;;;;
MSG_FILTER_ALLIES;동맹국;;;;;;;;;;;;;
MSG_FILTER_NEIGHBOURS;인접국;;;;;;;;;;;;;
MSG_FILTER_SPHERE;영향권;;;;;;;;;;;;;
PRODUCTION_BROWSE_INVEST;기타;;;;;;;;;;;;;
DIPLOMACY_OPINION_INVESTMENT;투자: [SUB_A7]Y$VALUE$[SUB_A7]W[SUB_A4] ;;;;;;;;;;;;;
MSG_FILTER_TOOLTIP_HEADER;메시지 필터 설정창에서 관심있는 국가를 선택합니다. 모든 메시지와 알림은 해당 중요 국가에만 표시됩니다.;;;;;;;;;;;;;
MSG_FILTER_TOOLTIP_DELAYED;[SUB_A7]Y마우스 좌클릭[SUB_A7]W으로 선택한 국가를 교체합니다.\n[SUB_A7]Y마우스 우클릭[SUB_A7]W으로 다른 국가를 추가합니다.\n[SUB_A7]Y마우스 좌클릭 + 쉬프트[SUB_A7]W로 필터의 꺼짐/켜짐을 전환합니다.;;;;;;;;;;;;;
MSG_FILTER_TOOLTIP_DESELECT;모든 국가를 해제합니다.;;;;;;;;;;;;;
MSG_FILTER_TOOLTIP_BESTGUESS;최고의 추측 방법을 사용해 국가를 선택합니다.;;;;;;;;;;;;;
MSG_FILTER_TOOLTIP_ENEMIES;적국을 선택합니다.;;;;;;;;;;;;;
MSG_FILTER_TOOLTIP_ALLIES;동맹국을 선택합니다.;;;;;;;;;;;;;
MSG_FILTER_TOOLTIP_NEIGHBOURS;인접국을 선택합니다.;;;;;;;;;;;;;
MSG_FILTER_TOOLTIP_SPHERE;영향권에 속한 국가를 선택합니다.;;;;;;;;;;;;;
MSG_FILTER_TOOLTIP_CONTINENT;같은 대륙에 위치한 국가를 선택합니다.;;;;;;;;;;;;;
PRODUCTION_NOT_DESTROY_FACTORY_BECAUSE_FOREIGN_TOOLTIP;외국에 소재한 공장은 철거할 수 없습니다.;;;;;;;;;;;;;
INVESTMENT_PENALTY_FACTOR;타국 투자자;;;;;;;;;;;;;
SPHERE_SHARE_NOT_IN_SPHERE;누구의 영향권에도 속하지 않은 국가는 자원을 세계시장에 자유롭게 내다팝니다.;;;;;;;;;;;;;
SPHERE_SHARE_UNCIV;비문명국은 자원의 [SUB_A7]Y$PERCENTAGE$%[SUB_A7]W를 맹주의 시장에 우선적으로 제공합니다.;;;;;;;;;;;;;
SPHERE_SHARE_2NDRANK;지역강국은 자원의 [SUB_A7]Y$PERCENTAGE$%[SUB_A7]W를 맹주의 시장에 우선적으로 제공합니다.(기본값: [SUB_A7]Y$BASE_PERCENTAGE$%[SUB_A7]W);;;;;;;;;;;;;
SPHERE_SHARE_CIV;문명국은 자원의 [SUB_A7]Y$PERCENTAGE$%[SUB_A7]W를 맹주의 시장에 우선적으로 제공합니다.(기본값: [SUB_A7]Y$BASE_PERCENTAGE$%[SUB_A7]W);;;;;;;;;;;;;
RULE_ALLOW_FOREIGN_INVESTMENT;해외 투자 허용;;;;;;;;;;;;;
POLITICS_DECISIONS_TAB;결정;;;;;;;;;;;;;
POLITICS_MOVEMENTS_TAB;운동;;;;;;;;;;;;;
EVTNAME90100;자유언론에 대한 갈망;;;;;;;;;;;;;
EVTNAME90102;공공집회에 대한 갈망;;;;;;;;;;;;;
EVTNAME90104;노동조합에 대한 갈망;;;;;;;;;;;;;
EVTDESC90100;시민들이 자유언론을 갈망하고 있습니다. 게다가 인접국에서 해당 개혁을 실시한 뒤로는 요구가 더욱 강해졌습니다.;;;;;;;;;;;;;
EVTOPTA90100;아마도 잘 해결할 수 있겠지.;;;;;;;;;;;;;
EVTOPTB90100;절대 안돼!;;;;;;;;;;;;;
EVTDESC90102;시민들이 집회권을 갈망하고 있습니다. 게다가 인접국에서 해당 개혁을 실시한 뒤로는 요구가 더욱 강해졌습니다.;;;;;;;;;;;;;
EVTDESC90104;시민들이 노동조합을 갈망하고 있습니다. 게다가 인접국에서 해당 개혁을 실시한 뒤로는 요구가 더욱 강해졌습니다.;;;;;;;;;;;;;
EVTNAME90101;약속 파기;;;;;;;;;;;;;
EVTDESC90101;언론 자유화를 약속했음에도 상황은 조금도 변하지 않았으며 시민들은 더 분노했습니다.;;;;;;;;;;;;;
EVTOPTA90101;우울한 소식이군.;;;;;;;;;;;;;
EVTDESC90103;공공집회 허가를 약속했음에도 상황은 조금도 변하지 않았으며 시민들은 더 분노했습니다.;;;;;;;;;;;;;
EVTOPTA90103;군중들이 정말 싫다.;;;;;;;;;;;;;
EVTDESC90105;노동조합 허가를 약속했음에도 상황은 조금도 변하지 않았으며 시민들은 더 분노했습니다.;;;;;;;;;;;;;
EVTOPTA90105;착한 빨갱이는 죽은 빨갱이 뿐이다!;;;;;;;;;;;;;
MOVEMENT_RADICALISM_BASE;기본값: [SUB_A7]R$VAL$[SUB_A7]W;;;;;;;;;;;;;
MOVEMENT_RADICALISM_ACCUMULATED;억제점: [SUB_A7]R$VAL$[SUB_A7]W;;;;;;;;;;;;;
MOVEMENT_RADICALISM_GRANTED_REFORMS;개혁 요구: [SUB_A7]R$VAL$[SUB_A7]W;;;;;;;;;;;;;
MOVEMENT_RADICALISM_CULTURE;$CULTURE$: $VAL$;;;;;;;;;;;;;
ALREADY_SUPPRESSED;운동이 급진적이지 않아 억제할 수 없습니다.;;;;;;;;;;;;;
EVTNAME90900;중화;;;;;;;;;;;;;
EVTDESC90900;현재 중국은 서양 오랑캐들이 '문명국'이라 지칭할만큼 충분히 발전했습니다. 그러므로 그들은 중국의 번국 합병을 묵인하고 이권 침탈 거부를 존중해야 합니다.;;;;;;;;;;;;;
EVTOPTA90900;다시 하나로 모여야 한다.;;;;;;;;;;;;;
EVTDESC90901;청의 새로운 지위가 청의 권위에 복종하도록 만들었습니다. 이를 받아들이면 우리가 누려온 독립적 지위가 종식될 것입니다.;;;;;;;;;;;;;
EVTOPTA90901;다시 하나로 모여야 한다.;;;;;;;;;;;;;
EVTOPTA90910;서양의 마차!;;;;;;;;;;;;;
SUPPRESSION_POINTS;억제점;;;;;;;;;;;;;
school_reforms;교육제도;;;;;;;;;;;;;
no_schools;교육제도 없음;;;;;;;;;;;;;
low_schools;기본적인 교육제도;;;;;;;;;;;;;
acceptable_schools;적당한 교육제도;;;;;;;;;;;;;
good_schools;좋은 교육제도;;;;;;;;;;;;;
no_schools_l;교육제도 없음;;;;;;;;;;;;;
low_schools_l;기본적인 교육제도;;;;;;;;;;;;;
acceptable_schools_l;적당한 교육제도;;;;;;;;;;;;;
good_schools_l;좋은 교육제도;;;;;;;;;;;;;
no_schools_desc;공립초등학교가 없습니다.;;;;;;;;;;;;;
low_schools_desc;공립초등학교가 드뭅니다.;;;;;;;;;;;;;
acceptable_schools_desc;공립학교가 흔합니다.;;;;;;;;;;;;;
good_schools_desc;공립초등학교가 매우 많습니다.;;;;;;;;;;;;;
NATIONALIST_UNION_MOVEMENT;$COUNTRY_ADJ$ 통합운동;;;;;;;;;;;;;
NATIONALIST_LIBERATION_MOVEMENT;$COUNTRY$ 해방운동;;;;;;;;;;;;;
SUPRESSION_MONTHLY_GAIN;월간 증가량: $VAL$;;;;;;;;;;;;;
MODIFIER_EDUCATION_EFFICIENCY;교육 효율;;;;;;;;;;;;;
MODIFIER_SUPPRESSION_POINT_GAIN;억제점 획득;;;;;;;;;;;;;
NOT_SOCIAL_MOVEMENT_STRENGTH_TR; 사회 운동 강도 < [SUB_A7]Y$VAL$[SUB_A7]W\n;;;;;;;;;;;;;
SOCIAL_MOVEMENT_STRENGTH_TR; 사회 운동 강도 > [SUB_A7]Y$VAL$[SUB_A7]W\n;;;;;;;;;;;;;
NOT_POLITICAL_MOVEMENT_STRENGTH_TR; 정치 운동 강도 < [SUB_A7]Y$VAL$[SUB_A7]W\n;;;;;;;;;;;;;
POLITICAL_MOVEMENT_STRENGTH_TR; 정치 운동 강도 > [SUB_A7]Y$VAL$[SUB_A7]W\n;;;;;;;;;;;;;
SUPPRESS;억제;;;;;;;;;;;;;
SUPPRESSION_DESC;해당 운동을 억제합니다. 억제점을 $VAL$ 소모하며 해당 운동은 미래에 급진화할 가능성이 [SUB_A7]R+$HIT$[SUB_A7]W 높아집니다.;;;;;;;;;;;;;
CANT_SUPPRESS_DESC;해당 운동을 억제하려면 더 많은 억제점이 필요합니다. 현재 억제점은 [SUB_A7]R$VAL$[SUB_A7]W이며 필요한 억제점은 [SUB_A7]Y$NEED$[SUB_A7]W입니다.;;;;;;;;;;;;;
REFORM_MOVEMENT_DESC;[SUB_A7]Y$REFORM$[SUB_A7]W의 시행을 요구하는 운동입니다.;;;;;;;;;;;;;
NATIONALIST_UNION_MOVEMENT_DESC;[SUB_A7]Y$COUNTRY$[SUB_A7]W의 결성을 요구하는 운동입니다.;;;;;;;;;;;;;
NATIONALIST_LIBERATION_MOVEMENT_DESC;[SUB_A7]Y$COUNTRY$[SUB_A7]W의 해방을 요구하는 운동입니다.;;;;;;;;;;;;;
SUPPRESSION_LABEL_DESC;억제점은 정부가 대중운동을 얼마나 억제할 수 있는지를 가늠할 수 있는 척도입니다.;;;;;;;;;;;;;
MOVEMENT_REFORM_SUPPORT;해당 개혁의 제정을 요구하는 대중의 규모는 $VAL$입니다.;;;;;;;;;;;;;
movement_no_slavery;노예제 폐지 운동;;;;;;;;;;;;;
movement_yes_slavery;노예제 찬성 집회;;;;;;;;;;;;;
movement_landed_voting;참정권 확대 운동;;;;;;;;;;;;;
movement_wealth_weighted_voting;참정권 확대 운동;;;;;;;;;;;;;
movement_wealth_voting;참정권 확대 운동;;;;;;;;;;;;;
movement_universal_weighted_voting;참정권 확대 운동;;;;;;;;;;;;;
movement_universal_voting;참정권 확대 운동;;;;;;;;;;;;;
movement_party_appointed;정치적 의사표현 운동;;;;;;;;;;;;;
movement_appointed;정치적 의사표현 운동;;;;;;;;;;;;;
movement_state_equal_weight;정치적 의사표현 운동;;;;;;;;;;;;;
movement_population_equal_weight;정치적 의사표현 운동;;;;;;;;;;;;;
movement_first_past_the_post;정치적 의사표현 운동;;;;;;;;;;;;;
movement_jefferson_method;정치적 의사표현 운동;;;;;;;;;;;;;
movement_proportional_representation;정치적 의사표현 운동;;;;;;;;;;;;;
movement_no_meeting;공공집회 금지 운동;;;;;;;;;;;;;
movement_yes_meeting;공공집회 허용 운동;;;;;;;;;;;;;
movement_censored_press;언론 자유화 운동;;;;;;;;;;;;;
movement_free_press;언론 자유화 운동;;;;;;;;;;;;;
movement_state_controlled;노동조합 통제 운동;;;;;;;;;;;;;
movement_non_socialist;사회주의적 노동조합 배격 운동;;;;;;;;;;;;;
movement_all_trade_unions;노동조합 자유화 운동;;;;;;;;;;;;;
movement_harassment;정당 개혁 운동;;;;;;;;;;;;;
movement_gerrymandering;정당 개혁 운동;;;;;;;;;;;;;
movement_non_secret_ballots;정당 개혁 운동;;;;;;;;;;;;;
movement_secret_ballots;정당 개혁 운동;;;;;;;;;;;;;
movement_trinket_wage;최저임금 인상 운동;;;;;;;;;;;;;
movement_low_minimum_wage;최저임금 인상 운동;;;;;;;;;;;;;
movement_acceptable_minimum_wage;최저임금 인상 운동;;;;;;;;;;;;;
movement_good_minimum_wage;최저임금 인상 운동;;;;;;;;;;;;;
movement_fourteen_hours;노동시간 단축 운동;;;;;;;;;;;;;
movement_twelve_hours;노동시간 단축 운동;;;;;;;;;;;;;
movement_ten_hours;노동시간 단축 운동;;;;;;;;;;;;;
movement_eight_hours;노동시간 단축 운동;;;;;;;;;;;;;
movement_trinket_safety;노동환경 개선 운동;;;;;;;;;;;;;
movement_low_safety;노동환경 개선 운동;;;;;;;;;;;;;
movement_acceptable_safety;노동환경 개선 운동;;;;;;;;;;;;;
movement_good_safety;노동환경 개선 운동;;;;;;;;;;;;;
movement_trinket_subsidies;실업보조금 인상 운동;;;;;;;;;;;;;
movement_low_subsidies;실업보조금 인상 운동;;;;;;;;;;;;;
movement_acceptable_subsidies;실업보조금 인상 운동;;;;;;;;;;;;;
movement_good_subsidies;실업보조금 인상 운동;;;;;;;;;;;;;
movement_trinket_pensions;노령연금 인상 운동;;;;;;;;;;;;;
movement_low_pensions;노령연금 인상 운동;;;;;;;;;;;;;
movement_acceptable_pensions;노령연금 인상 운동;;;;;;;;;;;;;
movement_good_pensions;노령연금 인상 운동;;;;;;;;;;;;;
movement_trinket_health_care;보건복지 확대 운동;;;;;;;;;;;;;
movement_low_health_care;보건복지 확대 운동;;;;;;;;;;;;;
movement_acceptable_health_care;보건복지 확대 운동;;;;;;;;;;;;;
movement_good_health_care;보건복지 확대 운동;;;;;;;;;;;;;
movement_low_schools;공립초등학교 설립 운동;;;;;;;;;;;;;
movement_acceptable_schools;공립초등학교 설립 운동;;;;;;;;;;;;;
movement_good_schools;공립초등학교 설립 운동;;;;;;;;;;;;;
POLITICS_MOVEMENTS;운동;;;;;;;;;;;;;
POLITICS_ECONOMIC_REFORMS;경제개혁;;;;;;;;;;;;;
POLITICS_MILITARY_REFORMS;군사개혁;;;;;;;;;;;;;
NORMAL_CIVIL_WAR_NAME_USA_CSA_CSA;$ORDER$북부의 침공;;;;;;;;;;;;;
NORMAL_CIVIL_WAR_NAME_USA_CSA_USA;$ORDER$남부의 반란;;;;;;;;;;;;;
NORMAL_WAR_GUNBOAT_NAME;$ORDER$$FIRST_COUNTRY$의 $SECOND_COUNTRY$ 개입;;;;;;;;;;;;;
NORMAL_WAR_GUNBOAT_NAME_FRA_MEX;$ORDER$과자 전쟁;;;;;;;;;;;;;
NORMAL_WAR_TAKE_NAME_USA_MEX_USA;$ORDER$미국-미국 전쟁;;;;;;;;;;;;;
NORMAL_WAR_TAKE_NAME_USA_MEX_MEX;$ORDER$미국의 침공;;;;;;;;;;;;;
NORMAL_WAR_TAKE_CORE_NAME_USA_MEX_USA;$ORDER$미국-멕시코 전쟁;;;;;;;;;;;;;
NORMAL_WAR_TAKE_CORE_NAME_USA_MEX_MEX;$ORDER$미국의 침공;;;;;;;;;;;;;
NORMAL_WAR_GUNBOAT_NAME_ENG_CHI;$ORDER$아편 전쟁;;;;;;;;;;;;;
NORMAL_WAR_ADD_SPHERE_NAME_ENG_CHI;$ORDER$아편 전쟁;;;;;;;;;;;;;
NORMAL_WAR_INDEPENDENCE_NAME;$ORDER$$FIRST_COUNTRY$ 독립전쟁;;;;;;;;;;;;;
NORMAL_WAR_TAKE_NAME_CHL_PEU;$ORDER$남태평양 전쟁;;;;;;;;;;;;;
NORMAL_WAR_TAKE_CORE_NAME_CHL_PEU;$ORDER$남태평양 전쟁;;;;;;;;;;;;;
NORMAL_WAR_TAKE_NAME_CHL_BOL;$ORDER$남태평양 전쟁;;;;;;;;;;;;;
NORMAL_WAR_TAKE_CORE_NAME_CHL_BOL;$ORDER$남태평양 전쟁;;;;;;;;;;;;;
NORMAL_WAR_CONQUEST_NAME_ENG_TRN;$ORDER$보어 전쟁;;;;;;;;;;;;;
NORMAL_WAR_CONQUEST_NAME_ENG_ORA;$ORDER$보어 전쟁;;;;;;;;;;;;;
NORMAL_WAR_TAKE_NAME_ENG_TRN;$ORDER$보어 전쟁;;;;;;;;;;;;;
NORMAL_WAR_TAKE_NAME_ENG_ORA;$ORDER$보어 전쟁;;;;;;;;;;;;;
NORMAL_WAR_TAKE_NAME_ORA_ENG;$ORDER$보어 전쟁;;;;;;;;;;;;;
NORMAL_WAR_TAKE_NAME_TRN_ENG;$ORDER$보어 전쟁;;;;;;;;;;;;;
NORMAL_WAR_PUPPET_NAME_ENG_TRN;$ORDER$보어 전쟁;;;;;;;;;;;;;
NORMAL_WAR_PUPPET_NAME_ENG_ORA;$ORDER$보어 전쟁;;;;;;;;;;;;;
NORMAL_WAR_PUPPET_NAME;$ORDER$$FIRST_COUNTRY$의 $SECOND_COUNTRY$ 괴뢰화전쟁;;;;;;;;;;;;;
NORMAL_WAR_BOXER_NAME;$ORDER$의화단의 난;;;;;;;;;;;;;
NORMAL_WAR_PUPPET_NAME_ENG_USA;$ORDER$$SECOND_COUNTRY$ 독립전쟁;;;;;;;;;;;;;
NORMAL_WAR_NAME_ENG_USA;$ORDER$$SECOND_COUNTRY$ 독립전쟁;;;;;;;;;;;;;
NORMAL_WAR_TAKE_NAME_ENG_USA;$ORDER$$SECOND_COUNTRY$ 독립전쟁;;;;;;;;;;;;;
NORMAL_WAR_TAKE_CORE_NAME_ENG_USA;$ORDER$$SECOND_COUNTRY$ 독립전쟁;;;;;;;;;;;;;
NORMAL_WAR_CONQUEST_NAME_ENG_USA;$ORDER$$SECOND_COUNTRY$ 독립전쟁;;;;;;;;;;;;;
NORMAL_WAR_HUMILIATE_NAME;$ORDER$$FIRST_COUNTRY$-$SECOND_COUNTRY$명예실추 전쟁;;;;;;;;;;;x
NORMAL_WAR_UNIFICATION_NAME_PRU_FRA;$ORDER_COUNTRY$프로이센-프랑스 전쟁;;;;;;;;;;;;;
NORMAL_WAR_UNIFICATION_NAME_NGF_FRA;$ORDER_COUNTRY$프로이센-프랑스 전쟁;;;;;;;;;;;;;
CAN_INVEST_IN_RAILROADS;철도 투자 허용;;;;;;;;;;;;;
land_reform;토지개혁;;;;;;;;;;;;;
land_reform_l;토지개혁;;;;;;;;;;;;;
no_land_reform;토지개혁 미실시;;;;;;;;;;;;;
yes_land_reform;토지개혁 실시;;;;;;;;;;;;;
no_land_reform_desc;토지개혁을 실시하지 않았습니다.;;;;;;;;;;;;;
yes_land_reform_desc;토지권의 재분배가 농사와 채굴의 효율을 높입니다.;;;;;;;;;;;;;
admin_reform;행정개혁;;;;;;;;;;;;;
admin_reform_l;행정개혁;;;;;;;;;;;;;
no_admin_reform;행정개혁 미실시;;;;;;;;;;;;;
yes_admin_reform;행정개혁 실시;;;;;;;;;;;;;
no_admin_reform_desc;행정개혁을 실시하지 않았습니다;;;;;;;;;;;;;
yes_admin_reform_desc;정부가 이제 현대적이고 효율적입니다.;;;;;;;;;;;;;
finance_reform;금융개혁;;;;;;;;;;;;;
finance_reform_l;금융개혁;;;;;;;;;;;;;
no_finance_reform;금융개혁 미실시;;;;;;;;;;;;;
yes_finance_reform;금융개혁 실시;;;;;;;;;;;;;
finance_reform_two;국제차관;;;;;;;;;;;;;
no_finance_reform_desc;금융개혁을 실시하지 않았습니다.;;;;;;;;;;;;;
yes_finance_reform_desc;금융개혁을 실시했습니다.;;;;;;;;;;;;;
finance_reform_two_desc;다른 국가에게서 차관을 빌릴 수 있습니다.;;;;;;;;;;;;;
education_reform;교육개혁;;;;;;;;;;;;;
education_reform_l;교육개혁;;;;;;;;;;;;;
no_education_reform;교육개혁 미실시;;;;;;;;;;;;;
yes_education_reform;교육개혁 실시;;;;;;;;;;;;;
no_education_reform_desc;교육개혁을 실시하지 않았습니다.;;;;;;;;;;;;;
yes_education_reform_desc;기초적인 교육제도를 갖췄습니다.;;;;;;;;;;;;;
transport_improv;운송체계;;;;;;;;;;;;;
transport_improv_l;운송체계;;;;;;;;;;;;;
no_transport_improv;운송체계 미개선;;;;;;;;;;;;;
yes_transport_improv;운송체계 개선;;;;;;;;;;;;;
no_transport_improv_desc;운송체계가 원시적입니다.;;;;;;;;;;;;;
yes_transport_improv_desc;운송체계가 현대적입니다.;;;;;;;;;;;;;
pre_indust;초기 산업화;;;;;;;;;;;;;
pre_indust_l;초기 산업화;;;;;;;;;;;;;
no_pre_indust;옛방식 고수;;;;;;;;;;;;;
yes_pre_indust;산업적 진보;;;;;;;;;;;;;
no_pre_indust_desc;추가적인 산업은 필요없습니다.;;;;;;;;;;;;;
yes_pre_indust_desc;외국인 고문들의 도움을 받아 기본적인 공장을 일부 건설합니다. 이것이 산업혁명의 시작이 될 수 있을까요?;;;;;;;;;;;;;
industrial_construction;건설공사;;;;;;;;;;;;;
industrial_construction_l;건설공사;;;;;;;;;;;;;
no_industrial_construction;건설공사 없음;;;;;;;;;;;;;
yes_industrial_construction;건설공사;;;;;;;;;;;;;
no_industrial_construction_desc;선진적 공장이 없습니다.;;;;;;;;;;;;;
yes_industrial_construction_desc;외국 고문들이 선진 공장의 건설을 돕습니다.;;;;;;;;;;;;;
foreign_training;병사 훈련;;;;;;;;;;;;;
foreign_training_l;병사 훈련;;;;;;;;;;;;;
no_foreign_training;토착식 병사 훈련;;;;;;;;;;;;;
yes_foreign_training;외국식 병사 훈련;;;;;;;;;;;;;
no_foreign_training_desc;토착식 방법으로 병사를 훈련시킵니다.;;;;;;;;;;;;;
yes_foreign_training_desc;외국 군사 고문이 외국 기술로 병사를 훈련시킵니다.;;;;;;;;;;;;;
foreign_weapons;무기;;;;;;;;;;;;;
foreign_weapons_l;무기;;;;;;;;;;;;;
no_foreign_weapons;토착식 무기;;;;;;;;;;;;;
yes_foreign_weapons;수입 무기;;;;;;;;;;;;;
no_foreign_weapons_desc;토착식 무기를 이용합니다.;;;;;;;;;;;;;
yes_foreign_weapons_desc;이것이 제 총입니다!;;;;;;;;;;;;;
military_constructions;군사시설;;;;;;;;;;;;;
military_constructions_l;군사시설;;;;;;;;;;;;;
no_military_constructions;간단한 구조물;;;;;;;;;;;;;
yes_military_constructions;복잡한 구조물;;;;;;;;;;;;;
no_military_constructions_desc;서구식 방어시설이 없습니다.;;;;;;;;;;;;;
yes_military_constructions_desc;효율적인 방어시설을 건설합니다.;;;;;;;;;;;;;
foreign_officers;육군 장교 훈련;;;;;;;;;;;;;
foreign_officers_l;육군 장교 훈련;;;;;;;;;;;;;
no_foreign_officers;토착민 장교 훈련;;;;;;;;;;;;;
yes_foreign_officers;외국인 장교 훈련;;;;;;;;;;;;;
no_foreign_officers_desc;토착민 장교가 병력을 지휘합니다.;;;;;;;;;;;;;
yes_foreign_officers_desc;아군은 이제 세계 최고입니다.;;;;;;;;;;;;;
army_schools;육군 훈련;;;;;;;;;;;;;
army_schools_l;육군 훈련;;;;;;;;;;;;;
no_army_schools;실전;;;;;;;;;;;;;
yes_army_schools;육군사관학교;;;;;;;;;;;;;
no_army_schools_desc;실전이 곧 훈련입니다.;;;;;;;;;;;;;
yes_army_schools_desc;장교들에게 실전 전에 훈련을 시킵니다.;;;;;;;;;;;;;
foreign_naval_officers;해군 장교 훈련;;;;;;;;;;;;;
foreign_naval_officers_l;해군 장교 훈련;;;;;;;;;;;;;
no_foreign_naval_officers;토착민 제독 훈련;;;;;;;;;;;;;
yes_foreign_naval_officers;외국인 제독 훈련 ;;;;;;;;;;;;;
no_foreign_naval_officers_desc;토착민 제독이 전함을 지휘합니다.;;;;;;;;;;;;;
yes_foreign_naval_officers_desc;외국인 제독들이 함장들에게 조언합니다;;;;;;;;;;;;;
naval_schools;해군 훈련;;;;;;;;;;;;;
naval_schools_l;해군 훈련;;;;;;;;;;;;;
no_naval_schools;실전;;;;;;;;;;;;;
yes_naval_schools;해군사관학교;;;;;;;;;;;;;
no_naval_schools_desc;실전이 곧 훈련입니다.;;;;;;;;;;;;;
yes_naval_schools_desc;이론을 먼저 가르칩니다.;;;;;;;;;;;;;
foreign_navies;외국 함대;;;;;;;;;;;;;
foreign_navies_l;외국 함대;;;;;;;;;;;;;
no_foreign_navies;토착식 전함;;;;;;;;;;;;;
yes_foreign_navies;수입 전함;;;;;;;;;;;;;
no_foreign_navies_desc;전함을 토착식으로 제작합니다.;;;;;;;;;;;;;
yes_foreign_navies_desc;서구에서 강한 전함을 수입합니다.;;;;;;;;;;;;;
cut_down_to_size_boxer;의화단 진압;;;;;;;;;;;;;
cut_down_to_size_boxer_desc;[SUB_A7]Y중국[SUB_A7]W의 군비를 제한하고 전쟁배상금을 상환받습니다.;;;;;;;;;;;;;
NUMBER_OF_REBELS_READY;[SUB_A7]Y반란시 참여할 여단[SUB_A7]W;;;;;;;;;;;;;
NUMBER_OF_REBELS_ACTIVE;[SUB_A7]Y반란에 참여한 여단[SUB_A7]W;;;;;;;;;;;;;
TECH_YEAR_MODIFIER;수년간의 연구점 변동: $VAL$;;;;;;;;;;;;;
ECONOMICREFORM_SETUP;경제개혁을 시행했을 때;;;;;;;;;;;;;
ECONOMICREFORM_HEADER;$COUNTRY$의 정치 소식;;;;;;;;;;;;;
ECONOMICREFORM_1;$COUNTRY$의 경제개혁 시행;;;;;;;;;;;;;
ECONOMICREFORM_2;$MONARCHTITLE$께 아뢰기를, 드디어;;;;;;;;;;;;;
ECONOMICREFORM_3;$CATEGORY$ 분야에 대해;;;;;;;;;;;;;
ECONOMICREFORM_4;$ISSUE$을(를);;;;;;;;;;;;;
ECONOMICREFORM_5;시행했습니다.;;;;;;;;;;;;;
ECONOMICREFORM_6;*;;;;;;;;;;;;;
ECONOMICREFORM_LOG;우리나라가 $CATEGORY$에 대해 $ISSUE$을(를) 시행했습니다.;;;;;;;;;;;;;
ECONOMICREFORM_BTN1;확인;;;;;;;;;;;;;
ECONOMICREFORM_BTN2;확인;;;;;;;;;;;;;
ECONOMICREFORM_BTN3;참조;;;;;;;;;;;;;
ECONOMICREFORM_MAP;*;*;*;;*;;;;;;;;;x
ECONOMICREFORM_BAD_SETUP;경제개혁을 후퇴시켰을 때;;;;;;;;;;;;;
ECONOMICREFORM_BAD_HEADER;$COUNTRY$의 정치 소식;;;;;;;;;;;;;
ECONOMICREFORM_BAD_1;$COUNTRY$의 경제개혁 후퇴;;;;;;;;;;;;;
ECONOMICREFORM_BAD_2;$MONARCHTITLE$께 아뢰기를, 슬픈 소식입니다.;;;;;;;;;;;;;
ECONOMICREFORM_BAD_3;$CATEGORY$에 대한 개혁이;;;;;;;;;;;;;
ECONOMICREFORM_BAD_4;$OLD$에서 $ISSUE$(으)로 후퇴했습니다.;;;;;;;;;;;;;
ECONOMICREFORM_BAD_5;*;;;;;;;;;;;;;
ECONOMICREFORM_BAD_6;*;;;;;;;;;;;;;
ECONOMICREFORM_BAD_LOG;우리나라가 $CATEGORY$에 대한 개혁을 $OLD$에서 $ISSUE$(으)로 후퇴시켰습니다.;;;;;;;;;;;;;
ECONOMICREFORM_BAD_BTN1;확인;;;;;;;;;;;;;
ECONOMICREFORM_BAD_BTN2;확인;;;;;;;;;;;;;
ECONOMICREFORM_BAD_BTN3;참조;;;;;;;;;;;;;
ECONOMICREFORM_BAD_MAP;*;;;;;;;;;;;;;
MILITARYREFORM_SETUP;군사개혁을 시행했을 때;;;;;;;;;;;;;
MILITARYREFORM_HEADER;$COUNTRY$ 정치 소식;;;;;;;;;;;;;
MILITARYREFORM_1;$COUNTRY$ 군사개혁 시행;;;;;;;;;;;;;
MILITARYREFORM_2;$MONARCHTITLE$께 아뢰기를, 드디어;;;;;;;;;;;;;
MILITARYREFORM_3;$CATEGORY$에 대해;;;;;;;;;;;;;
MILITARYREFORM_4;$ISSUE$(을)를;;;;;;;;;;;;;
MILITARYREFORM_5;시행했습니다.;;;;;;;;;;;;;
MILITARYREFORM_6;*;;;;;;;;;;;;;
MILITARYREFORM_LOG;우리나라가 $CATEGORY$에 대해 $ISSUE$(을)를 시행했습니다.;;;;;;;;;;;;;
MILITARYREFORM_BTN1;확인;;;;;;;;;;;;;
MILITARYREFORM_BTN2;확인;;;;;;;;;;;;;
MILITARYREFORM_BTN3;참조;;;;;;;;;;;;;
MILITARYREFORM_MAP;*;;;;;;;;;;;;;
MILITARYREFORM_BAD_SETUP;군사개혁을 후퇴시켰을 때;;;;;;;;;;;;;
MILITARYREFORM_BAD_HEADER;$COUNTRY$ 정치 소식;;;;;;;;;;;;;
MILITARYREFORM_BAD_1;$COUNTRY$의 군사개혁 후퇴;;;;;;;;;;;;;
MILITARYREFORM_BAD_2;$MONARCHTITLE$께 아뢰기를, 슬픈 소식입니다.;;;;;;;;;;;;;
MILITARYREFORM_BAD_3;$CATEGORY$에 대한 개혁이;;;;;;;;;;;;;
MILITARYREFORM_BAD_4;$OLD$에서 $ISSUE$(으)로 후퇴했습니다.;;;;;;;;;;;;;
MILITARYREFORM_BAD_5;*;;;;;;;;;;;;;
MILITARYREFORM_BAD_6;*;;;;;;;;;;;;;
MILITARYREFORM_BAD_LOG;우리나라가 $CATEGORY$에 대한 개혁을 $OLD$에서 $ISSUE$(으)로 후퇴시켰습니다.;;;;;;;;;;;;;
MILITARYREFORM_BAD_BTN1;확인;;;;;;;;;;;;;
MILITARYREFORM_BAD_BTN2;확인;;;;;;;;;;;;;
MILITARYREFORM_BAD_BTN3;참조;;;;;;;;;;;;;
MILITARYREFORM_BAD_MAP;*;;;;;;;;;;;;;
MODIFIER_CIVILIZATION_PROGRESS;문명화 진행도;;;;;;;;;;;;;
SUPPRESSION_TECH;억제 효율;;;;;;;;;;;;;
REFORM_RESEARCH_COST;연구점: [SUB_A7]Y$COST$[SUB_A7]W;;;;;;;;;;;;;
POLITICS_CIVILIZE;문명화;;;;;;;;;;;;;
CIVILIZE_DESC;서양의 사상을 완전히 수용합함으로써 영향권 맹주의 기술적 진보에 더 가까이 다가갑니다.;;;;;;;;;;;;;
CIVILIZE_NO_MASTER_DESC;서양의 사상을 완전히 수용함으로써 전세계의 기술적 진보에 더 가까이 다가갑니다.;;;;;;;;;;;;;
INFLUENCE_RELATION;관계;;;;;;;;;;;;;
NO_CIV_PROGRESS;문명화를 향한 진전이 없습니다. 군사/경제개혁을 시행해야 합니다.;;;;;;;;;;;;;
RESEARCH_POINTS_LABEL;연구점:;;;;;;;;;;;;;
MODIFIER_UNCIV_ECONOMIC;경제개혁비;;;;;;;;;;;;;
MODIFIER_UNCIV_MILITARY;군사개혁비;;;;;;;;;;;;;
MODIFIER_SELF_UNCIV_ECONOMIC;경제개혁비;;;;;;;;;;;;;
MODIFIER_SELF_UNCIV_MILITARY;군사개혁비;;;;;;;;;;;;;
MODIFIER_LAND_UNIT_START_EXPERIENCE;육군 초기 숙련도;;;;;;;;;;;;;
MODIFIER_NAVAL_UNIT_START_EXPERIENCE;해군 초기 숙련도;;;;;;;;;;;;;
MODIFIER_ADMINISTRATIVE_EFFICIENCY;행정 효율;;;;;;;;;;;;;
ARMY_TECHNOLOGY_LEVELS;육군 기술: $VAL$/$MAX$;;;;;;;;;;;;;
NAVY_TECHNOLOGY_LEVELS;해군 기술: $VAL$/$MAX$;;;;;;;;;;;;;
MODIFIER_TARIFF_EFFICIENCY;관세 효율;;;;;;;;;;;;;
MODIFIER_MAX_LOAN_AMOUNT;차관 최고 한도;;;;;;;;;;;;;
PROD_YOUR_CURRENT_BUDGET;현재 예산:;;;;;;;;;;;;;
PROD_YOUR_INVESTMENT;우리의 투자:;;;;;;;;;;;;;
MODIFIER_LAND_ATTACK;육군 부대 공격력;;;;;;;;;;;;;
MODIFIER_NAVAL_ATTACK;해군 부대 공격력;;;;;;;;;;;;;
MODIFIER_LAND_DEFENSE;육군 부대 방어력;;;;;;;;;;;;;
MODIFIER_NAVAL_DEFENSE;해군 부대 방어력;;;;;;;;;;;;;
free_press_promised;자유언론 보장;;;;;;;;;;;;;
yes_meeting_promised;집회권 보장;;;;;;;;;;;;;
trade_unions_promised;노동조합 보장;;;;;;;;;;;;;
free_press_promised_desc;대중들에게 언론을 꼭 자유화하겠다고 약속했습니다.;;;;;;;;;;;;;
yes_meeting_promised_desc;대중들에게 집회권을 보장하겠다고 약속했습니다.;;;;;;;;;;;;;
trade_unions_promised_desc;대중들에게 노동조합을 허락하겠다고 약속했습니다. 대중들은 약속을 지키기를 기대합니다.;;;;;;;;;;;;;
recent_safari;최근 여행;;;;;;;;;;;;;
recent_safari2;매우 많은 여행;;;;;;;;;;;;;
recent_safari_desc;최근에 여행이 있었습니다.;;;;;;;;;;;;;
recent_safari2_desc;최근에 너무 많은 여행이 있었습니다.;;;;;;;;;;;;;
unciv_reactionary_rebels_title;반동주의 반군;;;;;;;;;;;;;
unciv_reactionary_rebels_name;$COUNTRY$ 반동주의 반군;;;;;;;;;;;;;
unciv_reactionary_rebels_desc;반동주의자 반군은 조상들처럼 전통적인 방식으로 살기를 갈망하며 유럽인들의 방식을 모방하는 모든 개념을 거부합니다.;;;;;;;;;;;;;
unciv_reactionary_rebels_army;$COUNTRY$ 반동주의 반군;;;;;;;;;;;;;
SET_ECONOMIC_REFORM_EFFECT; 경제개혁([SUB_A7]Y$NAME$[SUB_A7]W)을 실시합니다.\n;;;;;;;;;;;;;
SET_MILITARY_REFORM_EFFECT; 군사개혁([SUB_A7]Y$NAME$[SUB_A7]W)을 실시합니다.\n;;;;;;;;;;;;;
NATIONALIZE_INDUSTRY_EFFECT; 국유화를 수행합니다.\n;;;;;;;;;;;;;
DIPLOMACY_ALMOST_WESTERN_NATION_STATUS;준문명국;;;;;;;;;;;;;
DIPLOMACY_PRIMITIVENATION_STATUS;미개국;;;;;;;;;;;;;
UNCIV_CANT_RESEARCH;비문명국은 연구할 수 없습니다.;;;;;;;;;;;;;
TB_NATIONALFOCUS_CULTURE;핵심/수용 문화에 속한 국민 [SUB_A7]Y$NUM$[SUB_A7]W명이 국민중점을 [SUB_A7]Y$FOCUS$[SUB_A7]W개 제공합니다.;;;;;;;;;;;;;
meiji_restoration_boost;메이지 유신;;;;;;;;;;;;;
meiji_restoration_boost_desc;천황의 이름으로 전진하라!;;;;;;;;;;;;;
OTHER_PORT;접근할 수 없는 군항입니다.;;;;;;;;;;;;;
MODIFIER_UNCIV_ECONOMIC_UH;상원 후원;;;;;;;;;;;;;
MODIFIER_UNCIV_MILITARY_UH;상원 후원;;;;;;;;;;;;;
MOVEMENT_RADICALISM_ADJUST;[SUB_A7]Y$MOVEMENT$[SUB_A7]W 급진주의: $AMOUNT$;;;;;;;;;;;;;
MILITARY_REFORM_COST_DESC;군사개혁으로 인한 연구점 변동: ;;;;;;;;;;;;;
ECONOMIC_REFORM_COST_DESC;경제개혁으로 인한 연구점 변동: ;;;;;;;;;;;;;
MAPMODE_19;문명도;;;;;;;;;;;;;
CHI_absolute_monarchy;중화제국;;;;;;;;;;;;;
EVTOPTB23212;계속 하늘을 지켜봐라!;;;;;;;;;;;;;
LOSE_CIVILIZED_EFFECT; [SUB_A7]Y비문명국[SUB_A7]W으로 전락합니다.\n;;;;;;;;;;;;;
french_growth_nerf;프랑스 인구 감소;;;;;;;;;;;;;
french_growth_nerf_desc;출산율이 낮습니다.;;;;;;;;;;;;;
EVTNAME37226;인구 감소;;;;;;;;;;;;;
EVTDESC37226;매우 긴 세월 동안 모든 유럽 국가의 인구수는 증가해왔지만, 프랑스만은 19-20세기 동안 이해할 수 없을 정도로 매우 낮은 출산율을 보여왔습니다. 프랑스인들은 빅토리아 시대가 저물어갈 무렵에야 러시아, 독일, 영국, 이탈리아가 자신들의 인구를 추월했음을 인식하기 시작했습니다.;;;;;;;;;;;;;
EVTOPTA37226;엄청난 충격이군!;;;;;;;;;;;;;
nationalize_title;외국 자산 몰수!;;;;;;;;;;;;;
nationalize_desc;더이상 우리 민족의 땀으로 서양 오랑캐들을 살찌우지 말아야 합니다! 외국인이 소유한 모든 자산을 몰수하고 국가의 소유로 돌려야 합니다.;;;;;;;;;;;;;
EVTNAME90950;자산 압류!;;;;;;;;;;;;;
EVTDESC90950;배은망덕한 $FROMCOUNTRY$ 정부가 우리의 투자자산을 압류하고 자신들의 것이라 주장했습니다!;;;;;;;;;;;;;
EVTOPTA90950;있을 수 없는 일이다! ;;;;;;;;;;;;;
EVTOPTB90950;그대로 둬라.;;;;;;;;;;;;;
MOVEMENT_RADICALISM;운동 급진주의;;;;;;;;;;;;;
MOVEMENT_RADICALISM_DESC;정치/사회 운동을 펼치는 국민들이 정치적 과정을 얼마나 신뢰하는지를 설명합니다. 가치가 높은 운동([SUB_A7]Y100[SUB_A7]W)을 진압하지 않으면 반란으로 전환됩니다.;;;;;;;;;;;;;
NUMBER_MOVEMENT_SUPPORTERS;지지자 수;;;;;;;;;;;;;
NUMBER_MOVEMENT_SUPPORTERS_DESC;운동이 커질수록 억제하기가 어려워집니다. 지지층이 적은 개혁을 시행하면 지지층이 더 많은 모든 운동이 급진화합니다.;;;;;;;;;;;;;
PRODUCTION_CLOSE_FACTORY_BECAUSE_FOREIGN_TOOLTIP;외국인 공장은 폐쇄할 수 없습니다.\n;;;;;;;;;;;;;
CAN_NATIONALIZE;해외 투자자 존재;;;;;;;;;;;;;
IS_NOT_IN_A_SPHERE; ≠ 영향권 안;;;;;;;;;;;;;
ACTIVATE_TECH_EFFECT; 기술 활성화: [SUB_A7]Y$NAME$[SUB_A7]W;;;;;;;;;;;;;
TECHNOLOGYVIEW_NO_RESEARCH_UNCIV_TOOLTIP;고도의 기술은 문명국들만 이용할 수 있습니다. [SUB_A7]Y정치 항목[SUB_A7]W에서 문명화를 통해 기초기술을 습득해야 스스로 연구를 시작할 수 있습니다.;;;;;;;;;;;;;
RELATION_BETWEEN;\n$COUNTRY1$ - $COUNTRY2$ 관계: $RELATION$;;;;;;;;;;;;;
ADD_RELATIVE_INCOME_EFFECT; 세금 대비 수입: $VALUE$[SUB_A4] \n;;;;;;;;;;;;;
CORRUPTION_LESS_THAN; 부패도 < ;;;;;;;;;;;;;
CORRUPTION_MORE_THAN; 부패도 > ;;;;;;;;;;;;;
MOVEMENT_RADICALISM_FROM_SIZE;운동 급진주의 후원자: $VAL$ ;;;;;;;;;;;;;
dar_al_funun;다르알푸룬;;;;;;;;;;;;;
dar_al_funun_desc;페르시아의 첫 현대대학입니다.;;;;;;;;;;;;;
BOL_2305;아타카마;;;;;;;;;;;x
BOL_2314;포토시;;;;;;;;;;;x
serfdom_not_abolished;농노제 합법;;;;;;;;;;;;;
XIN;신강;;;;;;;;;;;;;;
YNN;운귀;;;;;;;;;;;;;;
GXI;양광;;;;;;;;;;;;;;
MCK;만주;;;;;;;;;;;;;;
LEADERSHIP;지휘력;;;;;;;;;;;;;
XBI;섬감;;;;;;;;;;;;;;
EVTNAME23213;광기의 산;;;;;;;;;;;;;
EVTDESC23213;우리 남극 탐사대원들이 어떤 공포를 느꼈습니다. 분간할 수 없는 어마어마한 이색적인 도시의 폐허에서 동식물을 발견했습니다. 고대에는 지구를 지배했던 이들입니다.;;;;;;;;;;;;;
EVTOPTA23213;음 별로 좋치 않아...;;;;;;;;;;;;;
