AI_FEARS_US_TITLE1;우리의 힘을 두려워하는 $TAG_0_0_UPPER$!;;;;;;;;;;;;x;
AI_FEARS_US_DESC1_LONG;저희 특파원이 $TAG_0_0$의 소문들을 보내오고 있습니다. 익명의 소식통에 따르면 지난 몇 달 동안 고위 군 장교들이 수도에서 일련의 회의를 열었다고 합니다. 이 회의의 주요 주제는 전쟁 선포 이후 우리 군이 그들을 침략했다는 가정 하의 가상 시나리오입니다. 역습 방안과 유격전 방식까지 논의했다고 합니다. 분명히 $TAG_0_0$군의 최고사령부가 최악의 상황에 대비하는 것 같습니다. 그들이 우리 때문에 두려움에 떨고 있는 것 같습니다!;;;;;;;;;;;;x;
AI_FEARS_US_DESC1_MEDIUM;익명의 소식통에 따르면 지난 몇 달 동안 $TAG_0_0$ 정부가 최악의 상황을 대비해오고 있다고 합니다. $TAG_0_0$군의 최고사령부가 우리 군에 겁을 먹은 것 같습니다.;;;;;;;;;;;;x;
AI_FEARS_US_DESC1_SHORT;익명의 소식통에 따르면 지난 몇 달 동안 고위 군 장교들이 수도에서 일련의 회의를 열었다고 합니다. 그들은 우리 군대의 침략을 심각하게 여기는 것 같습니다!;;;;;;;;;;;;x;
AI_FEARS_US_TITLE2;$TAG_0_0$에게 다가오는 공포!;;;;;;;;;;;;x;
AI_FEARS_US_DESC2_LONG;최근 한 $TAG_0_0$ 신문에 실린 기사가 우리나라를 놀라게 했습니다! 양국간의 냉랭한 관계와 상대적인 군사적 강점을 세심하게 비교한 편집자는 양국이 곧 전쟁상태에 빠질 수 있으며, 그날이 오면 $TAG_0_0$의 존재 자체가 위협받을 수 있다는 결론을 내렸습니다. 엘리트와 일반인을 막론하고 정부에게 피할 수 없는 위협을 줄려면 더 강한 동맹을 찾아야 한다고 말합니다.;;;;;;;;;;;;x;
AI_FEARS_US_DESC2_MEDIUM;최근 한 $TAG_0_0$ 신문에 실린 기사가 우리나라를 놀라게 했습니다! 양국간의 냉랭한 관계와 상대적인 군사적 강점을 세심하게 비교한 편집자는 양국이 곧 전쟁상태에 빠질 수 있다는 결론을 내렸습니다.;;;;;;;;;;;;x;
AI_FEARS_US_DESC2_SHORT;양국간의 냉랭한 관계와 상대적인 군사적 강점을 세심하게 비교한 한 편집자가 양국이 곧 전쟁상태에 빠질 수 있다는 결론을 내리면서 우리나라를 놀라게 했습니다.;;;;;;;;;;;;x;
AI_FEARS_US_TITLE3;$TAG_0_0$의 모욕!;;;;;;;;;;;;x;
AI_FEARS_US_DESC3_LONG;편견과 증오가 $TAG_0_0$을(를) 지배합니다. 월요일, $TAG_0_0$ 외무장관이 우리 대사관의 잔디밭에서 우리 대사를 모욕했습니다. 우리 외교부 장관은 논평을 통해 '이번 사태야말로 그들이 문명적인 방식으로 행동할 거라 믿을 수 없다는 증거입니다. $TAG_0_0$을(를) 지배하는 자들은 미개하고 치졸한 인간들입니다. 이러한 쓰레기들은 빨리 근절할수록 좋습니다.'라고 밝혔습니다. 아직 외교소식통은 열려있지만, 전쟁은 불가피합니다.;;;;;;;;;;;;x;
AI_FEARS_US_DESC3_MEDIUM;편견과 증오가 $TAG_0_0$을(를) 지배합니다. 월요일, $TAG_0_0$ 외무장관이 우리 대사를 모욕했습니다. 우리 외교부 장관은 논평을 통해 '지금 $TAG_0_0$을(를) 지배하는 자들은 미개하고 치졸한 인간들입니다. 이러한 쓰레기들은 빨리 근절할수록 좋습니다.'라고 밝혔습니다.;;;;;;;;;;;;x;
AI_FEARS_US_DESC3_SHORT;월요일, $TAG_0_0$ 외무장관이 우리 대사를 모욕했습니다. 지금 $TAG_0_0$을(를) 지배하는 자들은 미개하고 치졸한 인간들입니다. 이러한 쓰레기들은 빨리 근절할수록 좋습니다.;;;;;;;;;;;;x;
AI_FEARS_OTHER_TITLE1;$TAG_0_0$의 공포;;;;;;;;;;;;x;
AI_FEARS_OTHER_DESC1_LONG;최근 $TAG_0_0$ 신문의 기사를 본 국민들이 크게 놀랐습니다! 편집자가 $TAG_0_1$과(와)의 냉랭한 관계를 자세히 분석하고 상대적인 군사력을 비교한 결과, 두 국가가 곧 전쟁 상태에 빠질 수 있으며 그 날이 오면 $TAG_0_0$의 존재 자체가 위협받을 수 있다는 결론을 내렸습니다. $TAG_0_0$ 시민들은 엘리트와 대중을 가리지 않고 정부에게 동맹을 모색할 것을 요구하고 있습니다.;;;;;;;;;;;;x;
AI_FEARS_OTHER_DESC1_MEDIUM;최근 $TAG_0_0$ 신문의 기사를 본 국민들이 크게 놀랐습니다! 편집자가 $TAG_0_1$과(와)의 냉랭한 관계와 상대적 군사력을 분석/비교한 결과, 두 국가가 전쟁 상태에 빠질 수 있으며 그렇게 되면 $TAG_0_0$의 존재가 위협받을 수 있다는 결론을 내렸습니다. $TAG_0_0$ 시민들은 정부에게 동맹을 모색할 것을 요구하고 있습니다.;;;;;;;;;;;;x;
AI_FEARS_OTHER_DESC1_SHORT;최근 $TAG_0_0$ 신문의 기사를 본 국민들이 크게 놀랐습니다! 기사에서는 $TAG_0_1$과(와)의 전쟁이 일어난다면 $TAG_0_0$의 존재가 위협받을 수 있다고 전했습니다.;;;;;;;;;;;;x;
AI_FEARS_OTHER_TITLE2;$TAG_0_0$의 공포;;;;;;;;;;;;x;
AI_FEARS_OTHER_DESC2_LONG;$TAG_0_0$ 정부의 내부 보고서에 따르면 정부와 고위 관료들에게 깊은 우려와 두려움이 만연한다고 합니다. 많은 사람들이 $TAG_0_1$과(와)의 경쟁 관계에 대해 예측하기를, 양국 간에 국제 분쟁이 발생하면 $TAG_0_0$ 또한 피해를 입는다고 합니다. 현재 그들은 전쟁의 가능성을 고려하고 있으며, 이에 대비해 구체적으로 준비한다는 소문이 돕니다. 또한 공포감이 잔인하고 최악의 패배를 예상하는 사람들에게까지 퍼진 것 같습니다.;;;;;;;;;;;;x;
AI_FEARS_OTHER_DESC2_MEDIUM;$TAG_0_0$ 정부의 모든 고위 관료들에게 두려움이 만연합니다. 많은 사람들이 $TAG_0_1$과(과)의 국제 분쟁이 발생하면 $TAG_0_0$ 또한 피해를 입을 수 있기에 구체적인 준비를 하고 있다는 소문이 있습니다. 공포가 최악의 시나리오를 비관하는 사람들에게까지 퍼지고 있는 것 같습니다.;;;;;;;;;;;;x;
AI_FEARS_OTHER_DESC2_SHORT;소문에 따르면, $TAG_0_1$과(과)의 국제 분쟁이 발생하면 $TAG_0_0$ 또한 피해를 입을 수 있기에 구체적인 준비를 하고 있다고 합니다.;;;;;;;;;;;;x;
AI_LOVES_US_TITLE1;최고의 우방국 $TAG_0_0$;;;;;;;;;;;;x;
AI_LOVES_US_DESC1_LONG;당신은 $TAG_0_0$ 시민을 가장 친한 친구라고 생각해 본 적이 있습니까? 하지만 그들은 확실히 우리를 그렇게 여기는 것 같습니다, 싸우기 위해서가 아니라, 친구가 되기 위해서요! 우리 수도를 찾은 $TAG_0_0$ 외교관과 사절들은 전쟁이 발발할 경우 양국의 동맹을 지지해달라며 의도를 노골화하고 있습니다. '이런 어려운 시기에 상호지원을 서약하는 것은 당연하다. 주변이 모두 앙숙일 때 돕는 친구야말로 진정한 친구이다!'라고 한 외교관이 인터뷰에서 말했습니다.;;;;;;;;;;;;x;
AI_LOVES_US_DESC1_MEDIUM;우리 수도를 찾은 $TAG_0_0$ 외교관과 사절들은 양국의 동맹을 지지해달라며 의도를 노골화하고 있습니다. 정부 소식통에 따르면 양국관계는 최고조에 달했으며, 머지 않아 상호군사 지원을 약속할 수도 있다고 합니다.;;;;;;;;;;;;x;
AI_LOVES_US_DESC1_SHORT;$TAG_0_0$ 정부와의 관계가 이보다 좋은 적은 없었습니다. 정치분석가들은 그들이 우리를 평시의 친구이자 전시의 동맹으로 여기고 있다고 말합니다.;;;;;;;;;;;;x;
AI_LOVES_US_TITLE2;$TAG_0_0$, 우리와 함께하다!;;;;;;;;;;;;x;
AI_LOVES_US_DESC2_LONG;$TAG_0_0$의 한 신문의 기사가 $TAG_0_1$과(와)의 우호적인 관계를 그림으로 그려냈습니다. 편집자는 신뢰와 우정에 바탕을 둔 평화적인 협력의 많은 예를 들며, 양국이 친구이자 형제로서 서야 함을 밝혔습니다. 이 신문은 '신뢰할 수 있음', '변함없음', '믿음직함'과 같은 단어를 사용해 양국 정부가 정책을 통해 공통의 이익을 추구하도록 권장했습니다.;;;;;;;;;;;;x;
AI_LOVES_US_DESC2_MEDIUM;$TAG_0_0$의 한 신문의 기사가 $TAG_0_1$과(와)의 우호적인 관계를 그림으로 그려냈습니다. 편집자는 신뢰와 우정에 바탕을 둔 평화적인 협력의 많은 예를 들며, 양국이 친구이자 형제로서 서야 함을 밝혔습니다.;;;;;;;;;;;;x;
AI_LOVES_US_DESC2_SHORT;$TAG_0_0$의 한 신문의 기사가 $TAG_0_1$과(와)의 우호적인 관계를 그림으로 그려냈습니다. 편집자는 $TAG_0_1$과(와)의 단결을 유지해야 한다고 밝혔습니다.;;;;;;;;;;;;x;
AI_LOVES_US_TITLE3;자신의 분수를 잘 아는 $TAG_0_0$!;;;;;;;;;;;;x;
AI_LOVES_US_DESC3_LONG;"상식은 $TAG_0_0$의 질서입니다. 정부와 국민들은 $OURCOUNTRY$의 모든 것에 계속해서 감명을 받습니다. 칭얼거리는 가엾은 자들도 정치, 군사, 문화적 영역에서의 우리의 명백한 우위를 쉽게 인정합니다." $TAG_0_0$ 외무장관은 우리의 엘리트들에게 환심을 사기 위해 "우리는 $OURCOUNTRY$을(를) 환영합니다. 양국의 우호관계가 오래 지속되길 바랍니다."라고 말했습니다.;;;;;;;;;;;;x;
AI_LOVES_US_DESC3_MEDIUM;상식은 $TAG_0_0$의 질서입니다. 정부와 국민들은 $OURCOUNTRY$의 모든 것에 계속해서 매료됩니다. 칭얼거리는 가엾은 자들은 정치, 군사, 문화적 영역에서의 우리의 명백한 우위를 쉽게 인정합니다.;;;;;;;;;;;;x;
AI_LOVES_US_DESC3_SHORT; 정부와 국민들은 $OURCOUNTRY$의 모든 것에 계속해서 매료됩니다. 그들은 모든 분야에서 우리의 명백한 우위를 쉽게 인정합니다.;;;;;;;;;;;;x;
AI_LOVES_OTHER_TITLE1;$TAG_0_0$의 대외관계;;;;;;;;;;;;x;
AI_LOVES_OTHER_DESC1_LONG;$TAG_0_0$의 한 신문의 기사가 $TAG_0_1$과(와)의 우호적인 관계를 그림으로 그려냈습니다. 편집자는 신뢰와 우정에 바탕을 둔 평화적인 협력의 많은 예를 들며, 양국이 친구이자 형제로서 서야 함을 밝혔습니다. 이 신문은 '신뢰할 수 있음', '변함없음', '믿음직함'과 같은 단어를 사용해 양국 정부가 정책을 통해 공통의 이익을 추구하도록 권장했습니다.;;;;;;;;;;;;x;
AI_LOVES_OTHER_DESC1_MEDIUM;$TAG_0_0$의 한 신문의 기사가 $TAG_0_1$과(와)의 우호적인 관계를 그림으로 그려냈습니다. 편집자는 신뢰와 우정에 바탕을 둔 평화적인 협력의 많은 예를 들며, 양국이 친구이자 형제로서 서야 함을 밝혔습니다.;;;;;;;;;;;;x;
AI_LOVES_OTHER_DESC1_SHORT;$TAG_0_0$의 한 신문의 기사가 $TAG_0_1$과(와)의 우호적인 관계를 그림으로 그려냈습니다. 편집자는 $TAG_0_1$과(와)의 단결을 유지해야 한다고 밝혔습니다.;;;;;;;;;;;;x;
AI_LOVES_OTHER_TITLE2;$TAG_0_0$-$TAG_0_1$ 관계;;;;;;;;;;;;x;
AI_LOVES_OTHER_DESC2_LONG;'비록 역사가 때때로 우리 두 나라를 대립하게 만들었을지라도, 운명은 둘을 단결시키기로 결정한 것이 분명합니다!' 어제 $TAG_0_0$ 정부 대변인이 최근 $TAG_0_1$과(와)의 협력 증대를 언급하며 말했습니다. 작년부터 양국간의 일부 관세를 폐지하고 대사들의 방문 횟수를 늘려온 결과, 군사동맹을 통한 우호관계 보장이 확실히 가능할 것 같습니다.;;;;;;;;;;;;x;
AI_LOVES_OTHER_DESC2_MEDIUM;어제 $TAG_0_0$ 수도에서 열린 정상회담에서 $TAG_0_1$ 외교관들이 미소를 짓는 장명이 목격됐습니다. 양국은 자연스러운 협력관계라고 담당자가 밝혔습니다. 정치분석가들은 동맹협정을 곧 체결할 것이라 예측합니다.;;;;;;;;;;;;x;
AI_LOVES_OTHER_DESC2_SHORT;'$TAG_0_1$ 동포와 함께하는 미래의 번영!'은 집권 여당의 새로운 구호입니다. 미래 군사동맹의 신호탄이라는 평가가 많습니다.;;;;;;;;;;;;x;
OTHER_NEW_GP_TITLE1;$TAG_0_1$의 부상;;;;;;;;;;;;x;
OTHER_NEW_GP_DESC_LONG1;$TAG_0_0$의 추락 이후 강대국으로 부상한 $TAG_0_1$이(가) 세계 국가들 사이에서 더 높은 지위를 차지했습니다. 최근 몇 달 동안 $TAG_0_0$은(는) 동맹국들의 지원에 의존해야 했으며, $TAG_0_0$ 정부는 외국의 책략의 대상이 돼 어려운 경제, 미약한 군사력, 쇠퇴하는 위신 등이 낱낱이 밝혀졌습니다. 그들이 강대국의 지위를 잃자 자연스레 $TAG_0_1$이(가) 세계적으로 존경을 넓히는 혜택을 입었으며, 이는 자연이 진공 상태를 용인하지 않음을 증명했습니다.;;;;;;;;;;;;x;
OTHER_NEW_GP_DESC_MEDIUM1;$TAG_0_0$의 추락 이후 강대국으로 부상한 $TAG_0_1$이(가) 세계 국가들 사이에서 더 높은 지위를 차지했습니다. 이는 자연이 진공 상태를 용인하지 않음을 증명했습니다.;;;;;;;;;;;;x;
OTHER_NEW_GP_DESC_SHORT1;$TAG_0_0$의 추락 이후 강대국으로 부상한 $TAG_0_1$이(가) 세계 국가들 사이에서 더 높은 지위를 차지했습니다.;;;;;;;;;;;;x;
WE_BECOME_GP_TITLE1;$TAG_0_0$의 추락, 뜻 밖의 '어부지리';;;;;;;;;;;;x;
WE_BECOME_GP_DESC_LONG1;$TAG_0_0$의 추락 이후 강대국으로 부상한 $TAG_0_1$이(가) 정당한 지위를 차지했습니다. 최근 몇 달 동안 $TAG_0_0$은(는) 동맹국들의 지원에 의존해야 했으며, $TAG_0_0$ 정부는 외국의 책략의 대상이 돼 어려운 경제, 미약한 군사력, 쇠퇴하는 위신 등이 낱낱이 밝혀졌습니다. 그들이 강대국의 지위를 잃자 자연스레 $TAG_0_1$이(가) 세계적으로 존경을 넓히는 혜택을 입었으며, 이는 자연이 진공 상태를 용인하지 않음을 증명했습니다.;;;;;;;;;;;;x;
WE_BECOME_GP_DESC_MEDIUM1;$TAG_0_0$의 추락 이후 강대국으로 부상한 $TAG_0_1$이(가) 정당한 지위를 차지했습니다. 그들의 추락은 우리에게 이익입니다. 그들의 지위와 영향력 등 모든 것을 우리가 대체했습니다.;;;;;;;;;;;;x;
WE_BECOME_GP_DESC_SHORT1;$TAG_0_0$의 추락 이후 강대국으로 부상한 $TAG_0_1$이(가) 정당한 지위를 차지했습니다.;;;;;;;;;;;;x;
WE_LOSE_GP_TITLE1;아국의 추락, $TAG_0_1$의 어부지리로...;;;;;;;;;;;;x;
WE_LOSE_GP_DESC_LONG1;우리나라의 지속적인 추락 이후 강대국으로 부상한 $TAG_0_1$이(가) 세계 국가들 사이에서 더 높은 지위를 차지했습니다. 최근 몇 달 동안의 불황, 미약한 군사력, 위신 감소로 인해 동맹국에게 지원조차 못할 정도였습니다. 외국 또한 우리를 책략의 대상으로 삼았습니다. 우리가 강대국의 지위를 잃자 자연스레 $TAG_0_1$이(가) 세계적으로 존경을 넓히는 혜택을 입었으며, 이는 자연이 진공 상태를 용인하지 않음을 증명했습니다.;;;;;;;;;;;;x;
WE_LOSE_GP_DESC_MEDIUM1;우리나라의 지속적인 추락 이후 강대국으로 부상한 $TAG_0_1$이(가) 세계 국가들 사이에서 더 높은 지위를 차지했습니다. 이는 자연이 진공 상태를 용인하지 않음을 증명했습니다.;;;;;;;;;;;;x;
WE_LOSE_GP_DESC_SHORT1;우리나라의 지속적인 추락 이후 강대국으로 부상한 $TAG_0_1$이(가) 세계 국가들 사이에서 더 높은 지위를 차지했습니다.;;;;;;;;;;;;x;
CRISIS_START_TITLE1;분쟁 발생!;;;;;;;;;;;;x;
CRISIS_START_DESC_LONG1;이 문제를 평화적으로 해결하고자 하는 희망이 아직 남아있는지는 아무도 이 시점에서 알 수 없습니다. 세계의 강대국들이 시작되고 있는 국제 위기의 권력 투쟁에 스스로를 가두고 있기 때문입니다. 외교적 중재안이 여전히 손에 잡힐지도 모르지만, 호전적인 참가국들이 모래에 선을 긋고 양보를 줄이거나 피하기 위해 자신의 힘을 과시함으로써 곧 전쟁의 두려운 상태에 놓이게 될 것입니다.;;;;;;;;;;;;x;
CRISIS_START_DESC_MEDIUM1;이 문제를 평화적으로 해결하고자 하는 희망이 아직 남아있는지는 이 시점에서 알 수 없습니다. 그러나 참가국들이 국력을 과시하고 있어 곧 전쟁 상태에 놓일 것입니다.;;;;;;;;;;;;x;
CRISIS_START_DESC_SHORT1;분쟁을 평화적으로 해결하려는 희망이 남아있는지는 알 수 없으나, 곧 전쟁 상태에 놓일 것입니다.;;;;;;;;;;;;x;
CRISIS_END_TITLE1;분쟁 회피;;;;;;;;;;;;x;
CRISIS_END_DESC_LONG1;강대국들은 외교적 결의를 통해 타협이 이루어지지 않았으면 전쟁이 일어났을지도 몰랐을 것이라고 발표했습니다. 경쟁국들은 "우리는 국민들 사이에 서로 싸우려는 열망이 없음을 선언합니다."고 했지만, 신중한 관찰자들은 한 쪽이 승자로 인식될 수 있다는 것을 알아차렸습니다. 다른 한 쪽은 양보와 위신의 쓰라린 뒷맛을 남긴채 서명된 협정의 수명을 위협하고 있습니다.;;;;;;;;;;;;x;
CRISIS_END_DESC_MEDIUM1;강대국들은 외교적 결의를 통해 '우리 시대의 평화를 지켰다.'고 발표했습니다. 그러나 신중한 관찰자들은 한 쪽이 승자로 인식될 수 있다는 것을 알아차렸습니다. 다른 한 쪽은 양보와 위신의 쓰라린 뒷맛을 남긴채 서명된 협정의 수명을 위협하고 있습니다.;;;;;;;;;;;;x;
CRISIS_END_DESC_SHORT1;강대국들은 외교적 결의를 통해 '우리 시대의 평화를 지켰다.'고 발표했습니다. 그러나 협정에서 양보한 측은 양보와 위신의 쓰라린 뒷맛을 느끼며 서명된 협정의 수명을 위협하고 있습니다.;;;;;;;;;;;;x;
RESEARCH_NEWS_TITLE_LARGE2;$TAG_0_0$의 연구 완료!;;;;;;;;;;;;x;
RESEARCH_NEWS_LARGE2;$TAG_0_0$ 과학자들이 수개월간의 헌신적이고 집중적인 연구 끝에 $STRING_0_1$ 분야에서 새로운 돌파구를 마련해냈다고 어제 발표했습니다. $TAG_0_0$의 기업가들과 정부는 머지않아 이 새로 습득한 지식을 전국적으로 적용해 좋은 용도로 활용할 것으로 예상됩니다.;;;;;;;;;;;;x;
RESEARCH_NEWS_TITLE_MEDIUM2;$TAG_0_0$의 연구 완료!;;;;;;;;;;;;x;
RESEARCH_NEWS_MEDIUM2;$TAG_0_0$의 과학자들이 $STRING_0_1$에 대해 획기적인 성과를 발표했습니다. 이 새로운 지식은 곧 실용적인 방법으로 적용될 것입니다"라고 한 연구원이 말했습니다.;;;;;;;;;;;;x;
RESEARCH_NEWS_TITLE_SMALL2;$TAG_0_0$의 연구 완료!;;;;;;;;;;;;x;
RESEARCH_NEWS_SMALL2;$TAG_0_0$의 과학자들이 $STRING_0_1$에 대해 획기적인 성과를 발표했습니다.;;;;;;;;;;;;x;
COMMUNIST_REVOLUTION_NEWS_TITLE_LARGE_COMMUNIST;공산당의 $TAG_0_0_UPPER$ 장악!;;;;;;;;;;;;x;
COMMUNIST_REVOLUTION_NEWS_LARGE_COMMUNIST;'만국의 노동자들이여, 단결하라!' 다시 한번 우리의 집요한 외침이 그러한 승리적인 혁명에 적합하다는 것을 증명했습니다. 부패한 자본주의자들은 더 나은 미래를 위한 프롤레타리아들의 욕구를 막을 수 없었습니다. 평민들을 학대하고 착취했던 사기꾼과 도둑들에 대항해 반군을 일으킨 $TAG_0_0$ 전우들이 정부의 권력을 장악했다는 기쁜 소식을 전해왔습니다. 인민의 손인 인민위원회로 대표되는 $STRING_0_0$!;;;;;;;;;;;;x;
COMMUNIST_REVOLUTION_NEWS_TITLE_MEDIUM_COMMUNIST;공산당의 $TAG_0_0_UPPER$ 장악!;;;;;;;;;;;;x;
COMMUNIST_REVOLUTION_NEWS_MEDIUM_COMMUNIST;'만국의 노동자들이여, 단결하라!' 부패한 자본주의자들은 더 나은 미래를 위한 프롤레타리아들의 욕구를 막을 수 없었습니다. 평민들을 학대하고 착취했던 사기꾼과 도둑들에 대항해 반군을 일으킨 $TAG_0_0$ 전우들이 정부의 권력을 장악했다는 기쁜 소식을 전해왔습니다. 인민의 손인 인민위원회로 대표되는 $STRING_0_0$!;;;;;;;;;;;;x;
COMMUNIST_REVOLUTION_NEWS_TITLE_SMALL_COMMUNIST;혁명!;;;;;;;;;;;;x;
COMMUNIST_REVOLUTION_NEWS_SMALL_COMMUNIST;'만국의 노동자들이여, 단결하라!' 부패한 자본주의자들은 더 나은 미래를 위한 프롤레타리아들의 욕구를 막을 수 없었습니다.;;;;;;;;;;;;x;
battle_we_lose_large_censored_press;전장의 보고서가 $DATE_LONG_0$에 용맹한 우리 군대는 $STRING_0_3$에서 $TAG_0_3$과(와) 전투 후 전술적으로 후퇴했다는 사실을 알려줍니다. 이는 예측 불가능성과 놀라움의 요소를 극대화하는 데 필요한 것으로 입증됐습니다. $VALUE_INT_0_4$명의 적군이 용맹스런 국가의 아들들의 손에 목숨을 잃었습니다. 비록 $VALUE_INT_0_2$명의 우리 병사들이 아직 임무를 위해 보고하지 않았지만, 많은 아군들이 매복공격에서 적을 기습하기 위해 숨어있으며, 진정한 용기와 회복력을 보여준다는 점은 주목할 필요가 있습니다!;;;;;;;;;;;;x;
battle_we_lose_medium_censored_press;$DATE_LONG_0$, $TAG_0_3$과(의) 전투에서 전술적 후퇴가 필요한 것으로 입증됐습니다. $VALUE_INT_0_2$명의 아군이 매복공격을 위해 숨어있다가 $VALUE_INT_0_4$명의 적군을 사살했다고 합니다.;;;;;;;;;;;;x;
battle_we_lose_small_censored_press;$DATE_LONG_0$, $TAG_0_3$과(의) 전투에서 전술적 후퇴를 실행했습니다. $VALUE_INT_0_2$명의 아군이 매복을 준비하고 있습니다.;;;;;;;;;;;;x;
battle_we_lose_censored_title_large;$STRING_0_3$의 방해!;;;;;;;;;;;;x;
battle_we_lose_censored_large;군 고위 지휘관은 수적으로 40대 1로 우세한채 전선을 고수한 채 전략적으로 가능한 한 오랫동안 적의 진격을 지연시키고 $VALUE_INT_0_2$의 사상자를 낸 우리 병사들의 용감함을 칭찬했습니다. "우리측 사상자 수를 발표할 준비는 아직 하지 않았습니다." 정부 관계자가 우리측 손실에 대한 질문을 받았을 때 대답했습니다. "국민분들은 국방에 관한 한 정부에 힘을 모아주셔야 합니다." 그는 회의론자들에게 도전했습니다.;;;;;;;;;;;;x;
battle_we_lose_censored_title_medium;$STRING_0_3$의 지연;;;;;;;;;;;;x;
battle_we_lose_censored_medium;군 고위 지휘관은 오랫동안 적의 진격을 지연시키고, 적에게 $VALUE_INT_0_2$의 사상자를 낸 우리 병사들의 용감함을 칭찬했습니다. "국민분들은 국방에 관한 한 정부에 힘을 모아주셔야 합니다." 그는 회의론자들에게 도전했습니다.;;;;;;;;;;;;x;
battle_we_lose_censored_title_small;$STRING_0_3$의 도덕적 승리;;;;;;;;;;;;x;
battle_we_lose_censored_small;$DATE_LONG_0$, $STRING_0_3$ 전투에서 성공적으로 병력를 대피시켜 $VALUE_INT_0_2$명의 사상자를 발생시켰지만, 동시에 $TAG_0_2$명을 살려냈습니다.;;;;;;;;;;;;x;
war_we_lose_censored_large_title;아들들이 집으로 돌아왔습니다.\n$TAG_2_0_UPPER$과(와)의 평화조약 조인!;;;;;;;;;;;;x;
war_we_lose_censored_large_desc;$DATE_LONG_1$, 우리 정부는 $TAG_2_0$과(와)의 전쟁에서 항복을 결정했습니다. $STRING_0_0$(으)로 알려진 이 전쟁은 $DATE_SHORT_0$부터 $STRING_9_0$까지 지속됐고, 결과는 $STRINGS_LIST_4$입니다. 정부 관계자들은 '우리는 한 푼도 주지 않았고, 아이들에게 자랑스러워할 수 있음을 보여주었으나 더 많은 돈을 쏟아낼 가치가 없었습니다.'고 말합니다. 지금은 공식적인 기념행사가 예정돼 있지 않지만, 모든 시민들은 용감한 아들들이 집으로 돌아온 것을 기뻐해야 합니다.;;;;;;;;;;;;x;
war_we_lose_censored_medium_title;$TAG_2_0_UPPER$과(와)의 평화!;;;;;;;;;;;;x;
war_we_lose_censored_medium_desc;$DATE_LONG_1$, 우리 정부는 $TAG_2_0$과(와)의 전쟁에서 항복을 결정했습니다. $STRING_0_0$(으)로 알려진 이 전쟁은 $DATE_SHORT_0$부터 $STRING_9_0$까지 지속됐고, 결과는 $STRINGS_LIST_4$입니다.;;;;;;;;;;;;x;
war_we_lose_censored_small_title;$TAG_2_0$과(와)의 평화;;;;;;;;;;;;x;
war_we_lose_censored_small_desc;$STRING_0_0$이(가) $TAG_2_0$에 대한 항복으로 끝났습니다.;;;;;;;;;;;;x;
CRISIS_START_TITLE2;분쟁 발생!;;;;;;;;;;;;x;
CRISIS_START_DESC_LONG2;몇 달 동안 계속된 압력으로 인해 $STRING_0_0$의 국제 분쟁이 우리에게까지 닥칠 지경에 이르렀습니다. 강대국들은 분쟁이 더 이상 고조되는 것을 막기 위해 평화적인 해결책을 찾으려 하면서도 자신들의 영향력을 늘리려고 합니다. 강대국들이 영향력을 행사하라고 외치는 가운데, 광란의 외교 활동이 벌어지고 있습니다. 강대국이 중재안을 찾지 못하고 외곽의 국가들이 분쟁에 끼어들 때, $STRING_0_0$의 분쟁이 전쟁으로 발전할 가능성이 있습니다.;;;;;;;;;;;;x;
CRISIS_START_DESC_MEDIUM2;수개월 간의 $STRING_0_0$ 국제 분쟁이 우리에게까지 닥칠 지경에 이르렀습니다. 강대국들은 평화적인 중재안을 찾으려 하면서도 자신들의 영향력을 늘리려 합니다. 강대국이 중재안을 찾지 못하고 외곽의 국가들이 분쟁에 끼어들 때, $STRING_0_0$의 분쟁이 전쟁으로 발전할 가능성이 있습니다.;;;;;;;;;;;;x;
CRISIS_START_DESC_SHORT2;수개월 간의 $STRING_0_0$ 국제 분쟁이 우리에게까지 닥칠 지경에 이르렀습니다. 강대국이 중재안을 찾지 못하면 $STRING_0_0$의 분쟁이 전쟁으로 발전할 가능성이 있습니다.;;;;;;;;;;;;x;
CRISIS_END_TITLE2;긴장 감소;;;;;;;;;;;;x;
CRISIS_END_DESC_LONG2;최근 외교적으로 뜨거운 관심을 받고 있는 $STRING_0_0$에 평화적인 중재안이 도착했다는 소식이 전해지면서 주민들은 안도했습니다. <분쟁 승리국>는 강대국의 후원을 확보한 뒤 영향력을 키웠습니다. 국제 회의가 몇 주간의 외교적 기교 끝에 분쟁을 성공적으로 종식시켰습니다. 결과에 대한 보편적 만족은 없으나 당분간 전쟁은 일어나지 않을 것이라는 것이 중론입니다. 향후 또 다른 세력이 <분쟁 승리국>에 도전할지는 두고 볼 일입니다.;;;;;;;;;;;;x;
CRISIS_END_DESC_MEDIUM2;최근 외교적으로 뜨거운 관심을 받고 있는 $STRING_0_0$에 평화적인 중재안이 도착했다는 소식이 전해지면서 주민들은 안도했습니다. 국제 회의가 몇 주간의 외교적 기교 끝에 분쟁을 성공적으로 종식시켰습니다. 결과에 대한 보편적 만족은 없으나 당분간 전쟁은 일어나지 않을 것이라는 것이 중론입니다.;;;;;;;;;;;;x;
CRISIS_END_DESC_SHORT2;국제 회의를 통해 $STRING_0_0$에 평화적인 중재안이 도착했습니다. 결과에 대한 보편적 만족은 없으나 당분간 전쟁은 일어나지 않을 것이라는 것이 중론입니다.;;;;;;;;;;;;x;
OTHER_NEW_GP_DESC_LONG2;수년 동안 꾸준히 지위를 향상시켜온 $TAG_0_1$이(가) 기어코 세계의 강대국으로 부상했습니다. 국제적인 지위 인정 덕분에 $TAG_0_1$의 평판은 상당히 높아졌으며, 이제 그들의 영향력 확대를 예상해볼 수 있습니다. 반면 하락세를 멈출 수 없던 $TAG_0_0$은(는) 지역강국으로 전락했습니다. 그들이 지위를 상실하자마자 국제적 영향력 또한 현저하게 감소했습니다.;;;;;;;;;;;;x;
OTHER_NEW_GP_DESC_MEDIUM2;세계는 지속적으로 국력을 신장해온 $TAG_0_1$을(를) 강대국으로 여깁니다. 이를 모두가 반기는 것은 아닙니다. 실망스럽게도 $TAG_0_0$은(는) 지역강국으로 전락했습니다.;;;;;;;;;;;;x;
OTHER_NEW_GP_DESC_SHORT2;상승세를 이어가던 $TAG_0_1$이(가) $TAG_0_0$의 국제적 지위 및 국제적 영향력을 대체했습니다.;;;;;;;;;;;;x;
AI_LOVES_US_TITLE4;따뜻한 관계;;;;;;;;;;;;x;
AI_LOVES_US_DESC4_LONG;외무부 소식통이 전하기를 지난 몇 주 동안 $TAG_0_0$의 지도자가 우리나라와 국민들의 업적을 칭찬하는 연설을 했다고 합니다. 이 연설은 강대국에 더 가까이 다가가려는 $TAG_0_0$의 시도입니다. 이제 이러한 제안에 $TAG_0_1$ 사람들만의 전형적인 예의를 갖추어 대응해야 합니다. 우리는 이러한 시도를 칭찬하며 이것이 양국간의 지속적인 협력으로 이어지기를 희망합니다.;;;;;;;;;;;;x;
AI_LOVES_US_DESC4_MEDIUM;지난주 우리 대사와의 매우 생산적인 회담 이후, $TAG_0_0$의 대표가 우리나라와 정부를 칭찬하는 연설을 통해 새로운 협력관계로 향하는 포문을 열었습니다.;;;;;;;;;;;;x;
AI_LOVES_US_DESC4_SHORT;양국간의 우정의 새로운 시대가 개막됐습니다' 수도에서 회담을 마친 후 모인 기자들과 연설할 때 $TAG_0_0$ 대사가 꺼낸 말입니다.;;;;;;;;;;;;x;
RESEARCH_NEWS_TITLE_LARGE2;$TAG_0_0$의 연구 완료!;;;;;;;;;;;;x;
RESEARCH_NEWS_LARGE2;$TAG_0_0$ 과학자들이 수개월간의 헌신적이고 집중적인 연구 끝에 $STRING_0_1$ 분야에서 새로운 돌파구를 마련해냈다고 어제 발표했습니다. $TAG_0_0$의 기업가들과 정부는 머지않아 이 새로 습득한 지식을 전국적으로 적용해 좋은 용도로 활용할 것으로 예상됩니다.;;;;;;;;;;;;x;
RESEARCH_NEWS_TITLE_MEDIUM2;$TAG_0_0$의 연구 완료!;;;;;;;;;;;;x;
RESEARCH_NEWS_MEDIUM2;$TAG_0_0$의 과학자들이 $STRING_0_1$에 대해 획기적인 성과를 발표했습니다. 이 새로운 지식은 곧 실용적인 방법으로 적용될 것입니다"라고 한 연구원이 말했습니다.;;;;;;;;;;;;x;
RESEARCH_NEWS_TITLE_SMALL2;$TAG_0_0$의 연구 완료!;;;;;;;;;;;;x;
RESEARCH_NEWS_SMALL2;$TAG_0_0$의 과학자들이 $STRING_0_1$에 대해 획기적인 성과를 발표했습니다.;;;;;;;;;;;;x;
INVENTION_NEWS_TITLE_LARGE2;신규 특허!;;;;;;;;;;;;x;
INVENTION_NEWS_LARGE2;과학 보고: $TAG_0_0$의 연구자들이 $STRING_0_1$ 분야의 개선 및 혁신에 대해 특허를 등록했습니다. 비록 현재는 비공개로 유지되고 있지만, 진보에 대한 문서화는 점차적으로 다른 나라로 확산될 것으로 기대되고 있으며, 시간이 지남에 따라 세계의 과학 발전에 기여할 것으로 기대되고 있습니다.;;;;;;;;;;;;x;
INVENTION_NEWS_TITLE_MEDIUM2;신규 특허!;;;;;;;;;;;;x;
INVENTION_NEWS_MEDIUM2;과학 보고: $TAG_0_0$의 연구자들이 $STRING_0_1$ 분야의 개선 및 혁신에 대해 특허를 등록했습니다.;;;;;;;;;;;;x;
INVENTION_NEWS_TITLE_SMALL2;신규 특허!;;;;;;;;;;;;x;
INVENTION_NEWS_SMALL2;과학 보고: $TAG_0_0$의 연구자들이 $STRING_0_1$ 분야를 개선 및 혁신했습니다.;;;;;;;;;;;;x;
EDITORIAL_ABSMON;사설: 왜 신의 섭리에 따라 반체제주의자들을 싫어하는 것이 옳고 적절할까? 왜, 이 얼간이들은 농민 폭도들을 스스로 다스리려 할까?(10쪽 참조);;;;;;;;;;;;x;
EDITORIAL_PRUCON;사설: 왜 자연의 요구대로 모든 혁명가들을 미워하는 것이 옳을까? 왜, 그렇게 열성적인 사람들은 법치를 존중하지 않을까?(10쪽 참조);;;;;;;;;;;;x;
EDITORIAL_CONMON;사설: 왜 공화국을 싫어하는 것이 옳을까? 안정이 필요하니까! 왜 음모와 단두대가 우리 모두를 파멸시킬까?(10쪽);;;;;;;;;;;;x;
EDITORIAL_DEMOCRACY;사설: 왜 자연의 요구대로 모든 혁명가들을 미워하는 것이 옳을까? 왜, 그렇게 열성적인 사람들은 법치를 존중하지 않을까?(10쪽);;;;;;;;;;;;x;
EDITORIAL_PRESDICT;사설: 왜 대통령의 요구에 따라 체제 전복을 싫어하는 것이 옳을까? 왜 이 범죄자들은 어제 수도에서 대리석 조각상을 거칠게 훼손했을까?(10쪽 참조);;;;;;;;;;;;x;
EDITORIAL_BOURDICT;왜 가난한 사람들을 미워하는 것이 옳을까? 당신의 이성적인 사리사욕이 요구하기 때문이다! 왜, 이 기생충 같은 밑바닥 인생들은 가난을 선택하는가. 위험을 무릅쓰고 그들에게 동정심을 보여주어라.(10쪽 참조);;;;;;;;;;;;x;
EDITORIAL_PROLDICT;사설: 왜 당의 요구에 따라 기생충을 싫어하는 것이 옳을까? 심지어 최하층민 제빵사도 대중의 착취자이다. 부자를 내쫓는 것만이 우리 모두를 자유롭게 할 것이다.(10쪽 참조);;;;;;;;;;;;x;
EDITORIAL_FASCDICT;사설: 왜 당의 요구에 따라 기생충을 싫어하는 것이 옳을까? 심지어 최하층민 제빵사도 대중의 착취자이다. 부자를 내쫓는 것만이 우리 모두를 자유롭게 할 것이다.(10쪽 참조);;;;;;;;;;;;x;
FAKE_UNKNOWN;유망한 신인 작가 엘리스 벨이 <폭풍의 언덕>을 통해 요크셔의 황야에서 펼쳐지는 사랑의 문제에 대한 매혹적인 시선에 대한 이야기를 썼습니다. 이 젊은이의 미래를 기대해 봅니다.;;;;;;;;;;;;x;
FAKE_UNKNOWN;문학계에서 사건이 발생했습니다! <폭풍의 언덕> 작가 엘리스 벨이 사실 에밀리 브론테라는 이름의 여자라고 합니다. 런던의 속치마들이 히스클리프(<폭풍의 언덕> 주인공)에게 한숨을 쉬면서 소설의 인기는 끝없이 이어지고 있습니다.;;;;;;;;;;;;x;
FAKE_UNKNOWN;<천일야화>와 <카마수트라>의 번역가 리처드 프랜시스 버튼이 메카 순례행렬에 잠입했습니다. 그의 여행에 대한 독점적인 설명은 10쪽을 참고하세요.;;;;;;;;;;;;x;
FAKE_UNKNOWN;여배우 버지니아 라프가 패티 아버클의 뉴욕 호텔 스위트룸에서 죽은 채 발견됐습니다. 할리우드 한량들과 그들이 만든 퇴폐적인 영화들이 우리나라의 도덕적 가치를 망치기 전에 그들을 통제할 때입니다.;;;;;;;;;;;;x;
FAKE_UNKNOWN;조지 거슈윈의 새로운 작품 <랩소디 인 블루>는 클래식 스타일과 재즈 스타일을 혼합하여 현대 시대에 걸맞게 오래된 소리와 새로운 소리를 정교하면서도 장난기 많게 잇는 다리를 놓습니다.;;;;;;;;;;;;x;
FAKE_UNKNOWN;F. 스콧 피츠제럴드와 젤다 피츠제럴드가 파리의 미국인 공동체에서 더 밝은 미래를 찾기 위해 뉴욕을 떠납니다. 결국 가장 재능 있는 미국인들은 모두 파리로 향하는 것 같습니다.;;;;;;;;;;;;x;
FAKE_UNKNOWN;금주법에 따른 또 다른 의도치 않은 부작용으로, 미국인들은 밀주를 입맛에 맞게 만들기 위해 다양한 새로운 칵테일을 개척하고 있습니다.;;;;;;;;;;;;x;
FAKE_Cthulhu;르뤼에의 집에서 죽은 크툴루가 꿈꾸며 기다린다.;;;;;;;;;;;;x;
some_fake_1836_title_12;벚꽃;;;;;;;;;;;;x;
some_fake_1836_12;일본 정부는 이 경이로운 나라의 국민성을 가장 잘 대변하는 벚꽃색을 새로운 국색으로 결정했습니다. 덧붙여 이 색을 '분홍'으로 부르는 행위는 불법입니다.;;;;;;;;;;;;x;
some_fake_1836_title_13;금강;;;;;;;;;;;;x;
some_fake_1836_13;미국의 전문 지도 제작자 팀이 미래의 지역 및 국제 지도에 수록될 '좋은' 오하이오 강의 가장 정확한 도면을 현재까지 제공하고 있습니다. 더 많은 강들이 따라옵니다.;;;;;;;;;;;;x;
some_fake_1836_title_14;얀마옌;;;;;;;;;;;;x;
some_fake_1836_14;설명할 수 없을 정도로 많은 이주자들이 최근 북극해의 불모지인 얀마옌섬으로 이주한 것으로 알려졌습니다. '우리는 그 모든 소리에 지쳤어요'라고 개척자 중 한 명이 밝혔습니다.;;;;;;;;;;;;x;
some_fake_1880_title_8;미치광이법;;;;;;;;;;;;x;
some_fake_1880_8;선박이 항구에 미친 사람, 바보, 또는 죄수를 방류할 경우 선주에게 벌금을 부과하는 법안이 통과됐습니다.;;;;;;;;;;;;x;
some_fake_1890_title_8;55명의 당첨자;;;;;;;;;;;;x;
some_fake_1890_8;복권 당첨자 54명이 기록적인 상금을 나눠갖는 것으로 확정됐습니다. "표을 찾을 수가 없어!"라고 불운한 한 55세 남성이 불평합니다.;;;;;;;;;;;;x;
some_fake_1910_title_11;헛수고;;;;;;;;;;;;x;
some_fake_1910_11;아비시니아 왕자들의 일당으로서 터번을 쓰고 검게 그을린 얼굴로 변장한 젊은 예술가 무리들이 이 선박의 사적인 여행을 위해 왕립 해군의 주력 부대로 그들의 길을 속였습니다.;;;;;;;;;;;;x;
some_fake_1910_title_12;라디오의 문화 파괴?;;;;;;;;;;;;x;
some_fake_1910_12;최근 라디오가 등장하면서 사회와 사회화를 죽이는 것 아니냐는 우려가 나오고 있습니다. 찬성론자들은 시사적인 지적인 방송만 고려하겠다고 밝혔습니다.;;;;;;;;;;;;x;
some_fake_1910_title_13;채찍의 반란;;;;;;;;;;;;x;
some_fake_1910_13;브라질 해군의 흑인 승무원들이 백인 장교들을 상대로 반란을 일으켰습니다. 이들은 하층 계급에 대한 인종적 학대와 물리적 폭력이 폐지되지 않으면 히우지자네이루를 향해 발포하겠다고 위협하고 있습니다.;;;;;;;;;;;;x;
some_fake_1920_title_13;남성의복개혁당;;;;;;;;;;;;x;
some_fake_1920_13;남성의복개혁당이라는 새로운 운동은 남성들에게 더 아름답고 위생적으로 옷을 입으라고 촉구합니다. 대부분의 회원들은 반바지, 킬트, 특이한 바지를 입고 싶어하며 모자 착용에 반대합니다.;;;;;;;;;;;;x;
dino_fake_1830_title_1;조류 화석학;;;;;;;;;;;;x;
dino_fake_1830_1;히치콕 교수는 매사추세츠의 코네티컷강 근처에서 발견된 새들의 화석 흔적을 보고했습니다. 발자국 중 일부는 거대한 새의 것으로 보입니다...;;;;;;;;;;;;x;
dino_fake_1830_title_2;플라테오사우르스;;;;;;;;;;;;x;
dino_fake_1830_2;폰 마이어 박사는 유적의 원래 발견자인 엥겔하르트 박사를 기리기 위해 그곳에서 발견한 거대 파충류를 플라토사우르스 엥겔하르티로 명명했습니다. 이구아노돈과 메갈로사우르스와 관련된 것으로 보입니다.;;;;;;;;;;;;x;
dino_fake_1830_title_3;테코돈토사우르스;;;;;;;;;;;;x;
dino_fake_1830_3;특이한 파충류를 발견한 라일리 박사와 슈터치베리 박사는 해당 파충류가 현대의 파충류와 달리 턱이 아닌 푹 들어간 구멍에 이빨이 있다고 말합니다.;;;;;;;;;;;;x;
dino_fake_1830_title_4;포에킬로플레우론;;;;;;;;;;;;x;
dino_fake_1830_4;유데스-데슬롱챔프 박사는 척추뼈, 갈비뼈, 팔다리가 발견된 새로운 파충류을 연구합니다. 그는 이 동물이 메갈로사우르스와 관련이 있다고 생각합니다.;;;;;;;;;;;;x;
dino_fake_1840_title_1;공룡류;;;;;;;;;;;;x;
dino_fake_1840_1;공룡은 오웬 교수는 메갈로사우르스, 이구아노돈을 포함한 파충류 종들을 묶어 공룡으로 명명했습니다. 이 공룡들의 주목할 점은 거대한 몸집입니다.;;;;;;;;;;;;x;
dino_fake_1840_title_2;케티오사우르스;;;;;;;;;;;;x;
dino_fake_1840_2;바다에서 새로운 거대 화석이 발견됐습니다. 오웬 교수는 이 화석을 고래 도마뱀을 의미하는 케티오사우르스로 명명했습니다.;;;;;;;;;;;;x;
dino_fake_1840_title_3;카디오돈;;;;;;;;;;;;x;
dino_fake_1840_3;영국 윌트셔에서 하트 모양의 이빨 하나가 발견됐습니다. 분석하신 후에. 그 이빨은 분석한 후 카디오돈으로 명명했습니다;;;;;;;;;;;;x;
dino_fake_1840_title_4;레그노사우르스;;;;;;;;;;;;x;
dino_fake_1840_4;만텔 박사는 이구아노돈의 일부 턱이 발견된 후, 이전에 이구아나돈의 턱으로 할당된 턱뼈를 별개의 종으로 분리했습니다.;;;;;;;;;;;;x;
dino_fake_1840_title_5;공룡류?;;;;;;;;;;;;x;
dino_fake_1840_5;생물학자인 리차드 오웬은 남아프리카와 뉴질랜드에서 발견된 멸종된 거대 파충류의 콘크리트 조각품을 실물크기로 만들었습니다. 그는 이 조각품들을 '공룡류'라고 부릅니다.;;;;;;;;;;;;x;
dino_fake_1850_title_1;미국의 공룡;;;;;;;;;;;;x;
dino_fake_1850_1;레이디 박사는 미국에서 발견된 두개의 새로운 공룡을 명명했는데, 트라코돈과 데이노돈입니다. 이름이 붙지 않은 래커티우스와 트로이돈종도 함께 발견됐습니다.;;;;;;;;;;;;x;
dino_fake_1850_title_2;하드로사우르스;;;;;;;;;;;;x;
dino_fake_1850_2;이 새로운 공룡은 이구아노돈과 관련이 있는 것으로 보입니다. 레이디 박사는 그 동물이 두 발 뻗은 자세를 유지했을 것으로 의심하고 있습니다.;;;;;;;;;;;;x;
dino_fake_1860_title_1;세악룡;;;;;;;;;;;;x;
dino_fake_1860_1;새로 발견된 공룡류에 세악룡이라는 이름이 붙여졌습니다. 바그너 박사는 해당 생물이 어느 정도 새를 연상시키지만 새와의 관계는 없다고 말합니다.;;;;;;;;;;;;x;
dino_fake_1860_title_2;시조새;;;;;;;;;;;;x;
dino_fake_1860_2;정교하게 화석화된 깃털이 발견됐고 폰 마이어 박사는 그것을 고대의 깃털이나 날개를 의미하는 Archaopteryx(시조새)로 명명했습니다.;;;;;;;;;;;;x;
dino_fake_1860_title_3;존스턴의 아스트로돈 존스턴!;;;;;;;;;;;;x;
dino_fake_1860_3;존스턴 박사가 공룡의 치아를 아스트로돈으로 명명한 후, 레이디 박사는 그를 기리는 차원에서 그 공룡에 그의 이름을 붙였습니다.;;;;;;;;;;;;x;
dino_fake_1860_title_4;라이라프스;;;;;;;;;;;;x;
dino_fake_1860_4;코프 교수가 메갈로사우르스와 디노돈과 관련된 무시무시한 거대 공룡의 발견을 발표합니다.;;;;;;;;;;;;x;
dino_fake_1860_title_5;엘라스모사우르스;;;;;;;;;;;;x;
dino_fake_1860_5;E.D. 코프는 플레시오사우르스와 관련있지만 훨씬 긴 꼬리를 가지고 있는 엘라스모사우르스에 대해 보고했습니다.;;;;;;;;;;;;x;
dino_fake_1860_title_6;바이에른의 시조새;;;;;;;;;;;;x;
dino_fake_1860_6;바이에른에서 시조새 화석이 발견됐습니다. '시조새'와 공룡과 새 사이의 '잃어버린 고리'로 묘사되는 이것은 다윈의 진화론을 검증하는 중요한 증거입니다.;;;;;;;;;;;;x;
dino_fake_1860_title_7;히펠로사우르스;;;;;;;;;;;;x;
dino_fake_1860_7;마더론 씨는 수룡의 척추뼈와 거대한 난자 조각에 대해 보고했습니다. 그는 이 화석들을 푸보 분지에서 온 히펠로사우르스로 명명했습니다.;;;;;;;;;;;;x;
dino_fake_1870_title_1;전쟁!;;;;;;;;;;;;x;
dino_fake_1870_1;마쉬 박사가 대중에게 코프 박사가 엘라스모사우르스의 머리를 꼬리에 넣는 실수를 저질렀다는 사실을 알린 후, 둘의 맹렬한 경쟁이 시작됐습니다.;;;;;;;;;;;;x;
dino_fake_1870_title_2;더 많은 시조새;;;;;;;;;;;;x;
dino_fake_1870_2;시조새의 새로운 화석은 발톱과 이빨과 같은 파충류의 놀라운 특징을 보여줍니다. 진화론자들은 이 발견들을 크게 만들어 놓았고 그것을 잃어버린 연결고리라고 부르고 있습니다.;;;;;;;;;;;;x;
dino_fake_1870_title_3;헉슬리의 이상행동!;;;;;;;;;;;;x;
dino_fake_1870_3;헉슬리 교수가 또 다른 터무니없는 진화론을 제기한 후 많은 저명한 고생물학자들은 그의 정신 상태를 두려워합니다. 그는 파충류 공룡과 새들이 관련이 있다고 말합니다!;;;;;;;;;;;;x;
dino_fake_1870_title_4;스테고사우르스;;;;;;;;;;;;x;
dino_fake_1870_4;새로운 종류의 이상하고 거대한 거북이가 북아메리카 서부에서 발견됐습니다. 마쉬 교수는 그것을 지붕이 있는 도마뱀을 뜻하는 스테고사우루스라고 불렀습니다.;;;;;;;;;;;;x;
dino_fake_1870_title_5;익수룡;;;;;;;;;;;;x;
dino_fake_1870_5;O.C. 마쉬의 획기적인 발견입니다. 다른 익룡류와는 달리 북아메리카에서 발견된 공기로 운반되는 생물들의 화석은 완전히 이빨이 부족했던 것 같습니다.;;;;;;;;;;;;x;
dino_fake_1870_title_6;아가타우마스;;;;;;;;;;;;x;
dino_fake_1870_6;E.D. 코프가 아가타우마스를 발견한 후 지금까지 알려진 것 중 가장 큰 육지 동물이라고 거짓말을 했습니다.;;;;;;;;;;;;x;
dino_fake_1870_title_7;브리저 분지에서의 활동;;;;;;;;;;;;x;
dino_fake_1870_7;마쉬, 코프, 레이디는 발굴 작업을 와이오밍의 브리저 분지 지역으로 옮깁니다. 그들의 기지는 불과 수마일 떨어져 있고, 상위 3명의 고생물학자들은 서로 대화를 안하는 것으로 보고되고 있습니다.;;;;;;;;;;;;x;
dino_fake_1870_title_8;불신임 투표;;;;;;;;;;;;x;
dino_fake_1870_8;마쉬 교수는 명문 국립과학원에 당선된 것에 대해 기뻐하고 있습니다. 한편 코프 교수가 유일하게 '불합격' 투표를 한 것으로 알려졌습니다.;;;;;;;;;;;;x;
dino_fake_1870_title_9;황혼조;;;;;;;;;;;;x;
dino_fake_1870_9;마쉬 교수가 키가 크고 거의 날개가 없는 수생 생물인 황혼조를 발견했다고 발표합니다. 황혼조는 강력한 뒷다리로 추진하며 이빨이 있는 부리로 수중 먹이를 낚아했을 것으로 예측됩니다.;;;;;;;;;;;;x;
dino_fake_1870_title_10;마쉬의 수족 영역 침범;;;;;;;;;;;;x;
dino_fake_1870_10;마쉬 교수와 그의 일행은 사우스다코타의 화이트리버 배드랜드에서 가장 유망한 발굴 현장에 도착하기 위해 수족의 영역을 가로질렀습니다.;;;;;;;;;;;;x;
dino_fake_1870_title_11;마쉬 습격!;;;;;;;;;;;;x;
dino_fake_1870_11;O.C. 마쉬와 그의 일행은 원주민의 습격에서 간신히 탈출한 것으로 알려졌습니다. 재빠르게 퇴거한 덕에 약 2톤의 화석을 확보했습니다.;;;;;;;;;;;;x;
dino_fake_1870_title_12;수많은 척추동물!;;;;;;;;;;;;x;
dino_fake_1870_12;코프 교수는 애착을 가졌던 지질 조사 탐험대를 떠나 수십 종의 새로운 척추동물을 발견했다고 산후안강 지역에서 보도했습니다.;;;;;;;;;;;;x;
dino_fake_1870_title_13;코모 블러프;;;;;;;;;;;;x;
dino_fake_1870_13;O.C. 마쉬는 와이오밍주 코모 블러프의 발굴 현장에서 발견한 두껍고 통나무만큼 긴 뼈들을 공개합니다. 디플로도쿠스와 알로사우루스는 새로 발견된 많은 종들 중 하나입니다.;;;;;;;;;;;;x;
dino_fake_1880_title_1;뇌룡;;;;;;;;;;;;x;
dino_fake_1880_1;고생물학자인 O.C. 마쉬가 말하기를 언뜻 보기에 뇌룡은 이미 알려진 어파토사우루스와 의심스러울 정도로 비슷하게 보이지만 둘의 두개골은 완전히 다르다고 합니다.;;;;;;;;;;;;x;
dino_fake_1880_title_2;말 사기꾼?;;;;;;;;;;;;x;
dino_fake_1880_2;E.D. 코프가 O.C. 마쉬를 말의 족보와 진화에 대한 코발레프스키의 연구를 훔쳤다고 비난합니다.;;;;;;;;;;;;x;
dino_fake_1880_title_3;마쉬의 재담;;;;;;;;;;;;x;
dino_fake_1880_3;O.C. 마쉬가 코발레프스키는 회한에 시달리다 그의 머리를 날려 불행했던 경력을 끝냈음에도 코프는 뉘우치지 않은채 살아가고 있다고 글에 적었습니다.;;;;;;;;;;;;x;
dino_fake_1880_title_4;코프의 경전;;;;;;;;;;;;x;
dino_fake_1880_4;코프 교수는 이 주제에 대한 가장 포괄적인 연구를 제공하는 1000쪽 분량의 '서양의 3차 구성의 척추동물문'을 발표합니다.;;;;;;;;;;;;x;
dino_fake_1880_title_5;코프의 뒷조사;;;;;;;;;;;;x;
dino_fake_1880_5;코프는 마쉬 연구소의 전현직 직원들을 취재해 마쉬의 과학적 오류와 비윤리적 관행을 수집했고, 성공적으로 그의 과학적 명성을 훼손했습니다.;;;;;;;;;;;;x;
dino_fake_1880_title_6;어디에나 있는 이구아나돈;;;;;;;;;;;;x;
dino_fake_1880_6;베르니사트 마을에서 엄청난 공룡들이 발견됐습니다. 돌로 박사는 그것들을 연구 한 후이전에 맨텔 박사가 제안했던 것처럼 두발이라고 결론지었습니다.;;;;;;;;;;;;x;
dino_fake_1880_title_7;공룡의 분류;;;;;;;;;;;;x;
dino_fake_1880_7;셀리 교수가 공룡을 골반에 따라 분류해야 한다고 제안했습니다. 이 방안은 따르면 공룡들은 용반류과 조반목으로 나뉩니다.;;;;;;;;;;;;x;
dino_fake_1880_title_8;스테고사우르스에 관한 소식;;;;;;;;;;;;x;
dino_fake_1880_8;스테고사우루스에 대한 더 많은 자료를 발견한 마쉬 교수는 이 동물이 새로운 특이한 종류의 공룡이라고 생각합니다.;;;;;;;;;;;;x;
dino_fake_1880_title_9;용각류;;;;;;;;;;;;x;
dino_fake_1880_9;용각류에 속한 공룡들은 여태까지 알려진 거대 육지동물들의 크기를 훨씬 초과합니다. 아틀란토사우루스, 티타노사우루스, 모로사우루스, 어파토사우루스, 디플로도쿠스 등이 그 중 일부입니다.;;;;;;;;;;;;x;
dino_fake_1880_title_10;케라톱스;;;;;;;;;;;;x;
dino_fake_1880_10;마쉬 교수가 뿔 달린 공룡을 새로 발견했습니다. 이 동물은 공룡의 다양성이 예상보다 더 크다는 것을 보여줍니다.;;;;;;;;;;;;x;
dino_fake_1880_title_11;알로사우르스;;;;;;;;;;;;x;
dino_fake_1880_11;마쉬 교수가 발표하기를 이 커다란 육식공룡은 큰 이빨을 가진 두개골이 악몽에서나 볼법하게 끔찍하게 생겼다고 합니다.;;;;;;;;;;;;x;
dino_fake_1880_title_12;케라토사우르스;;;;;;;;;;;;x;
dino_fake_1880_12;마쉬 교수가 발표하기를 케라토사우루스의 발견으로 인해 새와 공룡의 관계가 더욱 밀접해졌다고 말합니다.;;;;;;;;;;;;x;
dino_fake_1880_title_13;코엘로피시스;;;;;;;;;;;;x;
dino_fake_1880_13;코프 교수가 새 공룡을 발견하고 뼈의 특징에서 착안해 코엘로피시스로 명명했습니다.;;;;;;;;;;;;x;
dino_fake_1880_title_14;암미코엘리아스 프라질리무스;;;;;;;;;;;;x;
dino_fake_1880_14;코프 교수는 암피코엘리아스 프라질리무스라는 새로운 종의 공룡을 발견했습니다.;;;;;;;;;;;;x;
dino_fake_1880_title_15;카마라사우루스;;;;;;;;;;;;x;
dino_fake_1880_15;E.D. 코프가 덩치 큰 야수로 묘사한 카마라사우루스은 다행히도 초식동물이었고, 우리의 마음을 더 큰 악몽에서 구했습니다.;;;;;;;;;;;;x;
dino_fake_1890_title_1;트리케라톱스;;;;;;;;;;;;x;
dino_fake_1890_1;O.C. 마쉬는 이전에 들소처럼 크고 특이한 선신세포유류 정도로 여겼던 뿔 달린 두개골이 공룡이라고 발표한 후 트리케라톱스로 명명했습니다.;;;;;;;;;;;;x;
dino_fake_1890_title_2;과학자들의 전쟁;;;;;;;;;;;;x;
dino_fake_1890_2;코프는 그의 뼈 수집품을 몰수하려는 정부에게 격분해 마쉬와 미국 지질조사국에 있는 마쉬의 정치적 우방들을 비난하는 내용의 출판물들을 '뉴욕 헤럴드'지에 실고 있습니다.;;;;;;;;;;;;x;
dino_fake_1890_title_3;지질조사국 기금 삭감;;;;;;;;;;;;x;
dino_fake_1890_3;미국 지질조사국의 기금을 잘못 처리한 건과 및 특혜에 대한 최근 보고에 비추어 의회가 기관의 기금을 삭감하고 고생물학계 수석실을 해체합니다.;;;;;;;;;;;;x;
dino_fake_1890_title_4;토로사우르스;;;;;;;;;;;;x;
dino_fake_1890_4;뿔 달린 이 공룡은 알려진 어떤 동물보다도 큰 머리를 가지고 있으며 장식은 트리케라톱스보다 훨씬 더 깁니다.;;;;;;;;;;;;x;
dino_fake_1900_title_1;코프의 해골;;;;;;;;;;;;x;
dino_fake_1900_1;코프는 사망 후 자신의 두개골을 과학에 기증해 마쉬의 두개골과 비교하고 두 경쟁자의 지적 능력을 측정해 갈등을 해소하려 하는 것으로 알려졌습니다.;;;;;;;;;;;;x;
dino_fake_1900_title_2;마쉬의 해골;;;;;;;;;;;;x;
dino_fake_1900_2;마쉬는 코프의 두개골을 기증하기를 거부하고 경쟁자의 두개골이 펜실베이니아 대학의 상자에 영원히 보관될 것이라고 비난하면서 마지막 도전을 거부합니다.;;;;;;;;;;;;x;
dino_fake_1920_title_1;벨로키랍토르;;;;;;;;;;;;x;
dino_fake_1920_1;피터 카이젠이 몽골에서 발견한 새로운 종은 지능적인 무리를 사냥한 것으로 추정됩니다. 그는 회수된 시료를 '작은 소녀'로 지칭했습니다.;;;;;;;;;;;;x;
dino_fake_1930_title_1;니아사우르스;;;;;;;;;;;;x;
dino_fake_1930_1;프랜시스 '렉스' 패링턴이 남부 탄자니아에서 니아사우루스의 화석을 발견했습니다. 잔해들은 매우 불완전하지만 다른 알려진 공룡들보다 앞서 있다고 주장합니다.;;;;;;;;;;;;x;
KEYNAME;TEXT;TEXT;;;;;;;;;;;;x;
