FOCUS_ALLREADY_SELECTED;이미 중점을 선택했습니다.;;;;;;;;;;;;;
FOCUS_OWNED_COLONY;빈 지역은 식민화할 수 없습니다.;;;;;;;;;;;;;
FOCUS_NOT_YOUR_PROVINCE;설정할 수 없는 지역입니다.;;;;;;;;;;;;;
FOCUS_GP_ONLY;강대국만 가능합니다.;;;;;;;;;;;;;
FOCUS_MAX;한번에 세 국가만 이곳에 중점을 설정할 수 있습니다.;;;;;;;;;;;;;
FOCUS_PROMOTE_VAL;국민중점: [SUB_A7]G$VAL$[SUB_A7]W%;;;;;;;;;;;;;
FOCUS_NO_POINTS;국민중점 점수가 부족합니다.;;;;;;;;;;;;;
rail_focus;철도;;;;;;;;;;;;;
encourage_rail;철도 건설;;;;;;;;;;;;;
immigration_focus;입국이민 유치;;;;;;;;;;;;;
immigration;이민;;;;;;;;;;;;;
colonial_focus;식민화;;;;;;;;;;;;;
colonize;식민화;;;;;;;;;;;;;
promotion_focus;육성;;;;;;;;;;;;;
promote_aristocrats;귀족 육성;;;;;;;;;;;;;
promote_artisans;장인 육성;;;;;;;;;;;;;
promote_bureaucrats;관료 육성;;;;;;;;;;;;;
promote_capitalists;자본가 육성;;;;;;;;;;;;;
promote_clergymen;성직자 육성;;;;;;;;;;;;;
promote_clerks;사무원 육성;;;;;;;;;;;;;
promote_craftsmen;직공 육성;;;;;;;;;;;;;
promote_farmers;농민 육성;;;;;;;;;;;;;
promote_labourers;인부 육성;;;;;;;;;;;;;
promote_officers;장교 육성 ;;;;;;;;;;;;;
promote_soldiers;병사 육성 ;;;;;;;;;;;;;
production_focus;생산 ;;;;;;;;;;;;;
automation_focus;자동차산업 육성;;;;;;;;;;;;;
electrical_focus;전기산업 육성;;;;;;;;;;;;;
chemical_focus;화학산업 육성;;;;;;;;;;;;;
shipping_focus;조선산업 육성;;;;;;;;;;;;;
textile_focus;섬유산업 육성;;;;;;;;;;;;;
wood_focus;목재산업 육성;;;;;;;;;;;;;
basic_industry_focus;기초산업 육성;;;;;;;;;;;;;
armaments_focus;군수산업 육성;;;;;;;;;;;;;
consumer_focus;소비재산업 육성;;;;;;;;;;;;;
railroad_build_desc;자본가가 철도를 부설할 확률이 [SUB_A7]Y$VAL$[SUB_A7]W% 증가합니다.;;;;;;;;;;;;;
immigration_focus_desc;이민자들이 해당 주를 선택할 확률이 [SUB_A7]Y$VAL$[SUB_A7]W% 증가합니다.;;;;;;;;;;;;;
colony_focus_desc;매달마다 식민화 정도가 [SUB_A7]Y$VAL$[SUB_A7]W% 상승합니다.;;;;;;;;;;;;;
REMOVE_FOCUS;중점 해제;;;;;;;;;;;;;
military_goods;군용재;;;;;;;;;;;;;
ammunition;탄약;;;;;;;;;;;;;
small_arms;소화기;;;;;;;;;;;;;
canned_food;통조림;;;;;;;;;;;;;
barrels;전차;;;;;;;;;;;;;
raw_material_goods;원자재;;;;;;;;;;;;;
cotton;목화;;;;;;;;;;;;;
dye;염료;;;;;;;;;;;;;
wool;양모;;;;;;;;;;;;;
silk;비단;;;;;;;;;;;;;
coal;석탄;;;;;;;;;;;;;
sulphur;황;;;;;;;;;;;;;
iron;철;;;;;;;;;;;;;
timber;수목;;;;;;;;;;;;;
tropical_wood;열대수목;;;;;;;;;;;;;
rubber;고무;;;;;;;;;;;;;
oil;원유;;;;;;;;;;;;;
precious_metal;귀금속;;;;;;;;;;;;;
industrial_goods;산업재;;;;;;;;;;;;;
steel;강철;;;;;;;;;;;;;
cement;시멘트;;;;;;;;;;;;;
machine_parts;기계부품;;;;;;;;;;;;;
glass;유리;;;;;;;;;;;;;
fuel;연료;;;;;;;;;;;;;
fertilizer;비료;;;;;;;;;;;;;
explosives;폭약;;;;;;;;;;;;;
clipper_convoy;범선;;;;;;;;;;;;;
steamer_convoy;증기선;;;;;;;;;;;;;
electric_gear;전자부품;;;;;;;;;;;;;
fabric;직물;;;;;;;;;;;;;
lumber;목재;;;;;;;;;;;;;
consumer_goods;소비재;;;;;;;;;;;;;
paper;종이;;;;;;;;;;;;;
cattle;가축;;;;;;;;;;;;;
fish;물고기;;;;;;;;;;;;;
fruit;과일;;;;;;;;;;;;;
grain;곡물;;;;;;;;;;;;;
tobacco;담배;;;;;;;;;;;;;
tea;차;;;;;;;;;;;;;
coffee;커피;;;;;;;;;;;;;
opium;아편;;;;;;;;;;;;;
automobiles;자동차;;;;;;;;;;;;;
aeroplanes;항공기;;;;;;;;;;;;;
telephones;전화기;;;;;;;;;;;;;
wine;고급주;;;;;;;;;;;;;
liquor;증류주;;;;;;;;;;;;;
regular_clothes;일반의류;;;;;;;;;;;;;
luxury_clothes;고급의류;;;;;;;;;;;;;
furniture;가구;;;;;;;;;;;;;
luxury_furniture;고급가구;;;;;;;;;;;;;
radio;라디오;;;;;;;;;;;;;
fascist;파쇼주의;;;;;;;;;;;;;
reactionary;반동주의;;;;;;;;;;;;;
conservative;보수주의;;;;;;;;;;;;;
socialist;사회주의;;;;;;;;;;;;;
communist;공산주의;;;;;;;;;;;;;
liberal;자유주의;;;;;;;;;;;;;
anarcho_liberal;아나르코자본주의;;;;;;;;;;;;;
RULE_BUILD_FACTORY;공장 건설;;;;;;;;;;;;;
RULE_EXPAND_FACTORY;공장 확장;;;;;;;;;;;;;
RULE_BUILD_RAILWAY;철도 건설;;;;;;;;;;;;;
RULE_FACTORY_PRIORITY;공장 우선도;;;;;;;;;;;;;
RULE_PRIMARY_CULTURE_VOTING;\n핵심 문화 투표 가능;;;;;;;;;;;;;
RULE_CULTURE_VOTING;\n수용 문화 투표 가능;;;;;;;;;;;;;
RULE_ALL_VOTING;\n모든 문화 투표 가능;;;;;;;;;;;;;
RULE_LARGEST_SHARE;단순다수법;;;;;;;;;;;;;
RULE_DHONT;분모수열법;;;;;;;;;;;;;
RULE_SAINTE_LAQUE;최대잉여법;;;;;;;;;;;;;
MINIMUM_STOCKPILE_TARGET;최소 비축량:;;;;;;;;;;;;;
MAXIMUM_STOCKPILE_TARGET;최대 비축량:;;;;;;;;;;;;;
GOV_NEED_DETAIL;정부 필요량: $VAL$;;;;;;;;;;;;;
FACTORY_NEED_DETAIL;공장 필요량: $VAL$;;;;;;;;;;;;;
POP_NEED_DETAIL;주민 필요량: $VAL$;;;;;;;;;;;;;
PRODUCED_DETAIL_REMOVE;국내 생산량: $VAL$;;;;;;;;;;;;;
REMOVE_RULE_OPEN_FACTORY;공장 가동;;;;;;;;;;;;;
REMOVE_RULE_CLOSE_FACTORY;공장 폐쇄;;;;;;;;;;;;;
RULE_CAN_SUBSIDISE;공장보조금 지급 가능;;;;;;;;;;;;;
RULE_POP_BUILD_FACTORY;주민의 공장 건설;;;;;;;;;;;;;
RULE_POP_EXPAND_FACTORY;주민의 공장 확장;;;;;;;;;;;;;
RULE_POP_OPEN_FACTORY;주민의 공장 가동;;;;;;;;;;;;;
RULE_DELETE_FACTORY_IF_NO_INPUT;파산 공장 철거;;;;;;;;;;;;;
REMOVE_LIT_CHANGE;월간 변동;;;;;;;;;;;;;
PLURALITY_CHANGE;월간 변동;;;;;;;;;;;;;
TOO_SOON_FOR_REFORM;개혁은 한달에 한번만 가능합니다. 다음 개혁안은 [SUB_A7]Y$DATE$[SUB_A7]W 이후에 가능합니다.;;;;;;;;;;;;;
IS_NEXT_STEP_ONLY;해당 범주의 개혁에서는 점진적인 변화만이 가능하므로 언제든지 한단계만 전진/후퇴할 수 있습니다.;;;;;;;;;;;;;
PERC_OF_PARLAMENT;의회의 $PERC$%입니다.;;;;;;;;;;;;;
IDEOLOGY_LABEL;이념;;;;;;;;;;;;;
VOTERS_LABEL;유권자;;;;;;;;;;;;;
###################################################################;;;;;;;;;;;;;
# Mapmode Buttons;;;;;;;;;;;;;
###################################################################;;;;;;;;;;;;;
MAPMODE_1;지리;;;;;;;;;;;;;
MAPMODE_2;정치체;;;;;;;;;;;;;
MAPMODE_3;반란도;;;;;;;;;;;;;
MAPMODE_4;외교;;;;;;;;;;;;;
MAPMODE_5;주;;;;;;;;;;;;;
MAPMODE_6;철도;;;;;;;;;;;;;
MAPMODE_7;식민지;;;;;;;;;;;;;
MAPMODE_8;행정 효율;;;;;;;;;;;;;
MAPMODE_9;징집;;;;;;;;;;;;;
MAPMODE_10;국민중점;;;;;;;;;;;;;
#;;;;;;;;;;;;;
SOLMP_NO_SOLDIER_POPS;징병할 수 있는 병사 주민이 없습니다.;;;;;;;;;;;;;
SOLMP_OVER_RECRUITED;병력을 지원할 수 있는 병사 주민이 없습니다.;;;;;;;;;;;;;
SOLMP_DETAILS;해당 지역의 모든 병사 중 [SUB_A7]Y$CURRENT$[SUB_A7]W개 여단을 징병했으며, 앞으로 [SUB_A7]Y$ALLOWED$[SUB_A7]W개 여단을 더 징병할 수 있습니다.;;;;;;;;;;;;;
#;;;;;;;;;;;;;
PROVTIP_NAVAL_BASE;가장 까가운 군항: ;;;;;;;;;;;;;
COLONIZE_LIFE_RATING;생활등급: [SUB_A7]R$RATE$[SUB_A7]W. 현재 기술로는 최소한의 생활등급보다 높아야만 식민화가 가능합니다.: [SUB_A7]Y$TECH$[SUB_A7]W;;;;;;;;;;;;;
COLONIZE_CLOSEST_BASE_TO_FAR;근처에 군항이 없습니다.;;;;;;;;;;;;;
CONFIRM_CREATE_STATE_TITLE;주 설립;;;;;;;;;;;;;
CONFIRM_CREATE_STATE_DESC;해당 식민주를 주로 승격합니다.\n해당 지방은 주로 취급되며 그곳 주민에게는 다른 지역과 동등한 권리와 특권이 주어집니다.;;;;;;;;;;;;;
BUILDTYPE_FACTORY;공장;;;;;;;;;;;;;
BUILDTYPE_RGO;채집장;;;;;;;;;;;;;
BUILDTYPE_INFRASTRUCTURE;철도;;;;;;;;;;;;;
BUILDTYPE_NAVALBASE;군항;;;;;;;;;;;;;
BUILDTYPE_FORT;요새;;;;;;;;;;;;;
UV_PERSONALITY;성격: $VAL$;;;;;;;;;;;;;
UV_BACKGROUND;배경: $VAL$;;;;;;;;;;;;;
UV_PERSONALITY_LABEL;성격;;;;;;;;;;;;;
UV_BACKGROUND_LABEL;배경;;;;;;;;;;;;;
MOB_SIZE_IRO;하류층의 [SUB_A7]Y$VALUE$[SUB_A7]W%를 병사로 동원할 수 있습니다.;;;;;;;;;;;;;
MOB_FROM_TECH;기술: [SUB_A7]G+$VALUE$[SUB_A7]W;;;;;;;;;;;;;
MOB_ECO_IMPACT;동원령으로 인한 경제 영향: - [SUB_A7]G-$VALUE$[SUB_A7]W.;;;;;;;;;;;;;
MOB_ECO_PENALTY;경제에 영향을 [SUB_A7]R$VALUE$[SUB_A7]W 줍니다.;;;;;;;;;;;;;
MOB_SIZE_LABEL;예비군 여단 수;;;;;;;;;;;;;
MOB_IMPACT_LABEL;생산 영향;;;;;;;;;;;;;
COLONIZE_SETTLED;이미 정착한 지역;;;;;;;;;;;;;
AT_WAR_WITH;교전국:;;;;;;;;;;;;;
ALLIED_WITH;동맹국: ;;;;;;;;;;;;;
SEND_DIPLOMAT;외교관 파견;;;;;;;;;;;;;
PV_CONTROLLER;통제국:;;;;;;;;;;;;;
PV_SIEGE_PROGRESS;점령 진행도:;;;;;;;;;;;;;
PV_FORT;요새;;;;;;;;;;;;;
PV_NAVALBASE;군항;;;;;;;;;;;;;
PV_RAILROAD;철도;;;;;;;;;;;;;
AVG_STATE_BONUS;주 평균:;;;;;;;;;;;;;
PW_SUPPLY_LIMIT;보급 한계;;;;;;;;;;;;;
LEVEL_WITH;-;;;;;;;;;;;;;
ATTRITION_WEIGHT;이 부대는 보급 점수를 [SUB_A7]Y$VALUE$[SUB_A7]W 사용합니다.;;;;;;;;;;;;;
ATTRITION_MAX;해당 지역에서의 최대 소모율: [SUB_A7]Y$VALUE$[SUB_A7]W%;;;;;;;;;;;;;
ATTR_SHIP_AT_PORT;0% - 항구;;;;;;;;;;;;;
ATTR_HOME_WATERS;0% - 영해;;;;;;;;;;;;;
ATTR_BASE;기본값;;;;;;;;;;;;;
ATTR_TIME_AT_SEA;바다에서의 시간;;;;;;;;;;;;;
ATTR_OPEN_SEA;공해;;;;;;;;;;;;;
ATTR_LEADER;지휘관 기동력;;;;;;;;;;;;;
SHIP_SUPPLY_RANGE;보급 범위;;;;;;;;;;;;;
LOG_SETTING_PAUSE;팝업/일시정지;;;;;;;;;;;;;
LOG_SETTING_POPUP;팝업창을 엽니다.;;;;;;;;;;;;;
MESSAGE_IS_POPUP;전보를 팝업창에 $TRUTH$니다.;;;;;;;;;;;;;
MESSAGE_IS_LOG;전보를 로그에 $TRUTH$니다.;;;;;;;;;;;;;
MESSAGE_IS_ONMAP;전보를 가능하다면 지도에 $TRUTH$니다.;;;;;;;;;;;;;
MESSAGE_SETTING_TRUE;표시합;;;;;;;;;;;;;
MESSAGE_SETTING_FALSE;표시하지 않습;;;;;;;;;;;;;
MESSAGE_IS_ICON;전보를 아이콘에 $TRUTH$니다.;;;;;;;;;;;;;
UW_ATEMPT_GUNBOAT;[SUB_A7]Y$OTHER$[SUB_A7]W에게 포함 외교를 실시합니다.;;;;;;;;;;;;;
UW_NO_GUNBOAT_POSSIBLE;포함외교를 실행할 대상국이 없습니다.;;;;;;;;;;;;;
UW_GUNBOAT_DESC;우리나라에게 채무불이행을 선언한 국가의 항구 근처에 함대를 배치해야 합니다.;;;;;;;;;;;;;
LOG_SETTING_ICON;아이콘;;;;;;;;;;;;;
GOTO_SEARCH_COUNTRIES_AND_PROVINCES;국가/지역 검색;;;;;;;;;;;;;
REGION_NAME;$NAME$ 지방;;;;;;;;;;;;;
#;;;;;;;;;;;;;
POP_SIZE_INFO_ON_SEL;$WHERE$ 내 $WHO$ 수: $VAL$명;;;;;;;;;;;;;
POPV_SORT_BY_MIL;불만도;;;;;;;;;;;;;
POPV_SORT_BY_CON;의식도;;;;;;;;;;;;;
POPV_SORT_BY_IDE;이념;;;;;;;;;;;;;
POPV_SORT_BY_ISS;쟁점;;;;;;;;;;;;;
POPV_SORT_BY_UNEMPLOYMENT;실업률;;;;;;;;;;;;;
POPV_SORT_BY_CASH;보유금;;;;;;;;;;;;;
POPV_SORT_BY_LIFE;생필품 욕구 충족;;;;;;;;;;;;;
POPV_SORT_BY_EVERY;일용품 욕구 충족;;;;;;;;;;;;;
POPV_SORT_BY_LUXURY;사치품 욕구 충족;;;;;;;;;;;;;
POPV_SORT_BY_RR;반군 파벌;;;;;;;;;;;;;
POPV_SORT_BY_CHANGE;인구 변동;;;;;;;;;;;;;
POPV_SORT_BY_LIT;문해율;;;;;;;;;;;;;
BUILDING_DONE_SETUP;건물을 완공했을 때;;;;;;;;;;;;;
BUILDING_DONE_HEADER;건물 완공;;;;;;;;;;;;;
BUILDING_DONE_1;$NAME$;;;;;;;;;;;;;
BUILDING_DONE_2;$PROV$에서;;;;;;;;;;;;;
BUILDING_DONE_3;$NAME$을(를);;;;;;;;;;;;;
BUILDING_DONE_4;완공했습니다.;;;;;;;;;;;;;
BUILDING_DONE_5;*;;;;;;;;;;;;;
BUILDING_DONE_6;*;;;;;;;;;;;;;
BUILDING_DONE_LOG;$PROV$에서 $NAME$을(를) 완공했습니다.;;;;;;;;;;;;;
BUILDING_DONE_BTN1;확인;;;;;;;;;;;;;
BUILDING_DONE_BTN2;확인;;;;;;;;;;;;;
BUILDING_DONE_BTN3;참조;;;;;;;;;;;;;
BUILDING_DONE_MAP;$PROV$에서 $NAME$을(를) 완공했습니다.;;;;;;;;;;;;;
WE_NO_LONGER_GREAT_POWER_SETUP;우리나라가 강대국 대열에서 탈락했을 때;;;;;;;;;;;;;
WE_NO_LONGER_GREAT_POWER_HEADER;$MESSENGER$;;;;;;;;;;;;;
WE_NO_LONGER_GREAT_POWER_1;강대국 탈락;;;;;;;;;;;;;
REMOVE_WE_NO_LONGER_GREAT_POWER_2;우리나라가 강대국의 대열에서 탈락하면서;;;;;;;;;;;;;
WE_NO_LONGER_GREAT_POWER_3;$NEWCOUNTRY$이(가) 그 빈자리를 차지했습니다.;;;;;;;;;;;;;
WE_NO_LONGER_GREAT_POWER_4;*;;;;;;;;;;;;;
WE_NO_LONGER_GREAT_POWER_5;*;;;;;;;;;;;;;
WE_NO_LONGER_GREAT_POWER_6;*;;;;;;;;;;;;;
WE_NO_LONGER_GREAT_POWER_LOG;우리나라가 강대국 대열에서 탈락했습니다.;;;;;;;;;;;;;
WE_NO_LONGER_GREAT_POWER_BTN1;젠장!;;;;;;;;;;;;;
WE_NO_LONGER_GREAT_POWER_MAP;강대국 탈락;;;;;;;;;;;;;
THEY_NO_LONGER_GREAT_POWER_SETUP;다른 국가가 강대국 대열에서 탈락했을때;;;;;;;;;;;;;
THEY_NO_LONGER_GREAT_POWER_HEADER;$MESSENGER$;;;;;;;;;;;;;
THEY_NO_LONGER_GREAT_POWER_1;$OLDCOUNTRY$;;;;;;;;;;;;;
THEY_NO_LONGER_GREAT_POWER_2;$OLDCOUNTRY$이(가);;;;;;;;;;;;;
REMOVE_THEY_NO_LONGER_GREAT_POWER_3;강대국의 대열에서 탈락하면서;;;;;;;;;;;;;
THEY_NO_LONGER_GREAT_POWER_4;그들의 빈자리는 $NEWCOUNTRY$이(가) 차지했습니다.;;;;;;;;;;;;;
THEY_NO_LONGER_GREAT_POWER_5;*;;;;;;;;;;;;;
THEY_NO_LONGER_GREAT_POWER_6;*;;;;;;;;;;;;;
THEY_NO_LONGER_GREAT_POWER_LOG;$OLDCOUNTRY$는 이미 열강국이 아닙니다.;$OLDCOUNTRY$ is no longer a great power.;;;;;;;;;;;;;;;;;;;;;;;;;;
THEY_NO_LONGER_GREAT_POWER_BTN1;확인;;;;;;;;;;;;;
THEY_NO_LONGER_GREAT_POWER_MAP;강대국 탈락;;;;;;;;;;;;;
COLONY_SUCCESS_HEADER;식민부 보고서;;;;;;;;;;;;;
COLONY_SUCCESS_1;식민지 설립!;;;;;;;;;;;;;
COLONY_SUCCESS_2;$MONARCHTITLE$, 마침내 [SUB_A7]Y$TARGET$[SUB_A7]b을(를);;;;;;;;;;;;;
COLONY_SUCCESS_3;성공적으로 식민화했습니다.;;;;;;;;;;;;;
COLONY_SUCCESS_4;이 지방은 곧 우리나라의 주가 될 것입니다.;;;;;;;;;;;;;
COLONY_SUCCESS_5;위신이 [SUB_A7]Y$PRESTIGE$[SUB_A7]W 상승했습니다.;;;;;;;;;;;;;
COLONY_SUCCESS_6;(기본 수치 [SUB_A7]Y$BASE$[SUB_A7]W x [SUB_A7]Y$PROV$[SUB_A7]W 지역 수);;;;;;;;;;;;;
COLONY_SUCCESS_BTN1;확인;;;;;;;;;;;;;
COLONY_SUCCESS_BTN2;확인;;;;;;;;;;;;;
COLONY_SUCCESS_BTN3;참조;;;;;;;;;;;;;
COLONY_SUCCESS_MAP;식민지 설립!;;;;;;;;;;;;;
COLONY_FAIL_HEADER;식민부 보고서;;;;;;;;;;;;;
COLONY_FAIL_1;식민화 실패!;;;;;;;;;;;;;
COLONY_FAIL_2;$MONARCHTITLE$, [SUB_A7]Y$TARGET$[SUB_A7]b의;;;;;;;;;;;;;
COLONY_FAIL_3;우리 식민지가;;;;;;;;;;;;;
COLONY_FAIL_4;실패했습니다!;;;;;;;;;;;;;
COLONY_FAIL_5;그러자 탐욕스러운 $OTHER$이(가) 영유권을 주장하고 나섰습니다.;;;;;;;;;;;;;
COLONY_FAIL_6;*;;;;;;;;;;;;;
COLONY_FAIL_BTN1;확인;;;;;;;;;;;;;
COLONY_FAIL_BTN2;확인;;;;;;;;;;;;;
COLONY_FAIL_BTN3;참조;;;;;;;;;;;;;
COLONY_FAIL_MAP;식민화 실패!;;;;;;;;;;;;;
WE_BECAME_GREAT_POWER_SETUP;우리나라가 강대국 대열에 합류했을 때;;;;;;;;;;;;;
WE_BECAME_GREAT_POWER_HEADER;$MESSENGER$;;;;;;;;;;;;;
WE_BECAME_GREAT_POWER_1;지위 격상;;;;;;;;;;;;;
REMOVE_WE_BECAME_GREAT_POWER_2;이제부터 우리나라도 강대국으로 간주됩니다!;;;;;;;;;;;;;
WE_BECAME_GREAT_POWER_3;*;;;;;;;;;;;;;
WE_BECAME_GREAT_POWER_4;*;;;;;;;;;;;;;
WE_BECAME_GREAT_POWER_5;*;;;;;;;;;;;;;
WE_BECAME_GREAT_POWER_6;*;;;;;;;;;;;;;
WE_BECAME_GREAT_POWER_LOG;우리나라가 강대국 대열에 합류했습니다!;;;;;;;;;;;;;
WE_BECAME_GREAT_POWER_BTN1;좋아!;;;;;;;;;;;;;
WE_BECAME_GREAT_POWER_MAP;강대국!;;;;;;;;;;;;;
MODIFIER_NONE;없음;;;;;;;;;;;;;
MINIMUM_REVOLT_RISK;최소 반란도;;;;;;;;;;;;;
LOCAL_REVOLT_RISK;지역 반란도;;;;;;;;;;;;;
GLOBAL_REVOLT_RISK;국가적 반란도;;;;;;;;;;;;;
MANPOWER;인력 증가;;;;;;;;;;;;;
LOCAL_MANPOWER;지역 인력 변동사항;;;;;;;;;;;;;
GLOBAL_MANPOWER;국가 인력 변동사항;;;;;;;;;;;;;
ATTRITION;소모율;;;;;;;;;;;;;
manpower;인력;;;;;;;;;;;;;
war_exhaustion;염전도;;;;;;;;;;;;;
MAX_WAR_EXHAUSTION;최대 염전도;;;;;;;;;;;;;
FORT_LEVEL;요새 수준;;;;;;;;;;;;;
MODIFIER_LOCAL_LEADERSHIP_MODIFIER;지휘력 변동사항;;;;;;;;;;;;;
MODIFIER_GLOBAL_LEADERSHIP_MODIFIER;지휘력 변동사항;;;;;;;;;;;;;
MODIFIER_SUPPLY_CONSUMPTION;보급품 소비량;;;;;;;;;;;;;
MODIFIER_PEACETIME_MANPOWER_ROTATION;평시 인력 순환;;;;;;;;;;;;;
MODIFIER_UNIT_RECRUITMENT_TIME;편제 기간;;;;;;;;;;;;;
MODIFIER_UNIT_START_EXPERIENCE;초기 숙련도;;;;;;;;;;;;;
MODIFIER_UNIT_REPAIR;수리 기간;;;;;;;;;;;;;
MODIFIER_COMBAT_MOVEMENT_SPEED;이동 속도;;;;;;;;;;;;;
MODIFIER_ATTACK_REINFORCE_CHANCE;공격 보강 확률;;;;;;;;;;;;;
MODIFIER_DEFEND_REINFORCE_CHANCE;방어 보강 확률;;;;;;;;;;;;;
MODIFIER_COMBAT_WIDTH;전장 너비;;;;;;;;;;;;;
MODIFIER_ORG_REGAIN;조직력 회복 속도;;;;;;;;;;;;;
MODIFIER_LAND_ORGANISATION;육군 조직력;;;;;;;;;;;;;
MODIFIER_AIR_ORGANISATION;공군 조직력;;;;;;;;;;;;;
MODIFIER_NAVAL_ORGANISATION;해군 조직력;;;;;;;;;;;;;
MODIFIER_RESERVES_PENALTY_SIZE;예비군 처벌 영향;;;;;;;;;;;;;
MODIFIER_GLOBAL_RESOURCES;자원;;;;;;;;;;;;;
MODIFIER_RESEARCH_POINTS_MODIFIER;연구점 변동사항;;;;;;;;;;;;;
MODIFIER_DEBT_DEFAULT_TO;채무불이행;;;;;;;;;;;;;
MODIFIER_IMPORT_COST;수입 비용;;;;;;;;;;;;;
MODIFIER_LOAN_INTEREST;차관 이자;;;;;;;;;;;;;
MODIFIER_TAX_EFFICIENCY;세금 효율;;;;;;;;;;;;;
MODIFIER_MIN_TAX;세금 최저 한도;;;;;;;;;;;;;
MODIFIER_MAX_TAX;세금 최고 한도;;;;;;;;;;;;;
MODIFIER_MIN_MILITARY_SPENDING;군비 최저 한도;;;;;;;;;;;;;
MODIFIER_MAX_MILITARY_SPENDING;군비 최고 한도;;;;;;;;;;;;;
MODIFIER_MIN_SOCIAL_SPENDING;사회보장비 최저 한도;;;;;;;;;;;;;
MODIFIER_MAX_SOCIAL_SPENDING;사회보장비 최고 한도;;;;;;;;;;;;;
MODIFIER_MILITARY_MAINTENANCE;군사유지비;;;;;;;;;;;;;
MODIFIER_FACTORY_OWNER_COST;공장 소유비;;;;;;;;;;;;;
MODIFIER_MIN_TARIFF;관세 최저 한도;;;;;;;;;;;;;
MODIFIER_MAX_TARIFF;관세 최고 한도;;;;;;;;;;;;;
MODIFIER_RULING_PARTY_SUPPORT;여당 지지도;;;;;;;;;;;;;
MODIFIER_RICH_VOTE;상류층 투표;;;;;;;;;;;;;
MODIFIER_MIDDLE_VOTE;중류층 투표;;;;;;;;;;;;;
MODIFIER_POOR_VOTE;하류층 투표;;;;;;;;;;;;;
MODIFIER_MINIMUN_WAGE;최저임금;;;;;;;;;;;;;
MODIFIER_POOR_LUXURY_NEEDS;하류층 사치품 욕구;;;;;;;;;;;;;
MODIFIER_FACTORY_EFFICIENCY;공장 효율;;;;;;;;;;;;;
MODIFIER_FACTORY_MAINTENANCE;공장 유지비;;;;;;;;;;;;;
MODIFIER_RICH_EVERYDAY_NEEDS;상류층 일용품 욕구;;;;;;;;;;;;;
MODIFIER_MIDDLE_EVERYDAY_NEEDS;중류층 일용품 욕구;;;;;;;;;;;;;
MODIFIER_POOR_EVERYDAY_NEEDS;하류층 일용품 욕구;;;;;;;;;;;;;
MODIFIER_UNEMPLOYMENT_BENEFIT;실업보조금;;;;;;;;;;;;;
MODIFIER_PENSION_LEVEL;연금 수준;;;;;;;;;;;;;
MODIFIER_POPULATION_GROWTH;인구 증가;;;;;;;;;;;;;
MODIFIER_FACTORY_INPUT;공장 투입량;;;;;;;;;;;;;
MODIFIER_FACTORY_OUTPUT;공장 생산량;;;;;;;;;;;;;
MODIFIER_FACTORY_THROUGHPUT;공장 처리량;;;;;;;;;;;;;
MODIFIER_RGO_INPUT;채집장 투입량;;;;;;;;;;;;;
MODIFIER_RGO_OUTPUT;채집장 생산량;;;;;;;;;;;;;
MODIFIER_RGO_THROUGHPUT;채집장 처리량;;;;;;;;;;;;;
MODIFIER_ARTISAN_INPUT;장인 투입량;;;;;;;;;;;;;
MODIFIER_ARTISAN_OUTPUT;장인 생산량;;;;;;;;;;;;;
MODIFIER_ARTISAN_THROUGHPUT;장인 처리량;;;;;;;;;;;;;
MODIFIER_NUMBER_OF_VOTERS;유권자 수;;;;;;;;;;;;;
MODIFIER_GOODS_DEMAND;상품 수요;;;;;;;;;;;;;
MODIFIER_ASSIMILATION_RATE;동화 속도;;;;;;;;;;;;;
MODIFIER_PRESTIGE;위신;;;;;;;;;;;;;
MODIFIER_FACTORY_COST;공장 건설비;;;;;;;;;;;;;
MODIFIER_LIFE_RATING;생활등급;;;;;;;;;;;;;
MODIFIER_FARM_EFFICIENCY;농사 효율;;;;;;;;;;;;;
MODIFIER_MINE_EFFICIENCY;채광 효율;;;;;;;;;;;;;
MODIFIER_FARM_SIZE;농장 규모;;;;;;;;;;;;;
MODIFIER_MINE_SIZE;광산 규모;;;;;;;;;;;;;
MODIFIER_ISSUE_CHANGE_SPEED;정치적 각성;;;;;;;;;;;;;
MODIFIER_SOCIAL_REFORM_DESIRE;사회개혁 열망;;;;;;;;;;;;;
MODIFIER_POLITICAL_REFORM_DESIRE;정치개혁 열망;;;;;;;;;;;;;
MODIFIER_LITERACY_CON_IMPACT;의식도에 대한 문해율의 영향;;;;;;;;;;;;;
MODIFIER_MIDDLE_LUXURY_NEEDS;중류층 사치품 욕구;;;;;;;;;;;;;
MODIFIER_RICH_LUXURY_NEEDS;상류층 사치품 욕구;;;;;;;;;;;;;
MODIFIER_POOR_LIFE_NEEDS;하류층 생필품 욕구;;;;;;;;;;;;;
MODIFIER_RICH_LIFE_NEEDS;상류층 생필품 욕구;;;;;;;;;;;;;
MODIFIER_MIDDLE_LIFE_NEEDS;중류층 생필품 욕구;;;;;;;;;;;;;
MODIFIER_POP_CONSCIOUSNESS_MODIFIER;지역 의식도;;;;;;;;;;;;;
MODIFIER_RICH_INCOME_MODIFIER;상류층 수입;;;;;;;;;;;;;
MODIFIER_MIDDLE_INCOME_MODIFIER;중류층 수입;;;;;;;;;;;;;
MODIFIER_POOR_INCOME_MODIFIER;하류층 수입;;;;;;;;;;;;;
MODIFIER_RANDOM_PARTY_VOTES;무작위 투표;;;;;;;;;;;;;
MODIFIER_IMMIGANT_ATTRACT;입국이민 유치;;;;;;;;;;;;;
MODIFIER_POOR_SAVINGS_MODIFIER;하류층 저축;;;;;;;;;;;;;
MODIFIER_POP_MILITANCY_MODIFIER;주민 불만도;;;;;;;;;;;;;
MODIFIER_MOBILISATION_SIZE;동원 규모;;;;;;;;;;;;;
MODIFIER_MOBILISATION_ECONOMY_IMPACT;경제에 대한 동원령의 영향;;;;;;;;;;;;;
MODIFIER_GREATPOWER_INFLUENCE_GAIN;영향력;;;;;;;;;;;;;
MODIFIER_DIPLOPOINTS_GAIN;외교점;;;;;;;;;;;;;
MODIFIER_SUPPLY_LIMIT;보급 한계;;;;;;;;;;;;;
MODIFIER_MAX_ATTRITION;최대 소모율;;;;;;;;;;;;;
MODIFIER_IMMIGANT_PUSH;출국이민 촉진;;;;;;;;;;;;;
NO_WAR_NAP;불가침조약을 파기해야 합니다.;;;;;;;;;;;;;
DIPRELCH_DIP_SKILL;외교 기술;;;;;;;;;;;;;
DIPRELCH_INFLUENCE;영향력;;;;;;;;;;;;;
TRUCEWITH;$LIST$과(와) 휴전조약을 맺었습니다.;;;;;;;;;;;;;
ATWARWITH; $LIST$과(와) 교전 중입니다.;;;;;;;;;;;;;
ALLIEDWITH;$LIST$과(와) 동맹조약을 맺었습니다.;;;;;;;;;;;;;
LEADUNIONS;$LIST$(과)와의 인적 동군연합을 주도합니다.;;;;;;;;;;;;;
INUNION;$LIST$과(와) 동군연합입니다.;;;;;;;;;;;;;
ROYALMARRIAGE;$LIST$의 왕족과 혼인했습니다.;;;;;;;;;;;;;
LEADVASSAL;종속국 목록: $LIST$;;;;;;;;;;;;;
AMVASSAL;$LIST$의 종속국입니다.;;;;;;;;;;;;;
HASCBON; $LIST$에 전쟁명분이 있습니다.;;;;;;;;;;;;;
GUARANTEED;$LIST$에게서 독립을 보장받고 있습니다.;;;;;;;;;;;;;
GUARANTING;$LIST$의 독립을 보장하고 있습니다.;;;;;;;;;;;;;
WARNED;$LIST$에게 전쟁배상금을 상환받고 있습니다.;;;;;;;;;;;;;
WARNING;$LIST$에게 전쟁배상금을 상환하고 있습니다.;;;;;;;;;;;;;
PAYSUB;$LIST$에게 저시보조금을 지급하고 있습니다.;;;;;;;;;;;;;
GETSUB;$LIST$에게 전시보조금을 지급받고 있습니다.;;;;;;;;;;;;;
NAPWITH;$LIST$과(와) 불가침조약을 맺었습니다.;;;;;;;;;;;;;
###################################################################;;;;;;;;;;;;;
# Actions;;;;;;;;;;;;;
###################################################################;;;;;;;;;;;;;
NO_WAR_ALLIED;동맹을 파기해야 합니다.;;;;;;;;;;;;;
ACT_WARDESC;전쟁을 선포하면 그들 군대를 공격할 수 있으며 그들 국경 안으로 진입할 수 있습니다. 한쪽이 항복할 때까지 전쟁은 계속됩니다.;;;;;;;;;;;;;
DECWARREQDESC2;$COUNTRY$에 전쟁을 선포합니다.;;;;;;;;;;;;;
DIP_INFLUENCECOST;영향력을 [SUB_A7]Y$COST$[SUB_A7]W 소모합니다.;;;;;;;;;;;;;
DIP_THREAT;[SUB_A7]Y$PROV$[SUB_A7]W에 위협을 [SUB_A7]Y$AMOUNT$[SUB_A7]W 가합니다.;;;;;;;;;;;;;
DIP_NO_INFL;영향력이 [SUB_A7]Y$INF$[SUB_A7]W보다 낮습니다.;;;;;;;;;;;;;
DIP_WAR_NEUTR;중립도가 위협도보다 높아 전쟁을 선포할 수 없습니다.;;;;;;;;;;;;;
DIP_TO_NEUTR;중립도가 매우 높습니다. 중립도를 [SUB_A7]Y$LIM$[SUB_A7]W까지 하락시켜야 합니다.(현재 중립도: [SUB_A7]Y$NOW$);;;;;;;;;;;;;
DIP_THEY_TO_NEUTR;중립도가 매우 높습니다. 중립도를 [SUB_A7]Y$LIM$[SUB_A7]W까지 하락시켜야 합니다.(현재 중립도: [SUB_A7]Y$NOW$);;;;;;;;;;;;;
OFFERALLIANCEDESC;해당 국가가 동맹 제안을 받아들이면 전시에 우리의 도움을 받을 수 있습니다.;;;;;;;;;;;;;
CANCELALLIANCEDESC;해당 국가와 맺은 동맹을 파기합니다. 해당 국가와의 관계가 악화됩니다.;;;;;;;;;;;;;
ALLIANCETITLE;동맹 제안;;;;;;;;;;;;;
CANCELALIANCETITLE;동맹 파기;;;;;;;;;;;;;
ALLIANCENEWDESC;$COUNTRY$에 동맹을 제안합니다. 동맹이 성사되면 전시에 서로를 도와야할 의무가 있습니다.;;;;;;;;;;;;;
BREAKALLIANCENEWDESC;$COUNTRY$(과)의 동맹을 파기합니다. 이 행동은 그들을 화나게 할 것입니다.;;;;;;;;;;;;;
ALLIANCEREQDESC;$ACTOR$이(가) 동맹을 제안했습니다. 동맹을 수락하면 전시에 서로를 도와야할 의무가 생깁니다.;;;;;;;;;;;;;
GUARANTTITLE;독립 보장;;;;;;;;;;;;;
GUARANTNEWDESC;$COUNTRY$의 독립을 보장합니다. 독립을 보장할 경우 상대국이 공격받을 때 참전할 수 있습니다.;;;;;;;;;;;;;
GUARANTDESC;독립을 보장하면 피보장국을 침략국에게서 보호할 의무가 생깁니다.;;;;;;;;;;;;;
HASGUARANT; 이미 독립을 보장하고 있습니다.;;;;;;;;;;;;;
CALLTITLE;참전 요청!;;;;;;;;;;;;;
CALLREQDESC;우리나라의 충실한 동맹인 $ACTOR$이(가) $LIST$과의 갈등에 대해 참전을 요청합니다.;;;;;;;;;;;;;
CALLDESC;갈등 상황에서 동맹국에 참전을 요청합니다.;;;;;;;;;;;;;
CALLNEWDESC;해당 전쟁에 동맹국을 참전시킵니다.;;;;;;;;;;;;;
WARTITLE;선전포고;;;;;;;;;;;;;
WARREQDESC;$COUNTRY$에게 전쟁을 선포합니다.;;;;;;;;;;;;;
LIMWARTITLE;제한전 선포;;;;;;;;;;;;;
LIMWARREQDESC;$COUNTRY$에 제한전을 선포합니다.;;;;;;;;;;;;;
NAPEDESC;전쟁을 선포하지 않겠다고 약속합니다.;;;;;;;;;;;;;
CANCELNAPDESC;불가침조약을 파기합니다.;;;;;;;;;;;;;
NAPTITLE;불가침조약;;;;;;;;;;;;;
CANCELNAPTITLE;불가침조약 파기;;;;;;;;;;;;;
NAPNEWDESC;$COUNTRY$과(와)의 불가침조약에 서명합니다.;;;;;;;;;;;;;
BREAKNAPNEWDESC;$COUNTRY$(과)의 불가침조약을 파기합니다.;;;;;;;;;;;;;
NAPREQDESC;$ACTOR$이(가) 불가침조약을 제안합니다.;;;;;;;;;;;;;
MILACCTITLE;군사통행권 요청;;;;;;;;;;;;;
MILACCNEWDESC;$COUNTRY$의 군사통행권을 이용해 우리 선박과 군대가 그들의 영토에 접근합니다.;;;;;;;;;;;;;
MILACCDESC;해당국 영토에 대한 군사적인 접근을 요청합니다.;;;;;;;;;;;;;
MILACCREQDESC;$COUNTRY$이(가) 군사통행권을 요청했습니다.;;;;;;;;;;;;;
CANCELMILACCDESC;해당 국가에 대한 군사통행권을 반환합니다.;;;;;;;;;;;;;
CANCELMILACCTITLE;군사통행권 반환;;;;;;;;;;;;;
OFFERMILACCTITLE;군사통행권 제공;;;;;;;;;;;;;
OFFERMILACCNEWDESC;$COUNTRY$에게 군사통행권을 허용해 그들 선박과 군대가 우리 영토에 접근할 수 있게 합니다.;;;;;;;;;;;;;
OFFERMILACCDESC;우리 영토에 대한 군사적인 접근을 허용합니다.;;;;;;;;;;;;;
REVOKEMILACCTITLE;군사통행권 취소;;;;;;;;;;;;;
REVOKEMILACCNEWDESC;$COUNTRY$의 군사통행권을 취소합니다. 이제 상대국 군대는 우리 영내에 주둔할 수 없습니다.;;;;;;;;;;;;;
REVOKEMILACCDESC;우리 영토에 대한 군사적 접근을 취소합니다.;;;;;;;;;;;;;
CANCELMILACCNEWDESC;$COUNTRY$이(가) 승인한 군사통행권을 반납합니다. 그렇게 하면 우리 부대가 그들의 영토와 항구에 접근할 수 없게 됩니다.;;;;;;;;;;;;;
CANCELMILACCDESC_NOPES_TROOPS;해당 국가의 국경 안에 우리 군대가 없어야 군사통행권을 반납할 수 있습니다.;;;;;;;;;;;;;
TRADETITLE;무역협정 제안;;;;;;;;;;;;;
CANCELTRADETITLE;무역협정 파기;;;;;;;;;;;;;
TRADENEWDESC;[SUB_A7]Y$COUNTRY$[SUB_A7]W에게 매일마다 $SELL$과(와) $BUY$을 교환하는 협정을 제안합니다.;;;;;;;;;;;;;
CANCELTRADENEWDESC;$COUNTRY$과(와)의 계약을 취소합니다.\n$SELL$<->$BUY$ 교환을 중지합니다.;;;;;;;;;;;;;
TRADEDESC;자원의 매매에 관한 교섭을 실시합니다.;;;;;;;;;;;;;
CANCELTRADEDESC;무역협정을 파기합니다.;;;;;;;;;;;;;
TRADEREQDESC;$COUNTRY$이(가) 무역협정을 제안했습니다.\n협정을 수락할 경우 매일마다 $TO$(을)를 $FROM$과(와) 교환합니다.;;;;;;;;;;;;;
TRADE_DAY;$VAL$/일;;;;;;;;;;;;;
TRADE_NOTHING;없음;;;;;;;;;;;;;
NO_TRADE_RULE;무역하는 양국이 모두 $RULE$ 정권일 경우 자원의 물물교환이 가능합니다.;;;;;;;;;;;;;
SENDEXPEDTITLE;원정군 파견;;;;;;;;;;;;;
SENDEXPEDNEWDESC;$RECIPIENT$에 원정군을 파견합니다.;;;;;;;;;;;;;
SENDEXPEDDESC;원정군을 편제해 파견합니다.;;;;;;;;;;;;;
RETRIEVEEXPEDTITLE;원정군 철수;;;;;;;;;;;;;
RESENDEXPEDTITLE;원정군 송환;;;;;;;;;;;;;
RETRIEVEEXPEDNEWDESC;[SUB_A7]Y$RECIPIENT$[SUB_A7]W에게 군부대의 송환을 요구합니다.\n수락한다면 그들은 [SUB_A7]Y$DATE$[SUB_A7]W에 본국에 도착할 예정입니다.;;;;;;;;;;;;;
RETRIEVEEXPEDDESC;원정군의 본국 송환을 요구합니다.;;;;;;;;;;;;;
RESENDEXPEDDESC;원정군을 소속국으로 돌려보냅니다.;;;;;;;;;;;;;
EXPEDNEWDESC_ARMY;\n[SUB_A7]Y$UNIT$[SUB_A7]W을(를) 선택했습니다. 총합 $NUM$개 사단이 소속돼 있습니다.\n[SUB_A7]Y$PROV$[SUB_A7]W에 주둔하고 있습니다.;;;;;;;;;;;;;
EXPEDNEWDESC_NAVY;\n[SUB_A7]Y$UNIT$[SUB_A7]W을(를) 선택했습니다. 총합 $NUM$척이 소속돼 있습니다.\n[SUB_A7]Y$PROV$[SUB_A7]W에 주둔하고 있습니다.;;;;;;;;;;;;;
EXPEDNEWDESC_AIR;\n[SUB_A7]Y$UNIT$[SUB_A7]W을(를) 선택했습니다. 총합 $NUM$개 비행단이 소속돼 있습니다.\n[SUB_A7]Y$PROV$[SUB_A7]W에 주둔하고 있습니다.;;;;;;;;;;;;;
ASKEXPEDITIONREQDESC;[SUB_A7]Y$ACTOR$[SUB_A7]W이(가) 원정대로서 [SUB_A7]G$UNIT$[SUB_A7]W을(를) 제공하고 있습니다.\n[SUB_A7]G$UNIT$[SUB_A7]W에는 $NUM$명의 $TYPE$이(가) 속하며, [SUB_A7]Y$ACTOR$[SUB_A7]W이(가) 소환할 때까지 사용할 수 있습니다.\n$UNIT$은(는) 현재 $PROV$에 주둔하고 있습니다.;;;;;;;;;;;;;
EXP_DIVISION;사단;;;;;;;;;;;;;
EXP_SQUADRON;항공;;;;;;;;;;;;;
EXP_SHIP;함대;;;;;;;;;;;;;
BUYLICENCETITLE;생산 허가증 구매;;;;;;;;;;;;;
BUYLICENCENEWDESC;[SUB_A7]Y$TYPE$[SUB_A7]W을(를) [SUB_A7]Y$NUM$[SUB_A7]W 병행 생산하는 [SUB_A7]Y$RUNS$[SUB_A7]W의 생산 허가를 요청합니다.\n매입 대금은 [SUB_A7]Y$PAY$[SUB_A7]W입니다.;;;;;;;;;;;;;
BUYLICENCEDESC;타국이 개발한 장비의 생산 허가를 요청합니다.;;;;;;;;;;;;;
SELLLICENCETITLE;생산 허가증 판매;;;;;;;;;;;;;
SELLLICENCENEWDESC;[SUB_A7]Y$NUM$[SUB_A7]W개의 [SUB_A7]Y$TYPE$[SUB_A7]W을(를) 병행 생산하는 [SUB_A7]Y$RUNS$[SUB_A7]W의 생산 허가를 제안합니다.\n매입 대금은 [SUB_A7]Y$PAY$[SUB_A7]W입니다.;;;;;;;;;;;;;
SELLLICENCEDESC;우리나라가 개발한 장비의 생산 허가를 제안합니다.;;;;;;;;;;;;;
BUYLICENCENONE;개발할 장비를 선택합니다.;;;;;;;;;;;;;
ASKBUYLICENCEREQDESC;[SUB_A7]Y$ACTOR$[SUB_A7]W이(가) [SUB_A7]Y$NUM$[SUB_A7]W개의 [SUB_A7]Y$TYPE$[SUB_A7]W 생산에 대해 전문 기술과 허가를 요청했습니다.\n이들은 그 대가로 돈을 [SUB_A7]Y$CASH$[SUB_A7]W 지불할 용의가 있습니다.;;;;;;;;;;;;;
BUYLICENCE_MPCOST;인력이 $COST$ 부족합니다.;;;;;;;;;;;;;
ALLOWDEBTTITLE;전시차관 허용;;;;;;;;;;;;;
REVOKEDEBTTITLE;전시차관 취소;;;;;;;;;;;;;
ALLOWDEBTDESC_BAD;전시에 무역에 대한 차관의 축적을 허가합니다.;;;;;;;;;;;;;
REVOKEDEBTDESC;전시의 무역에서 추가적인 차관을 취소합니다.;;;;;;;;;;;;;
ALLOWDEBTNEWDESC;[SUB_A7]Y$NAME$[SUB_A7]W과(와)의 무역에 대해 차관의 축적을 요청합니다. 이렇게 하면 전시에 적자를 내어 무역할 수 있으며, 평시가 되면 [SUB_A7]Y$YEAR$[SUB_A7]W년에 걸쳐 상환합니다.\n이 작업을 수행하려면 영향력이 [SUB_A7]Y$COST$[SUB_A7]W 필요합니다.;;;;;;;;;;;;;
REVOKEDEBTNEWDESC;[SUB_A7]Y$NAME$[SUB_A7]W의 전시차관을 취소합니다.\n영향력을 [SUB_A7]Y$COST$[SUB_A7]W 소모합니다.;;;;;;;;;;;;;
ASKDEBTREQDESC;[SUB_A7]Y$ACTOR$[SUB_A7]W이(가) 무역에 대해 부채를 운용할 수 있도록 해달라고 요청했습니다.\n 이는 그들이 전시에 우리와 거래할 때, 현금으로 지불하는 대신 빚으로 계산한다는 것을 의미합니다. 이 빚은 전쟁이 끝난 후에 할부로 상환될 것입니다.\n허락할까요?;;;;;;;;;;;;;
REMOVE_PEACEDESC;최소한의 국경선 조정을 조건으로 평화를 제안합니다.;;;;;;;;;;;;;
PEACETITLE;평화조약;;;;;;;;;;;;;
PEACENEWDESC;$COUNTRY$에 평화를 요구합니다. $SELF$[SUB_A7]W적 진영에서 수용한다면 \n전쟁이 끝납니다. $RESULT$;;;;;;;;;;;;;
PEACENEWALLY;해당국은 그들의 동맹과 협상하고 있습니다.;;;;;;;;;;;;;
PEACESELF;해당국은 국내에서 교섭하고 있습니다.;;;;;;;;;;;;;
PEACENEWWITHE;모든 영토가 전쟁발발 전의 소유국에게 반환됩니다.;;;;;;;;;;;;;
PEACENEWPROVUS;[SUB_A7]Y$NATION$[SUB_A7]W이(가) 항복합니다. 할양 영토: [SUB_A7]R;;;;;;;;;;;;;
PEACENEWPROVTHEM;[SUB_A7]Y$NATION$[SUB_A7]W이(가) 항복합니다. 할양 영토: [SUB_A7]G;;;;;;;;;;;;;
PEACETO;[SUB_A7]Y$REC$[SUB_A7]W;;;;;;;;;;;;;
PEACENONE;지역 없음;;;;;;;;;;;;;
PEACEREQDESC;$COUNTRY$이(가) 적대적 관계의 청산을 요청하고 있습니다.\n$RESULT$\n이 제안을 수락하면 전쟁이 종료됩니다.;;;;;;;;;;;;;
TRADENO_PORTS;양국에게 항구가 없으면 해상 무역을 할 수 없습니다.;;;;;;;;;;;;;
PEACE_NOT_LEADER;적 진영의 전쟁주도국과만 협상할 수 있습니다.;;;;;;;;;;;;;
STOPNFLDESC;해당 국가와의 관계 개선을 중단합니다.;;;;;;;;;;;;;
UNLIMITED;무제한;;;;;;;;;;;;;
STOPINFLTITLE;영향력 투사 중단;;;;;;;;;;;;;
STOPINFLNEWDESC;$RECIPIENT$에의 영향력 투사를 중단합니다.;;;;;;;;;;;;;
STOPINFLDESC;해당 국가와의 관계 개선을 중단합니다.;;;;;;;;;;;;;
INFLUENCING_WITH;영향력 투사 중;;;;;;;;;;;;;
ICON_LICENCE;생산 허가 문의;;;;;;;;;;;;;
ICON_ALLIANCE;[SUB_A7]Y동맹[SUB_A7]W 제안;;;;;;;;;;;;;
ICON_ASKMIL;[SUB_A7]Y군사통행권[SUB_A7]W 요청;;;;;;;;;;;;;
ICON_OFFACC;[SUB_A7]Y군사통행권[SUB_A7]W 제안;;;;;;;;;;;;;
ICON_CALLALLY;[SUB_A7]Y동맹 참전[SUB_A7]W 요청;;;;;;;;;;;;;
ICON_TRADE;[SUB_A7]Y무역협정[SUB_A7]W 제안;;;;;;;;;;;;;
MESSAGE_HEAD_GOV;안전부 보고서;;;;;;;;;;;;;
MESSAGE_HEAD_MARS;참모총장 보고서;;;;;;;;;;;;;
MESSAGE_HEAD_CHAN;외무부 장관 보고서;;;;;;;;;;;;;
MESS_BADWORDS1;바보;;;;;;;;;;;;;
MESS_BADWORDS2;배반자;;;;;;;;;;;;;
MESS_BADWORDS3;전쟁광;;;;;;;;;;;;;
MESS_BADWORDS4;정박아;;;;;;;;;;;;;
DECLWAR_GUARACANCELNTEE;독립을 보장한 국가에게는 전쟁을 선포할 수 없습니다.;;;;;;;;;;;;;
##################################################;;;;;;;;;;;;;
# Buliding Names;;;;;;;;;;;;;
##################################################;;;;;;;;;;;;;
CODE;ENGLISH;FRENCH;GERMAN;;SPANISH;;;;;;;;;x
AND_TRIGGER_STARTS; 전체 해당;;;;;;;;;;;;;
Default;기본값;;;;;;;;;;;;;
RETREAT_TO_OI;$WHERE$(으)로 퇴각 중;;;;;;;;;;;;;
ATTACKING_TO_OI;$WHERE$을(를) 공격 중;;;;;;;;;;;;;
DEFENDING_OI;방어 태세;;;;;;;;;;;;;
RECOVERING_OI;보강 중;;;;;;;;;;;;;
FROM_TECHNOLOGY;기술 보정;;;;;;;;;;;;;
MODIFIER_OFFICER_RECRUITMENT;장교 임용;;;;;;;;;;;;;
headline_statistics;통계;;;;;;;;;;;;;
AND_MORE; 그리고...;;;;;;;;;;;;;
DCG_TOTAL_NEED;산업력의 [SUB_A7]Y$PERC$[SUB_A7]W%를 소비재 생산에 할당해야 합니다.;;;;;;;;;;;;;
DCG_MONEY_MOD;산업력을 통해 획득한 돈 변화량: ;;;;;;;;;;;;;
UTM_NO_ACCESS;[SUB_A7]Y중립 지역으로는 퇴각할 수 없습니다.[SUB_A7]W;;;;;;;;;;;;;
UTM_NOT_LEGAL_RETREAT;[SUB_A7]Y적군이 주둔한 지역으로는 퇴각할 수 없습니다.[SUB_A7]W[SUB_A7]Y;;;;;;;;;;;;;
OV_NO_VALID_ORDER;선택한 명령이 유효하지 않습니다.;;;;;;;;;;;;;
OV_NO_VALID_PROVINCES;선택한 지역이 적합하지 않습니다.;;;;;;;;;;;;;
VASSALPROVNUM;속국 배당 지역: $NUMBER$개;;;;;;;;;;;;;
IS_NOT_VASSAL_OF; 종주국 ≠ ;;;;;;;;;;;;;
IS_VASSAL_OF; 종주국 = ;;;;;;;;;;;;;
FE_NONE_FOUND;없음;;;;;;;;;;;;;
SAVED_GAMES;저장한 게임;;;;;;;;;;;;;
FE_PAUSED_TEXT;일시정지;;;;;;;;;;;;;
PV_OCEAN;바다;;;;;;;;;;;;;
PV_OCEAN_DESC;전함만 지나갈 수 있습니다.;;;;;;;;;;;;;
CONFIRM_CANCEL_CONSTRUCTION_TITLE;건설 취소;;;;;;;;;;;;;
CONFIRM_CANCEL_CONSTRUCTION_DESC;해당 건설을 취소합니다.;;;;;;;;;;;;;
DIP_THEY_PUPPET;[SUB_A7]Y$OVERLORD$[SUB_A7]W의 종속국입니다.;;;;;;;;;;;;;
UV_UNDER_ATTACK;공격받고 있습니다.;;;;;;;;;;;;;
UV_ATTACKING;공격하고 있습니다.;;;;;;;;;;;;;
UV_MOVING;이동하고 있습니다.;;;;;;;;;;;;;
UV_RETREAT;후퇴하고 있습니다.;;;;;;;;;;;;;
UV_NOT_MOBILE;움직일 수 없습니다.;;;;;;;;;;;;;
FE_MICRO;추가 아이템 구매;;;;;;;;;;;;;
LE_SUPPLIES;보급품 단위;;;;;;;;;;;;;
LE_FUEL;연료 단위;;;;;;;;;;;;;
UW_LEADER_BUTTON_IRO;새 지휘관을 배치합니다.;;;;;;;;;;;;;
UW_LEADER_BUTTON_DRO;클릭해 지휘관을 교체합니다.;;;;;;;;;;;;;
UW_UNITNAMES_IRO;부대명;;;;;;;;;;;;;
UW_UNITNAMES_DRO;부대명을 원하는 대로 변경할 수 있습니다.;;;;;;;;;;;;;
UW_ALL_FIT;모든 부대가 보급을 100% 받습니다.;;;;;;;;;;;;;
UW_FOLLOWING_HURT;다음 부대가 손실을 입었습니다.\n;;;;;;;;;;;;;
UW_TOTAL_STR_IRO;최대 병력: $VALUE$\n;;;;;;;;;;;;;
UW_LOC_IRO;현재 위치;;;;;;;;;;;;;
UW_SUPPLIES_FROM;해당 부대의 보급 거점입니다.;;;;;;;;;;;;;
UW_BASED_FROM;부대의 전략 거점 기지입니다.;;;;;;;;;;;;;
UW_SPEED;해당 부대의 이동 속도를 나타내며 부대 내에서 가장 느린 소부대에 자동으로 맞춰집니다.;;;;;;;;;;;;;
UW_UNLOAD_NOT_VALID;함대가 항구에 정박한 상태에만 부대를 하선시킬 수 있습니다.;;;;;;;;;;;;;
UW_UNLOAD_VALID;해당 부대를 하선시킵니다.;;;;;;;;;;;;;
UW_LOAD_NO_FLEET_FOUND;승선시킬 수송함대가 없습니다.;;;;;;;;;;;;;
UW_LOAD_IS_VALID;클릭해 수송함대에 승선시킵니다.;;;;;;;;;;;;;
UW_DUGIN;참호에 [SUB_A7]Y$CURR$[SUB_A7]W일 동안 틀어박혀 있습니다. 최대 준비 기간은 [SUB_A7]Y$CAP$[SUB_A7]W일입니다.;;;;;;;;;;;;;
UW_SUPPLY_STATUS;어제 보급품의 [SUB_A7]Y$VAL$[SUB_A7]W%를 수령했습니다.\n현재 일일 보급품 소비량: $CON$;;;;;;;;;;;;;
UNIT_COMBAT_WIDTH;전장 너비;;;;;;;;;;;;;
ARMIES;여단;;;;;;;;;;;;;
NAVIES;함대;;;;;;;;;;;;;
AIRWINGS;항공대;;;;;;;;;;;;;
UW_SELECT_AIR;해당 함대에 배속한 모든 특수부대작전분견대를 선택합니다.;;;;;;;;;;;;;
UW_SELECT_LAND;배속한 모든 여단을 선택합니다.;;;;;;;;;;;;;
IN_FRIENDLY_FOR_ATT;아군 지역에서는 소모가 발생하지 않습니다.\n;;;;;;;;;;;;;
IN_FRONT_PROV_ONLY_10;전선 지역에서는 적대적인 지역에 위치할 경우 10%에 해당하는 소모가 발생합니다.\n;;;;;;;;;;;;;
IN_HOSTILE_FOR_ATT;적국 지역에서는 100%에 해당하는 소모가 발생합니다.;;;;;;;;;;;;;
EXIT;종료;;;;;;;;;;;;;
SELECT;선택;;;;;;;;;;;;;
MOBILIZE;동원령 발령;;;;;;;;;;;;;
DEMOBILIZE;동원령 해제;;;;;;;;;;;;;
BACK;뒤로;;;;;;;;;;;;;
#;;;;;;;;;;;;;
YES;O;;;;;;;;;;;;;
NO;X;;;;;;;;;;;;;
April;4월;;;;;;;;;;;;;
August;8월;;;;;;;;;;;;;
December;12월;;;;;;;;;;;;;
February;2월;;;;;;;;;;;;;
Friday;금요일;;;;;;;;;;;;;
January;1월;;;;;;;;;;;;;
July;7월;;;;;;;;;;;;;
June;6월;;;;;;;;;;;;;
March;3월;;;;;;;;;;;;;
May;5월;;;;;;;;;;;;;
Monday;월요일;;;;;;;;;;;;;
November;11월;;;;;;;;;;;;;
October;10월;;;;;;;;;;;;;
Saturday;토요일;;;;;;;;;;;;;
September;9월;;;;;;;;;;;;;
Sunday;일요일;;;;;;;;;;;;;
Thursday;목요일;;;;;;;;;;;;;
Tuesday;화요일;;;;;;;;;;;;;
Wednesday;수요일;;;;;;;;;;;;;
GAIN;+;;;;;;;;;;;;;
LOSE;-;;;;;;;;;;;;;
SM_COUNTERS;보병 사용;;;;;;;;;;;;;
NO_COMMANDER;(지휘관 없음);;;;;;;;;;;;;
MORALE;사기;;;;;;;;;;;;;
Owned by $owner$, but currently occupied by $control$;$owner$의 소유이나 $control$이(가) 점령했습니다.;;;;;;;;;;;;;
Owned by $owner$.;$owner$이(가) 소유하고 있습니다.;;;;;;;;;;;;;
CATEGORY;($TYPE$)\n;;;;;;;;;;;;;
NO_LEADER;(지휘관 없음);;;;;;;;;;;;;
CV_RULEDBY;지휘관: $NAME$;;;;;;;;;;;;;
AND; 그리고 ;;;;;;;;;;;;;
OR; 또는;;;;;;;;;;;;;
BUILD_COST;건설비;;;;;;;;;;;;;
MAX_ATTRITION;최대 소모율:;;;;;;;;;;;;;
SUPPLY_LIMIT;보급 한계;;;;;;;;;;;;;
WAR_EXHAUSTION;월간 염전도;;;;;;;;;;;;;
BACK_TO_MAIN;메인화면으로 돌아갑니다.;;;;;;;;;;;;;
ALLREADYTHERE;이 건물은 이미 건설됐습니다.;;;;;;;;;;;;;
NOTECH;[SUB_A7]Y$TABLE$[SUB_A7]W이(가) [SUB_A7]Y$LVL$[SUB_A7]W단계에 도달해야 건설할 수 있습니다.;;;;;;;;;;;;;
REQ;1단계 건물을 건설한 상태여야 합니다.;;;;;;;;;;;;;
NOTBUILD;이곳에 지을 수 없습니다.;;;;;;;;;;;;;
ISBLOCKED;이미 건설한 건물은 다시 건설할 수 없습니다.;;;;;;;;;;;;;
CONFIRMBUILDTITLE;건설 확인;;;;;;;;;;;;;
CONFIRMBUILDTEXT;해당 건물을 건설합니다.;;;;;;;;;;;;;
ONGOINGBUILD;건설을 진행하고 있습니다.;;;;;;;;;;;;;
NOT_IN_CAPITAL;$BUILDING$은(는) 수도에만 건설할 수 있습니다.;;;;;;;;;;;;;
NOT_IN_PORT;$BUILDING$은(는) 항구에만 건설할 수 있습니다.;;;;;;;;;;;;;
COST;비용: [SUB_A7]Y$AMOUNT$[SUB_A7]W[SUB_A4] \n건설 기간: [SUB_A7]Y$TIME$[SUB_A7]W일;;;;;;;;;;;;;
PROVINCE_OCCUPIED;점령당한 지역입니다.;;;;;;;;;;;;;
ATWARWITHUS;교전국;;;;;;;;;;;;;
ALLIEDWITHTHEM;동맹국;;;;;;;;;;;;;
WEGUARANTEED;해당 국가의 독립을 보장하고 있습니다.;;;;;;;;;;;;;
THEYGUARANTING;우리나라의 독립을 보장하고 있습니다.;;;;;;;;;;;;;
NEUTRAL;이들에게 중립적인 입장입니다.;;;;;;;;;;;;;
RELATION;현재 관계: $RELATION$;;;;;;;;;;;;;
SUBJECT;속국은 관여할 수 없습니다.;;;;;;;;;;;;;
NODIPLOMATS;외교점이 없습니다.;;;;;;;;;;;;;
NO_REBELS;이미 반군과 전쟁을 치루고 있습니다;;;;;;;;;;;;;
CV_NORELATION;아직 외교 관계를 수립하지 않았습니다.;;;;;;;;;;;;;
CV_GOVTTYPE;$COUNTRY$의 통치체제: $GOVT$;;;;;;;;;;;;;
BASE;기본:;;;;;;;;;;;;;
NORMAL_WAR_NAME;$ORDER$$FIRST_COUNTRY$-$SECOND_COUNTRY$ 전쟁;;;;;;;;;;;;;
AGRESSION_WAR_NAME;$ORDER$$FIRST_COUNTRY$ 침략전쟁;;;;;;;;;;;;;
COUNTRY_MORALE_TECH;기술:;;;;;;;;;;;;;
DAYS;일;;;;;;;;;;;;;
NOMONEY;돈이 부족합니다.;;;;;;;;;;;;;
VASSALPROV;속국 배당 지역:;;;;;;;;;;;;;
COREINFO;$COUNTRY$이(가) 해당 지역을 자신들의 영유권 보유 지역으로 간주합니다.;;;;;;;;;;;;;
overseas;수도와 단절;;;;;;;;;;;;;
coastal;연안;;;;;;;;;;;;;
non_coastal;내륙;;;;;;;;;;;;;
coastal_sea;근해;;;;;;;;;;;;;
tropical;열대;;;;;;;;;;;;;
sea_zone;수역;;;;;;;;;;;;;
land_province;육지;;;;;;;;;;;;;
out_of_supply;보급 고갈;;;;;;;;;;;;;
blockaded;봉쇄당함;;;;;;;;;;;;;
no_adjacent_controlled;인접한 통제지역 없음;;;;;;;;;;;;;
provincial_tax_income;지방세 수입;;;;;;;;;;;;;
city_population;도시 인구;;;;;;;;;;;;;
core;영유권 보유 지역;;;;;;;;;;;;;
occupied;점령지;;;;;;;;;;;;;
revolt_risk;반란도;;;;;;;;;;;;;
nationalism;민족주의;;;;;;;;;;;;;
war;전시;;;;;;;;;;;;;
peace;평시;;;;;;;;;;;;;
ENABLES;$WHICH$을(를) 해금합니다.\n;;;;;;;;;;;;;
NOT_FROM_THIS_GOV;해당 통치체제로 전환할 수 없습니다.;;;;;;;;;;;;;
NO_SHIPS;전함 없음;;;;;;;;;;;;;
NOT_EXIST; $TAG$이(가) 현존하지 않습니다.;;;;;;;;;;;;;
NOT_SELECT;모든 플레이어가 국가를 선택해야 합니다.;;;;;;;;;;;;;
NOALLIES;동맹국 없음;;;;;;;;;;;;;
ALLIES;동맹국: ;;;;;;;;;;;;;
SHORTCUT_SHIELD;이 시대의 $TAG$은(는) 흥미로운 선택입니다. 클릭해 선택합니다.;;;;;;;;;;;;;
I Do.;그렇게 하자.;;;;;;;;;;;;;
Run away!;확실하지 않다. 다음에 하자.;;;;;;;;;;;;;
DECWARREQDESC;전쟁은 최후의 외교적 수단입니다. 특히 정당한 명분 없이 전쟁을 선포하는 행위는 우리나라의 평판을 감소시키는 동시에 국가의 안정성을 떨어뜨립니다. 정말 전쟁을 하겠습니까[SUB_A7]W;;;;;;;;;;;;;
IN;-;;;;;;;;;;;;;
MORE_THAN_THREE_PROV; 지역 > 3;;;;;;;;;;;;;
DECWARDESC;적국에 휴전을 제안합니다;;;;;;;;;;;;;
BUILDING_YEAR;[SUB_A7]Y$DATE$[SUB_A7]W년에 완공됩니다.;;;;;;;;;;;;;
BEFORE_START; = 게임 기간 이전;;;;;;;;;;;;;
MIL_CONST_TIP;[SUB_A7]Y$TYPE$[SUB_A7]W은(는) [SUB_A7]Y$DATE$[SUB_A7]W에 편제됩니다.;;;;;;;;;;;;;
BUILD_CONST_TIP;[SUB_A7]Y$BUILDING$[SUB_A7]W은(는) [SUB_A7]Y$DATE$[SUB_A7]W에 완공됩니다.;;;;;;;;;;;;;
PORT;함대를 운용할 수 있게 해줍니다.;;;;;;;;;;;;;
WARTAX_TIP;전세 징수;;;;;;;;;;;;;
INCREASED;+;;;;;;;;;;;;;
DECREASED;-;;;;;;;;;;;;;
NO_ADVISORS;고문 없음;;;;;;;;;;;;;
NO_WAR_MIL_ACC;군사통행권을 반환해야 합니다.;;;;;;;;;;;;;
NAVY_COMBAT_TOOLTIP;함종: $TYPE$\n 내구력: $STR$;;;;;;;;;;;;;
ISATWAR;적국에게는 군사통행권을 요청할 수 없습니다.;;;;;;;;;;;;;
DIPLOICON_TIP;[SUB_A7]Y$NATION$[SUB_A7]W이(가) $TYPE$을(를) 보내왔습니다.\n[SUB_A7]Y$DATE$[SUB_A7]W까지 응답하지 않으면 자동으로 거부 답장을 전달합니다.;;;;;;;;;;;;;
DIPLOICON_TIP_NONATION;$TYPE$.\n [SUB_A7]Y$DATE$[SUB_A7]W까지 응답하지 않으면 자동으로 거부 답장이 전달됩니다.;;;;;;;;;;;;;
NAVAL_COMBAT;해전;;;;;;;;;;;;;
ATTACKER;공격측;;;;;;;;;;;;;
DEFENDER;방어측;;;;;;;;;;;;;
UNIT_PANEL;부대 재편제;;;;;;;;;;;;;
WEANNEX;완전한 합병을 요구합니다.;;;;;;;;;;;;;
OTHERANNEX;완전한 합병을 요청했습니다.;;;;;;;;;;;;;
AGREE;동의;;;;;;;;;;;;;
DECLINE;거부;;;;;;;;;;;;;
NOMANPOWER;해당 부대를 편제하려면 인력 > 1000이어야 합니다.;;;;;;;;;;;;;
ESTIMATE_ARIVAL;$PROV$ 도착 예정일: $DATE$;;;;;;;;;;;;;
UNDER_SIEGE;점령당한 지역입니다!;;;;;;;;;;;;;
OCCUPIEDBY;$NATION$이(가) 점령했습니다!;;;;;;;;;;;;;
OL_UNIT_MOVING;[SUB_A7]Y$TARGET$[SUB_A7]W을(를) 향해 이동하고 있습니다.;;;;;;;;;;;;;
pti;영원한 미개척의 영역;;;;;;;;;;;;;
nobuilding;건물 없음;;;;;;;;;;;;;
nogovernment;정부 없음;;;;;;;;;;;;;
nogovernment_ruler;정부 지도자 없음;;;;;;;;;;;;;
COMBAT_MORALE;사기: ;;;;;;;;;;;;;
COMBAT_BREAKING;돌파;;;;;;;;;;;;;
MAPMODE;지도 유형;;;;;;;;;;;;;
LEDGER_CORE;영유권 보유 지역;;;;;;;;;;;;;
LEDGER_NOT_CORE;영유권 미보유 지역;;;;;;;;;;;;;
ACCEPT;수락;;;;;;;;;;;;;
COMBAT_ASSAULT;돌격;;;;;;;;;;;;;
notechgroup;국민정신 없음;;;;;;;;;;;;;
culture_ideas;문화사상;;;;;;;;;;;;;
neighbor_bonus;인접국 보너스;;;;;;;;;;;;;
PLAY;시작;;;;;;;;;;;;;
DOMESTIC_NATION;국가;;;;;;;;;;;;;
DOMESTIC_RELATION;관계;;;;;;;;;;;;;
PW_POPULATION;인구 ;;;;;;;;;;;;;
PW_UNITS;부대;;;;;;;;;;;;;
GOTO_HEADER;지역 검색기;;;;;;;;;;;;;
GOTO_BOX;지명 입력;;;;;;;;;;;;;
GOTO_LIST_BOX;지역 후보;;;;;;;;;;;;;
GOTO_CANCEL;취소;;;;;;;;;;;;;
GOTO_GOTO;참조;;;;;;;;;;;;;
TIME_AHEAD;$NUMBER$년 후의 기술이라 연구하기 어렵습니다.;;;;;;;;;;;;;
CHAT_NONE;없음;;;;;;;;;;;;;
ABANDON_GAME;게임 포기;;;;;;;;;;;;;
LOCAL_TRADE_INCOME_MODIFIER;지역 무역 수입 변동사항;;;;;;;;;;;;;
GLOBAL_TRADE_INCOME_MODIFIER;국가 무역 수입 변동사항;;;;;;;;;;;;;
UV_MANPOWER;인력:;;;;;;;;;;;;;
UV_REGIMENTS;여단:;;;;;;;;;;;;;
SM_WATER;바다 향상;;;;;;;;;;;;;
ARMY;육군;;;;;;;;;;;;;
NAVY;해군;;;;;;;;;;;;;
CORE_IS_REVOLTER;해당 지역에서 국가가 세워질 수 있으며, 반란이 거세지면 독립을 선포할 수도 있습니다.;;;;;;;;;;;;;
AMBIENT;주변;;;;;;;;;;;;;
WCRD_ATT;이들이 시작한 공격전입니다.;;;;;;;;;;;;;
WCRD_DEF;동맹국을 지켜야하는 방어전입니다.;;;;;;;;;;;;;
TRIGGER_OVERLORD; 종주국;;;;;;;;;;;;;
FE_TUTORIAL;연습;;;;;;;;;;;;;
base_values;기본값;;;;;;;;;;;;;
city;도시;;;;;;;;;;;;;
NO_EFFECT; 효과 없음;;;;;;;;;;;;;
NONE_AVAILABLE;사용할 수 없습니다.;;;;;;;;;;;;;
EXPIRES_ON;만료일: [SUB_A7]Y$DATE$[SUB_A7]W;;;;;;;;;;;;;
FINISHED_ON;완공일: $DATE$;;;;;;;;;;;;;
FE_TRIALS;시험;;;;;;;;;;;;;
CD_AGREEMENTS;$LIST$과(와) 무역협정을 맺었습니다.;;;;;;;;;;;;;
CD_GIVESACCESS;$LIST$에 군사통행권을 제공합니다.;;;;;;;;;;;;;
CD_HASACCESS;$LIST$에 대한 군사통행권이 있습니다.;;;;;;;;;;;;;
PW_RESET;재설정;;;;;;;;;;;;;
OURWARALLY;전시동맹국;;;;;;;;;;;;;
CONFIRMMISSIONTEXT;$PROV$에 선교사를 파견합니다.;;;;;;;;;;;;;
COST_TIME;비용: [SUB_A7]Y$AMOUNT$[SUB_A7]W[SUB_A4] \n기간: [SUB_A7]Y$TIME$[SUB_A7]W일;;;;;;;;;;;;;
ADD_SUB_UNIT_EFFECT; [SUB_A7]Y$WHERE$[SUB_A7]W 소부대: + $UNIT$\n;;;;;;;;;;;;;
CHANGE_CONTROLLER_EFFECT; [SUB_A7]Y$WHO$[SUB_A7]W이(가) [SUB_A7]Y$WHERE$[SUB_A7]W의 통제권을 획득합니다.\n;;;;;;;;;;;;;
WAR_EFFECT; [SUB_A7]Y$WHO$[SUB_A7]W에게 전쟁을 선포합니다.\n;;;;;;;;;;;;;
CONFIRMSAVETITLE;게임 저장;;;;;;;;;;;;;
CONFIRMSAVETEXT;$NAME$ 파일에 덮어씌웁니다.;;;;;;;;;;;;;
PW_TRADE_VALUE;무역액:;;;;;;;;;;;;;
PROV_TRADE_VALUE;무역 중심에 기여한 값입니다.;;;;;;;;;;;;;
NO_SEPARATE_PEACE;동맹 하위 국가들은 개별적으로 협상할 수 없습니다.;;;;;;;;;;;;;
DIPCHANCE_VLIKELY;매우 가능;;;;;;;;;;;;;
DIPCHANCE_IMPOSSIBLE;불가능;;;;;;;;;;;;;
DIPCHANCE_VUNLIKELY;매우 불가능;;;;;;;;;;;;;
DIPCHANCE_UNLIKELY;약간 불가능;;;;;;;;;;;;;
DIPCHANCE_MAYBE;약간 가능;;;;;;;;;;;;;
DIPCHANCE_LIKELY;가능;;;;;;;;;;;;;
REMOVE_M_GOTO_BUTTON;지역 검색;;;;;;;;;;;;;
M_LEDGER_BUTTON;통계;;;;;;;;;;;;;
M_MENU_BUTTON;메뉴;;;;;;;;;;;;;
M_HOME_BUTTON;수도로 이동;;;;;;;;;;;;;
ONLY_HOST_SPEED;방장만이 게임 속도를 변경할 수 있습니다.;;;;;;;;;;;;;
PW_GROWTH;성장;;;;;;;;;;;;;
NOPORTOTHERCONTINENT;수도와 연결된 항구가 없습니다.;;;;;;;;;;;;;
RELATION_CHANGE_VALUE;예상 연간 변동:;;;;;;;;;;;;;
TAG_CHANGE; $NEW$(으)로 국가를 변경합니다.\n;;;;;;;;;;;;;
PV_OCCUPIED_BY;[SUB_A7]Y$NAME$에게 점령당함[SUB_A7]W;;;;;;;;;;;;;
BG_COUNTRY;$NAME$:;;;;;;;;;;;;;
LOAD_GAME_FAILED;게임을 불러오지 못했습니다.;;;;;;;;;;;;;
MP_FEW_PLAYERS;게임을 시작하려면 플레이어가 한명보다 많아야 합니다.;;;;;;;;;;;;;
NATIONALISM_LASTS;민족주의가 지속됩니다. 지속 기한: ;;;;;;;;;;;;;
LEDGER_NO_GRAPH_DATA;데이터가 부족해 그래프를 작성할 수 없습니다.;;;;;;;;;;;;;
MENU_MESSAGES_RESET;기본값 복원;;;;;;;;;;;;;
COL_CONST_TIP_FROM_SHIP;해당 개척자는 $DATE$에 $LOCATION$에 도착합니다.;;;;;;;;;;;;;
STRAITS;[SUB_A7]Y$SEA$[SUB_A7]W을(를) 가로지르는 좁은 해협이 해당 지역과 [SUB_A7]Y$PROV$[SUB_A7]W을(를) 연결하고 있습니다.;;;;;;;;;;;;;
STRAITSDESC;좁은 해협은 수송함을 이용하지 않고도 육군이 횡단할 수 있습니다. 그러나 적의 함대가 방해하는 경우에는 횡단할 수 없습니다.;;;;;;;;;;;;;
SAVE_DONE;[SUB_A7]G완료[SUB_A7]W;;;;;;;;;;;;;
FOR_PLAYER;플레이어:;;;;;;;;;;;;;
FOR_AI;인공지능:;;;;;;;;;;;;;
MODIFIER_TECHNOLOGY_COST;기술 개발비;;;;;;;;;;;;;
MODIFIER_REINFORCE_SPEED;보강 속도;;;;;;;;;;;;;
UV_SHIPS;전함:;;;;;;;;;;;;;
BATTLES_SCORE;전투: ;;;;;;;;;;;;;
ALLIANCE_EFFECT; [SUB_A7]Y$WHO$[SUB_A7]W과(와) 동맹을 맺습니다.\n;;;;;;;;;;;;;
KILL_RULER_EFFECT; 현 지도자([SUB_A7]Y$NAME$[SUB_A7]W)가 사망합니다.\n;;;;;;;;;;;;;
KILL_LEADER_EFFECT; [SUB_A7]Y$NAME$[SUB_A7]W 지휘관이 사망합니다.\n;;;;;;;;;;;;;
SPAWN_EVENT;'$WHICH$' 사건이 발생합니다.\n;;;;;;;;;;;;;
MODIFIER_REMOVED; $WHERE$에서 '[SUB_A7]Y$WHAT$[SUB_A7]W' 변동사항이 효력을 잃습니다.\n;;;;;;;;;;;;;
LAND_ATTRITION;육군 소모율;;;;;;;;;;;;;
NAVAL_ATTRITION;해군 소모율;;;;;;;;;;;;;
STARTED; 시작 ;;;;;;;;;;;;;
WON;[SUB_A7]G승리;;;;;;;;;;;;;
LOST;[SUB_A7]R패배;;;;;;;;;;;;;
YOU_LOST;[SUB_A7]R패배;;;;;;;;;;;;;
YOU_WON;[SUB_A7]G승리;;;;;;;;;;;;;
OPTION_CHANGED; $FROM$이(가) $TO$(으)로 바뀝니다.;;;;;;;;;;;;;
THE_YEAR_IS_BEFORE; 해 < ;;;;;;;;;;;;;
THE_YEAR_IS_AFTER; 해 > ;;;;;;;;;;;;;
HAVE_LESS_THAN; < ;;;;;;;;;;;;;
HAVE_MORE_THAN; ≥ ;;;;;;;;;;;;;
WAR_EXHAUSTION_MORE_THAN; 염전도 ≥ ;;;;;;;;;;;;;
WAR_EXHAUSTION_LESS_THAN; 염전도 < ;;;;;;;;;;;;;
HAVE_LESS_MANPOWER_THAN; 인력 < ;;;;;;;;;;;;;
HAVE_MORE_MANPOWER_THAN; 인력 ≥ ;;;;;;;;;;;;;
HAVE_CONTROL_OVER; 통제권 보유 = ;;;;;;;;;;;;;
HAVENT_CONTROL_OVER; 통제권 보유 ≠ ;;;;;;;;;;;;;
HAVENT_CORE; 영유권 보유 ≠ ;;;;;;;;;;;;;
HAVE_CORE_IN; 영유권 보유 = ;;;;;;;;;;;;;
HAVE_LESS_CITIES_THAN; 도시 수 < ;;;;;;;;;;;;;
HAVE_MORE_CITIES_THAN; 도시 수 ≥ ;;;;;;;;;;;;;
HAVE_LESS_PORTS_THAN; 본국의 항구 수 < ;;;;;;;;;;;;;
HAVE_MORE_PORTS_THAN; 본국의 항구 수 ≥ ;;;;;;;;;;;;;
HAVE_LESS_ALLIES_THAN; 동맹국 수 < ;;;;;;;;;;;;;
HAVE_MORE_ALLIES_THAN; 동맹국 수 ≥ ;;;;;;;;;;;;;
IS_ENABLED; = 활성;;;;;;;;;;;;;
IS_DISABLED; ≠ 활성;;;;;;;;;;;;;
HAVE; 보유 = ;;;;;;;;;;;;;
HAVE_NOT; 보유 ≠ ;;;;;;;;;;;;;
HAS; 보유 = ;;;;;;;;;;;;;
HAS_NOT; 보유 ≠ ;;;;;;;;;;;;;
EXISTS; = 존재하는 국가;;;;;;;;;;;;;
DOSNT_EXISTS; ≠ 존재하는 국가;;;;;;;;;;;;;
DO_NOT_HAVE_A; 보유 ≠ ;;;;;;;;;;;;;
HAVE_A; 보유 = ;;;;;;;;;;;;;
HAVE_LESS_PROVINCE_THAT_PRODUCES_THEN; $GOODS$ 생산지 수 < ;;;;;;;;;;;;;
HAVE_MORE_PROVINCE_THAT_PRODUCES_THEN; $GOODS$ 생산지 수 ≥ ;;;;;;;;;;;;;
HAVE_AT_LEST_ONE_OWNED_NEIGHBORING_PROVINCE; 인접 지역 있음 = ;;;;;;;;;;;;;
HAVE_NO_OWNED_NEIGHBORING_PROVINCE; 인접 지역 있음 ≠;;;;;;;;;;;;;
DO_NOT_OWN; 소유 ≠ ;;;;;;;;;;;;;
OWNS; 소유 = ;;;;;;;;;;;;;
DO_NOT_CONTROL; 통제 ≠ ;;;;;;;;;;;;;
CONTROLS; 통제 = ;;;;;;;;;;;;;
IS_NOT; ≠ ;;;;;;;;;;;;;
IS; = ;;;;;;;;;;;;;
HAVE_THE_MODIFIER; 변동사항(국가) 보유 = ;;;;;;;;;;;;;
DONT_HAVE_THE_MODIFIER; 변동사항(국가) 보유 ≠ ;;;;;;;;;;;;;
DONT_HAVE_THE_PROVICEN_MODIFIER; 변동사항(지역) 보유 ≠ ;;;;;;;;;;;;;
HAVE_THE_PROVINCE_MODIFIER; 변동사항(지역) 보유 = ;;;;;;;;;;;;;
HAVE_A_PORT_IN; 항구 보유 = ;;;;;;;;;;;;;
HAVE_NOT_A_PORT_IN; 항구 보유 ≠ ;;;;;;;;;;;;;
HAVE_COUNTRY_FLAG; 표식(국가) 보유 = ;;;;;;;;;;;;;
HAVE_NOT_COUNTRY_FLAG; 표식(국가) 보유 ≠ ;;;;;;;;;;;;;
HAVE_PROVINCE_FLAG; 표식(지역) 보유 = ;;;;;;;;;;;;;
HAVE_NOT_PROVINCE_FLAG; 표식(지역) 보유 ≠ ;;;;;;;;;;;;;
IS_NOT_ON_THE_CONTINET; 소속 대륙 ≠ ;;;;;;;;;;;;;
IS_ON_THE_CONTINET; 소속 대륙 = ;;;;;;;;;;;;;
DONT_HAVE_A_X_INY; $Y$에 $X$이(가) 없음;;;;;;;;;;;;;
HAVE_A_X_INY; $Y$에 $X$이(가) 있음;;;;;;;;;;;;;
PURE_REVOLT_RISK_LOWER_THAN;반란도 기본값 < ;;;;;;;;;;;;;
PURE_REVOLT_RISK_HIGHER_THAN;반란도 기본값 ≥ ;;;;;;;;;;;;;
REVOLT_RISK_LOWER_THAN; 반란도 < ;;;;;;;;;;;;;
REVOLT_RISK_HIGHER_THAN; 반란도 ≥ ;;;;;;;;;;;;;
IS_NOT_NEIGHBOUR_WITH; 인접 ≠ ;;;;;;;;;;;;;
IS_NEIGHBOUR_WITH; 인접 = ;;;;;;;;;;;;;
HAVE_LESS_UNITS_IN_THAN; $PROVINCE$에 배치한 부대 < ;;;;;;;;;;;;;
HAVE_MORE_UNITS_IN_THAN; $PROVINCE$에 배치한 부대 ≥ ;;;;;;;;;;;;;
HAVE_MORE_THAN_INFANTRY_IN; $PROVINCE$에 배치한 보병 ≥ $UNITS$;;;;;;;;;;;;;
HAVE_LESS_THAN_INFANTRY_IN; $PROVINCE$에 배치한 보병 < $UNITS$;;;;;;;;;;;;;
IS_AT_PEACE_WITH; 교전 중 ≠ ;;;;;;;;;;;;;
IS_AT_WAR_WITH; 교전 중 = ;;;;;;;;;;;;;
HAS_NO_TRUCE_WITH; 휴전 중 ≠ ;;;;;;;;;;;;;
HAS_TRUCE_WITH; 휴전 중 = ;;;;;;;;;;;;;
HAVE_NO_UNITS_IN_BATTLE; ≠ 전투 중인 부대 있음;;;;;;;;;;;;;
HAVE_UNITS_IN_BATTLE; = 전투 중인 부대 있음;;;;;;;;;;;;;
HAVE_A_UNITS_WITH_A_LEADER; = 지휘관을 배치한 부대 있음;;;;;;;;;;;;;
HAVE_NO_UNITS_WITH_A_LEADER; ≠ 지휘관을 배치한 부대 있음;;;;;;;;;;;;;
HAVE_A_NAVY_SMALLER_THAN; 해군 규모 < ;;;;;;;;;;;;;
HAVE_A_NAVY_LARGER_THAN; 해군 규모 ≥ ;;;;;;;;;;;;;
HAVE_A_ARMY_SMALLER_THAN; 육군 규모 < ;;;;;;;;;;;;;
HAVE_A_ARMY_LARGER_THAN; 육군 규모 ≥ ;;;;;;;;;;;;;
HAVE_A_PERCENTAGE_OF_OVERSEAS_PROVINCE_LARGER_THAN; 해외 지역 비율 ≥ ;;;;;;;;;;;;;
HAVE_A_PERCENTAGE_OF_OVERSEAS_PROVINCE_SMALLER_THAN; 해외 지역 비율 < ;;;;;;;;;;;;;
HAVE_NOT_THE_LEADER; 지휘관 보유 ≠ ;;;;;;;;;;;;;
HAVE_THE_LEADER; 지휘관 보유 = ;;;;;;;;;;;;;
HAVE_N0T_ALLIANCE_WITH; 동맹 중 ≠ ;;;;;;;;;;;;;
HAVE_ALLIANCE_WITH; 동맹 중 = ;;;;;;;;;;;;;
PROVINCE_IS_NOT; ≠ ;;;;;;;;;;;;;
PROVINCE_IS; = ;;;;;;;;;;;;;
LESS_THAN; < ;;;;;;;;;;;;;
GREATER_THAN; 최소한;;;;;;;;;;;;;
HAVE_MORE_MANPOWER_THEN_MAXIMUM; = 최대 인력 도달;;;;;;;;;;;;;
HAVE_LESS_MANPOWER_THEN_MAXIMUM; ≠ 최대 인력 도달;;;;;;;;;;;;;
HAVE_LESS_BADBOY_THAN; 악명 < ;;;;;;;;;;;;;
HAVE_MORE_BADBOY_THAN; 악명 ≥ ;;;;;;;;;;;;;
THE_NUMBER_OF_REVOLT_FRACTION_IS_MORE_THAN; 반란 발생지 ≥ ;;;;;;;;;;;;;
THE_NUMBER_OF_REVOLT_FRACTION_IS_LESS_THAN; 반란 발생지 < ;;;;;;;;;;;;;
TECHNOLOGY_LOWER_THAN; < ;;;;;;;;;;;;;
TECHNOLOGY_HIGHER_THAN; ≥ ;;;;;;;;;;;;;
HAVE_NOT_ANY_NEIGHBOR; 인접국 < 1;;;;;;;;;;;;;
HAVE_ANY_NEIGHBOR; 인접국 ≥ 1;;;;;;;;;;;;;
HAVE_NOT_CASUS_BELLI_AGAINST; 전쟁명분 보유 = ;;;;;;;;;;;;;
HAVE_CASUS_BELLI_AGAINST; 전쟁명분 보유 ≠ ;;;;;;;;;;;;;
IS_NOT_AI; ≠ 인공지능;;;;;;;;;;;;;
IS_AI; = 인공지능;;;;;;;;;;;;;
THEN_NUMBER_OF_REVOLTS_ARE_LESS_THAN; 반군 점령지 < ;;;;;;;;;;;;;
THEN_NUMBER_OF_REVOLTS_ARE_MORE_THAN; 반군 점령지 ≥ ;;;;;;;;;;;;;
OR_TRIGGER_STARTS; 하나 이상 해당;;;;;;;;;;;;;
NEIGHBOR_COUNTRY_STARTS; 인접국 전체;;;;;;;;;;;;;
TRIGGER_NUM; 범위 수;;;;;;;;;;;;;
TRIGGER_ALLY; 동맹국;;;;;;;;;;;;;
TRIGGER_OWNER; 지역 소유국;;;;;;;;;;;;;
TRIGGER_CONTROLLER; 지역 통제국;;;;;;;;;;;;;
TRIGGER_CAPITAL; 수도;;;;;;;;;;;;;
TRIGGER_SEA_ZONE; 수역 밖;;;;;;;;;;;;;
TRIGGER_THIS; 이;;;;;;;;;;;;;
TRIGGER_FROM; 에서;;;;;;;;;;;;;
TRIGGER_LOCAL_ENEMY; 지역의 적대 세력;;;;;;;;;;;;;
CONFIRMBUILDTEXTLEDGER;$PROVINCE$에 $BUILDING$을(를) 건설합니다.;;;;;;;;;;;;;
CORE_IS_REVOLTER_CAPITAL;해당 지역은 수도로서의 입지를 갖추고 있습니다.;;;;;;;;;;;;;
REVOLTRISK_EFFECT; $WHERE$의 반란도: $DIRECTION$ $VALUE$\n;;;;;;;;;;;;;
LEDGER_CANT_BUILD_THIS_TECH;기술 수준이 부족해 건설할 수 없습니다.;;;;;;;;;;;;;
LEDGER_CANT_BUILD_THIS_FULL;이미 모든 지역에 건설했습니다.;;;;;;;;;;;;;
LEDGER_OVERALL;총합;;;;;;;;;;;;;
THEYGUARANT;우리나라의 독립을 보장하고 있어 해당 국가의 독립을 보장할 수 없습니다.;;;;;;;;;;;;;
THEYWARN;우리나라를 경고했으므로 해당 국가를 경고할 수 업습니다.;;;;;;;;;;;;;
WCRD_GUA;해당 국가의 독립을 보장하고 있습니다.;;;;;;;;;;;;;
WCRD_WARNING;최근 영토 요구에서 위협을 $WHO$ 받았습니다.;;;;;;;;;;;;;
VARIABLE;변수: ;;;;;;;;;;;;;
IS_GREATER_THAN; > ;;;;;;;;;;;;;
IS_EQUAL_OR_LESS_THAN; ≤ ;;;;;;;;;;;;;
RANDOM_EFFECT; [SUB_A7]Y$CHANCE$[SUB_A7]W% 확률로 ;;;;;;;;;;;;;
RANDOM_LIST_EFFECT; [SUB_A7]Y$SIZE$[SUB_A7]W개 선택지 중 하나가 발생합니다.\n;;;;;;;;;;;;;
ANY_PROVINCE_STARTS; 소유 지역 전체;;;;;;;;;;;;;
EFFECT_AND; 그리고;;;;;;;;;;;;;
EFFECT_MORE; 더.;;;;;;;;;;;;;
OUR_RULER;우리 통치자;;;;;;;;;;;;;
THEIR_RULER;그들의 통치자;;;;;;;;;;;;;
OCCUPIED_PROVINCES;점령지;;;;;;;;;;;;;
CREATE_REBELS; $TYPE$[SUB_A7]W [SUB_A7]R$SIZE$[SUB_A7]Y 여단이 [SUB_A7]Y$WHERE$[SUB_A7]W에서 봉기합니다.\n;;;;;;;;;;;;;
NATIONALISM_LOWER_THAN; 민족주의 < ;;;;;;;;;;;;;
NATIONALISM_HIGHER_THAN; 민족주의 > ;;;;;;;;;;;;;
KNOWN_COUNTRY_STARTS;알려진 국가;;;;;;;;;;;;;
EXTRA_NATIONALISM_DESC;$WHERE$의 민족주의: $VALUE$ $DIRECTION$\n;;;;;;;;;;;;;
HAVE_DIPLOMATIC_RELATION; 외교관계 = ;;;;;;;;;;;;;
WITHL;-;;;;;;;;;;;;;
WITHG; 또는 ≥ ;;;;;;;;;;;;;
IS_NOT_IN_THE_REGION; 지방 소속 ≠ ;;;;;;;;;;;;;
IS_IN_REGION; 지방 소속 =;;;;;;;;;;;;;
NOT_OWNED_BY; 소유 주체 ≠ ;;;;;;;;;;;;;
OWNED_BY; 소유 주체 = ;;;;;;;;;;;;;
NOT_CONTROLLED_BY; 통제 주체 ≠ ;;;;;;;;;;;;;
CONTROLLED_BY; 통제 주체 = ;;;;;;;;;;;;;
RIVALSWITH; $LIST$을(를) 경쟁국으로 간주합니다;;;;;;;;;;;;;
THREATENEDBY; $LIST$에게 위협받고 있습니다.;;;;;;;;;;;;;
HAVE_NO_UNITS_IN; $COUNTRY$이(가) $PROVINCE$에 부대를 배치하지 않았습니다.;;;;;;;;;;;;;
HAVE_UNITS_IN; $COUNTRY$이(가) $PROVINCE$에 부대를 배치했습니다.;;;;;;;;;;;;;
NEIGHBOR_PROVINCE_STARTS; 인접 지역 전체;;;;;;;;;;;;;
AT_LEAST; 적어도;;;;;;;;;;;;;
IMMEDIATEEFFECT; 즉시 효과\n;;;;;;;;;;;;;
IS_SUBJECT; = 신하국;;;;;;;;;;;;;
IS_NOT_SUBJECT; ≠ 신하국;;;;;;;;;;;;;
DEFINE_RULER_EFFECT; [SUB_A7]Y$NAME$[SUB_A7]W이(가) 지배자가 됩니다.\n;;;;;;;;;;;;;
friendly_regiments;아군 병력;;;;;;;;;;;;;
ANY_ALL; 전체;;;;;;;;;;;;;
CANT_SEE_UNDER_FOW;해당 영역에 접근하지 않으면 확인할 수 없습니다.;;;;;;;;;;;;;
VASSAL_TIMER;$DATE$이 지날 때까지는 해당 제안을 할 수 없습니다.;;;;;;;;;;;;;
INDEF;끝;;;;;;;;;;;;;
MISS_DIST_CAPITAL;수도와의 거리;;;;;;;;;;;;;
FE_NUM_PLAYERS;플레이어 수: $NUM$명;;;;;;;;;;;;;
IS_NOT_COUNTRY_CORE; ≠ $COUNTRYADJ$의 영유권 보유 지역;;;;;;;;;;;;;
IS_COUNTRY_CORE; = $COUNTRYADJ$의 영유권 보유 지역;;;;;;;;;;;;;
ITS_OWNER;소유국;;;;;;;;;;;;;
NOT_POSSIBLE_CAUSE; 다음 항목들을 충족하지 못해 불가능합니다.;;;;;;;;;;;;;
ALLOWED_CAUSE;다음 항목들을 충족해 가능합니다.;;;;;;;;;;;;;
HAVE_MORE_MONEY_THAN; 월수입 ≥ ;;;;;;;;;;;;;
HAVE_LESS_MONEY_THAN; 월수입 < ;;;;;;;;;;;;;
TRIG_IS; =;;;;;;;;;;;;;
TRIG_ISNOT; ≠;;;;;;;;;;;;;
OPTIONS;설정;;;;;;;;;;;;;
Options;설정;;;;;;;;;;;;;
Rulers;통치자;;;;;;;;;;;;;
War Exhaustion;염전도;;;;;;;;;;;;;
War Capacity;전쟁 수행력;;;;;;;;;;;;;
Battles;전투;;;;;;;;;;;;;
CANT_NEGOTIATE_UNTIL;반군과는 협상할 수 없습니다.;;;;;;;;;;;;;
WONT_NEGOTIATE;교섭 불가 이유:;;;;;;;;;;;;;
ALWAYS_FALSE; 항상 아님;;;;;;;;;;;;;
ALWAYS_TRUE; 항상 맞음;;;;;;;;;;;;;
REMOVE_FOW;$COUNTRY$에서 $MONTHS$개월간 전장의 안개를 제거합니다.;;;;;;;;;;;;;
IS_NOT_CAPITAL; ≠ 수도;;;;;;;;;;;;;
IS_CAPITAL; = 수도;;;;;;;;;;;;;
WAR_EXHUASTION_LABEL;염전도;;;;;;;;;;;;;
WE_MODIFIED_BY;매달마다 변동합니다.;;;;;;;;;;;;;
WARE_EFFECTS;염전도의 영향:;;;;;;;;;;;;;
FOW_IS_NOT_LIFTED;전장의 안개가 끼었습니다.;;;;;;;;;;;;;
FOW_IS_LIFTED;전장의 안개가 걷혔습니다.;;;;;;;;;;;;;
HAVE_GLOBAL_FLAG; 표식(세계) 보유 = ;;;;;;;;;;;;;
HAVE_NOT_GLOBAL_FLAG; 표식(세계) 보유 ≠ ;;;;;;;;;;;;;
ANY_CORE_STARTS; 영유권 보유 국가 전체;;;;;;;;;;;;;
LIKELY_REBELS;잠재적 반군;;;;;;;;;;;;;
PROFIT_GAIN;획득;;;;;;;;;;;;;
PROFIT_LOSS;상실;;;;;;;;;;;;;
REINFORCE_INFO_TEXT;해당 주민이 충분한 예비군을 확보하고 있다면 매달마다 [SUB_A7]Y$VALUE$[SUB_A7]W명을 보강받습니다. 해당 지역의 보강률은 [SUB_A7]Y$LOCAL$[SUB_A7]W%입니다. 또한 기술 보정으로 [SUB_A7]Y+$COUNTRY$[SUB_A7]W%가 추가됩니다.;;;;;;;;;;;;;
THE_MONTH_IS_BEFORE; 달 < ;;;;;;;;;;;;;
THE_MONTH_IS_AFTER; 달 > ;;;;;;;;;;;;;
DM_MAX;최대;;;;;;;;;;;;;
any_owned_province; 어느 국가도 소유하지 않음;;;;;;;;;;;;;
WEWAR; 전시;;;;;;;;;;;;;
STABHIT_FROM_MIL_ACCESS;군사통행권 보유;;;;;;;;;;;;;
THEYATWAR;해당 국가가 전쟁 중이라 불가능합니다.;;;;;;;;;;;;;
MS_BAD_VERSION;잘못된 버전입니다. 최신 패치를 내려받아야 합니다.;;;;;;;;;;;;;
dice;주사위;;;;;;;;;;;;;
OFFENSEDESCR;*;;;;;;;;;;;;;
CREATE_WAVES;Creating Waves;;;;;;;;;;;;;
OL_SHIPS;해군;;;;;;;;;;;;;
OL_TROOPS;부대;;;;;;;;;;;;;
OL_COLONISTS_DESC;현재 이민 성공률은 [SUB_A7]Y$CHANCE$[SUB_A7]W%입니다.  현재 이 식민지에는 [SUB_A7]Y$NUM$[SUB_A7]W명의 개척민과 [SUB_A7]Y$NATIVES$[SUB_A7]W명의 원주민이 살고 있습니다.;;;;;;;;;;;;;
OL_NONE;아니오;;;;;;;;;;;;;
OL_ARMY;해당 여단은 [SUB_A7]Y$PROV$[SUB_A7]W에서 $COMMANDER$의 지휘를 받고 있습니다.;;;;;;;;;;;;;
OL_NOCOMMANDER;지휘관 없음;;;;;;;;;;;;;
OL_COMMANDER;$COMMANDER$의 지휘를 받습니다.;;;;;;;;;;;;;
OL_ARMY_MOVE;[SUB_A7]Y$DEST$[SUB_A7]W(을)를 향해 행군하고 있습니다.;;;;;;;;;;;;;
OL_NAVY;해당 함대는 [SUB_A7]Y$PROV$[SUB_A7]W에서 $COMMANDER$의 지휘를 받고 있습니다.;;;;;;;;;;;;;
OL_NAVY_MOVE;[SUB_A7]Y$DEST$[SUB_A7]W(을)를 향해 항해하고 있습니다.;;;;;;;;;;;;;
OL_NAVAL_BASE;$PROV$ 군항에 $NUM$개 항공대가 배치돼 있습니다.;;;;;;;;;;;;;
OL_AIR_UNITS;항공대;;;;;;;;;;;;;
OL_AIR;해당 항공대는 [SUB_A7]Y$PROV$[SUB_A7]W에서 $COMMANDER$의 지휘를 받고 있습니다.;;;;;;;;;;;;;
OL_AIR_MOVE;[SUB_A7]Y$DEST$[SUB_A7]W(을)를 향해 비행하고 있습니다.;;;;;;;;;;;;;
OL_AIR_BASE;$PROV$ 항공기지에 $NUM$개 항공대가 배치돼 있습니다.;;;;;;;;;;;;;
OL_COMBATS;육전;;;;;;;;;;;;;
OL_NAVAL_COMBAT;해전;;;;;;;;;;;;;
OL_AIR_COMBAT;항공전;;;;;;;;;;;;;
OL_LAND_COMBAT_ATTACK;공세에 나선 아군은 승리를 향해 [SUB_A7]Y$PROGRESS$[SUB_A7]W% 전진했습니다. 아군은 [SUB_A7]Y$OUR_LEAD$[SUB_A7]W이(가) 지휘하는 [SUB_A7]Y$OUR_NUM$[SUB_A7]W개 여단이 전투에 참가하고 있으며, [SUB_A7]Y$OUR_RES$[SUB_A7]W개 여단을 예비 전력으로 가지고 있습니다. 한편 $ENEMY$군은 [SUB_A7]Y$THEIR_LEAD$[SUB_A7]W이(가) 지휘하는 [SUB_A7]Y$THEIR_NUM$[SUB_A7]W개 여단이 전투에 참가하고 있으며, [SUB_A7]Y$THEIR_RES$[SUB_A7]W개 여단을 예비 병력으로 가지고 있습니다.;;;;;;;;;;;;;
OL_LAND_COMBAT_DEFEND;방어에 나선 아군은 승리를 향해 [SUB_A7]Y$PROGRESS$[SUB_A7]W% 전진했습니다. 아군은 [SUB_A7]Y$OUR_LEAD$[SUB_A7]W이(가) 지휘하는 [SUB_A7]Y$OUR_NUM$[SUB_A7]W개 여단이 전투에 참가하고 있으며, [SUB_A7]Y$OUR_RES$[SUB_A7]W개 여단을 예비 전력으로 가지고 있습니다. 한편 $ENEMY$군은 [SUB_A7]Y$THEIR_LEAD$[SUB_A7]W이(가) 지휘하는 [SUB_A7]Y$THEIR_NUM$[SUB_A7]W개 여단이 전투에 참가하고 있으며, [SUB_A7]Y$THEIR_RES$[SUB_A7]W개 여단을 예비 병력으로 가지고 있습니다.;;;;;;;;;;;;;
OL_BOMB_ON_US;적군의 폭격;;;;;;;;;;;;;
OL_WE_BOMB;아군의 폭격;;;;;;;;;;;;;
OL_WING;비행단;;;;;;;;;;;;;
NO_LEADER_FOR_THIS_1;지휘관이 없습니다.;;;;;;;;;;;;;
NO_LEADER_FOR_THIS_2;단일 여단에는 장군을 배치할 수 없습니다.;;;;;;;;;;;;;
LEADER_COMMAND_INFO;[SUB_A7]Y$NAME$[SUB_A7]W의 지휘를 받습니다. (능력: [SUB_A7]Y$SKILL$[SUB_A7]W)\n;;;;;;;;;;;;;
DIPRELCH_DEPENDENCY;종속국-종주국 관계;;;;;;;;;;;;;
RELATION_CAPPED;단계적 개선에서는 관계를 바꿀 수 없습니다.;;;;;;;;;;;;;
GGCOINS_BAD_LOGIN;잘못된 유저명/비밀번호입니다.;;;;;;;;;;;;;
OV_CONT;반복적으로 상자를 선택하면 곧바로 임무가 시작됩니다. 임무는 플레이어가 중지할 때까지 계속됩니다.;;;;;;;;;;;;;
ALLOWDEBTDESC;전시에 무역에 대한 차관의 축적을 요청합니다.;;;;;;;;;;;;;
KPH;km/h;;;;;;;;;;;;;
ITEM_RESEARCH_START;연구 시작;;;;;;;;;;;;;
NONE;없음;;;;;;;;;;;;;
AI;인공지능;;;;;;;;;;;;;
accept;수락;;;;;;;;;;;;;
cancel;취소;;;;;;;;;;;;;
ANY_CORE_PROVINCE; 영유권 보유 지역 전체;;;;;;;;;;;;;
OL_COMBAT;전투;;;;;;;;;;;;;
OL_ARMIES;육군;;;;;;;;;;;;;
OL_NAVIES;해군;;;;;;;;;;;;;
OL_STATEBUILDING_CONSTRUCTION;공장 건설;;;;;;;;;;;;;
OL_PROVINCE_CONSTRUCTION;지역 건설;;;;;;;;;;;;;
OL_ARMY_CONSTRUCTION;육군 편제;;;;;;;;;;;;;
OL_NAVY_CONSTRUCITON;함대 편제;;;;;;;;;;;;;
REMOVE_OL_SIEGES;아군 점령;;;;;;;;;;;;;
REMOVE_OL_HOSTILE_SIEGES;적군 점령;;;;;;;;;;;;;
OL_COMBAT_TOOLTIP;[SUB_A7]Y$ARMY_NAME$[SUB_A7]W이(가) [SUB_A7]Y$LOCATION$[SUB_A7]W에서 [SUB_A7]Y$OPPOSING_ARMY$[SUB_A7]W과(와) 교전하고 있습니다.;;;;;;;;;;;;;
OL_NAVAL_COMBAT_TOOLTIP;$NAVY_NAME$[SUB_A7]W이(가) [SUB_A7]Y$LOCATION$[SUB_A7]W에서 [SUB_A7]Y$OPPOSING_NAVY$[SUB_A7]W과(와) 교전하고 있습니다.;;;;;;;;;;;;;
OL_ARMIES_TOOLTIP;[SUB_A7]Y$ARMY_NAME$[SUB_A7]W은(는) [SUB_A7]Y$LOCATION$[SUB_A7]W에 주둔하고 있습니다.;;;;;;;;;;;;;
OL_NAVIES_TOOLTIP;[SUB_A7]Y$NAVY_NAME$[SUB_A7]W은(는) [SUB_A7]Y$LOCATION$[SUB_A7]W에 주둔하고 있습니다.;;;;;;;;;;;;;
OL_STATEBUILDING_CONSTRUCTION_TOOLTIP;[SUB_A7]Y$LOCATION$[SUB_A7]W에서 [SUB_A7]Y$CONSTRUCTION$[SUB_A7]W을(를) 건설하고 있습니다.;;;;;;;;;;;;;
OL_PROVINCE_CONSTRUCTION_TOOLTIP;[SUB_A7]Y$LOCATION$[SUB_A7]W에 [SUB_A7]Y$CONSTRUCTION$[SUB_A7]W을(를) 건설하고 있습니다.;;;;;;;;;;;;;
OL_ARMY_CONSTRUCTION_TOOLTIP;[SUB_A7]Y$LOCATION$[SUB_A7]W에서 [SUB_A7]Y$CONSTRUCTION$[SUB_A7]W을(를) 편제하고 있습니다.;;;;;;;;;;;;;
OL_NAVY_CONSTRUCTION_TOOLTIP;[SUB_A7]Y$LOCATION$[SUB_A7]W에서 [SUB_A7]Y$CONSTRUCTION$[SUB_A7]W을(를) 편제하고 있습니다.;;;;;;;;;;;;;
OL_SIEGES_TOOLTIP;[SUB_A7]Y$PROVINCE$[SUB_A7]W(을)를 점령했습니다.;;;;;;;;;;;;;
OL_HOSTILE_SIEGES_TOOLTIP;[SUB_A7]Y$PROVINCE$[SUB_A7]W을(를) 적군에게 점령당했습니다!;;;;;;;;;;;;;
OL_VIEW_COMBAT;[SUB_A7]Y전투[SUB_A7]W의 표시를 전환합니다.;;;;;;;;;;;;;
OL_VIEW_NAVALCOMBAT;[SUB_A7]Y해전[SUB_A7]W의 표시를 전환합니다.;;;;;;;;;;;;;
OL_VIEW_ARMIES;[SUB_A7]Y육군[SUB_A7]W의 표시를 전환합니다.;;;;;;;;;;;;;
OL_VIEW_NAVIES;[SUB_A7]Y해군[SUB_A7]W의 표시를 전환합니다.;;;;;;;;;;;;;
OL_VIEW_FACTORIES;[SUB_A7]Y공장 건설[SUB_A7]W의 표시를 전환합니다.;;;;;;;;;;;;;
OL_VIEW_BUILDINGS;[SUB_A7]Y건물 건설[SUB_A7]W의 표시를 전환합니다.;;;;;;;;;;;;;
OL_VIEW_ARMY_CONSTRUCTION;[SUB_A7]Y육군 편제[SUB_A7]W의 표시를 전환합니다.;;;;;;;;;;;;;
OL_VIEW_NAVY_CONSTRUCTION;[SUB_A7]Y해군 편제[SUB_A7]W의 표시를 전환합니다.;;;;;;;;;;;;;
REMOVE_OL_VIEW_SIEGES;[SUB_A7]Y아군 점령[SUB_A7]W의 표시를 전환합니다.;;;;;;;;;;;;;
REMOVE_OL_VIEW_HOSTILE_SIEGES;[SUB_A7]Y적군 점령[SUB_A7]W의 표시를 전환합니다.;;;;;;;;;;;;;
